ISO-10303-21;
HEADER;
/* Generated by software containing ST-Developer
 * from STEP Tools, Inc. (www.steptools.com) 
 */

FILE_DESCRIPTION(
/* description */ (''),
/* implementation_level */ '2;1');

FILE_NAME(
/* name */ 'Truss Calibrator Dual.step',
/* time_stamp */ '2026-01-10T07:59:45+09:00',
/* author */ (''),
/* organization */ (''),
/* preprocessor_version */ 'ST-DEVELOPER v20.1',
/* originating_system */ 'Autodesk Translation Framework v14.21.0.0',
/* authorisation */ '');

FILE_SCHEMA (('AUTOMOTIVE_DESIGN { 1 0 10303 214 3 1 1 }'));
ENDSEC;

DATA;
#10=MECHANICAL_DESIGN_GEOMETRIC_PRESENTATION_REPRESENTATION('',(#13),#11278);
#11=SHAPE_REPRESENTATION_RELATIONSHIP('SRR','None',#11285,#12);
#12=ADVANCED_BREP_SHAPE_REPRESENTATION('',(#14),#11277);
#13=STYLED_ITEM('',(#11294),#14);
#14=MANIFOLD_SOLID_BREP('Truss Calibration Beam',#6044);
#15=FACE_BOUND('',#535,.T.);
#16=FACE_BOUND('',#536,.T.);
#17=FACE_BOUND('',#689,.T.);
#18=FACE_BOUND('',#690,.T.);
#19=FACE_BOUND('',#691,.T.);
#20=FACE_BOUND('',#692,.T.);
#21=FACE_BOUND('',#693,.T.);
#22=FACE_BOUND('',#694,.T.);
#23=FACE_BOUND('',#695,.T.);
#24=FACE_BOUND('',#696,.T.);
#25=FACE_BOUND('',#697,.T.);
#26=FACE_BOUND('',#698,.T.);
#27=FACE_BOUND('',#699,.T.);
#28=FACE_BOUND('',#700,.T.);
#29=FACE_BOUND('',#701,.T.);
#30=FACE_BOUND('',#702,.T.);
#31=FACE_BOUND('',#703,.T.);
#32=FACE_BOUND('',#704,.T.);
#33=FACE_BOUND('',#705,.T.);
#34=FACE_BOUND('',#706,.T.);
#35=FACE_BOUND('',#707,.T.);
#36=FACE_BOUND('',#708,.T.);
#37=FACE_BOUND('',#709,.T.);
#38=FACE_BOUND('',#710,.T.);
#39=FACE_BOUND('',#711,.T.);
#40=FACE_BOUND('',#712,.T.);
#41=FACE_BOUND('',#713,.T.);
#42=FACE_BOUND('',#714,.T.);
#43=FACE_BOUND('',#715,.T.);
#44=FACE_BOUND('',#716,.T.);
#45=FACE_BOUND('',#717,.T.);
#46=FACE_BOUND('',#718,.T.);
#47=FACE_BOUND('',#719,.T.);
#48=FACE_BOUND('',#720,.T.);
#49=FACE_BOUND('',#721,.T.);
#50=FACE_BOUND('',#722,.T.);
#51=FACE_BOUND('',#723,.T.);
#52=FACE_BOUND('',#724,.T.);
#53=FACE_BOUND('',#725,.T.);
#54=FACE_BOUND('',#726,.T.);
#55=FACE_BOUND('',#727,.T.);
#56=FACE_BOUND('',#728,.T.);
#57=FACE_BOUND('',#729,.T.);
#58=FACE_BOUND('',#730,.T.);
#59=FACE_BOUND('',#731,.T.);
#60=FACE_BOUND('',#732,.T.);
#61=FACE_BOUND('',#733,.T.);
#62=FACE_BOUND('',#734,.T.);
#63=FACE_BOUND('',#735,.T.);
#64=FACE_BOUND('',#736,.T.);
#65=FACE_BOUND('',#737,.T.);
#66=FACE_BOUND('',#738,.T.);
#67=FACE_BOUND('',#739,.T.);
#68=FACE_BOUND('',#740,.T.);
#69=FACE_BOUND('',#756,.T.);
#70=FACE_BOUND('',#757,.T.);
#71=B_SPLINE_CURVE_WITH_KNOTS('',3,(#7582,#7583,#7584,#7585),
 .UNSPECIFIED.,.F.,.F.,(4,4),(0.0203248557872772,0.612575862213493),
 .UNSPECIFIED.);
#72=B_SPLINE_CURVE_WITH_KNOTS('',3,(#7587,#7588,#7589,#7590,#7591,#7592,
#7593,#7594,#7595,#7596,#7597,#7598,#7599,#7600,#7601,#7602,#7603,#7604,
#7605,#7606,#7607,#7608,#7609,#7610,#7611,#7612,#7613,#7614,#7615,#7616,
#7617,#7618,#7619,#7620,#7621,#7622,#7623,#7624,#7625,#7626,#7627,#7628,
#7629,#7630,#7631,#7632),.UNSPECIFIED.,.F.,.F.,(4,3,3,3,3,3,3,3,3,3,3,3,
3,3,3,4),(0.,0.0086449623390508,0.017492349977806,0.0263288802330479,0.0289354828773807,
0.0368430486875938,0.041728346809566,0.050094438397863,0.0511797950934953,
0.0597285040487158,0.0682772130039362,0.0706573237279001,0.0790154007354291,
0.0826178545905018,0.0916603682698283,0.0948614698531814),.UNSPECIFIED.);
#73=B_SPLINE_CURVE_WITH_KNOTS('',3,(#7634,#7635,#7636,#7637),
 .UNSPECIFIED.,.F.,.F.,(4,4),(-0.640000000000001,-0.0400000000000002),
 .UNSPECIFIED.);
#74=B_SPLINE_CURVE_WITH_KNOTS('',3,(#7638,#7639,#7640,#7641,#7642,#7643,
#7644,#7645,#7646,#7647,#7648,#7649,#7650,#7651,#7652,#7653,#7654,#7655,
#7656,#7657,#7658,#7659,#7660,#7661,#7662,#7663,#7664,#7665,#7666,#7667,
#7668,#7669,#7670,#7671,#7672,#7673,#7674,#7675,#7676,#7677,#7678,#7679,
#7680,#7681,#7682,#7683,#7684,#7685,#7686),.UNSPECIFIED.,.F.,.F.,(4,3,3,
3,3,3,3,3,3,3,3,3,3,3,3,3,4),(0.,0.00751493885902523,0.0145154473815253,
0.0202732084243532,0.0224154840637906,0.0292350318033619,0.0359194326184916,
0.0369778693196504,0.0438474684373054,0.0442554490921598,0.050802784384176,
0.0534381971138901,0.0604820116595985,0.0659795886162837,0.0740892355947384,
0.0791135605167953,0.0795154944750443),.UNSPECIFIED.);
#75=B_SPLINE_CURVE_WITH_KNOTS('',3,(#7690,#7691,#7692,#7693),
 .UNSPECIFIED.,.F.,.F.,(4,4),(0.0474999999999998,0.0762436867076474),
 .UNSPECIFIED.);
#76=B_SPLINE_CURVE_WITH_KNOTS('',3,(#7761,#7762,#7763,#7764),
 .UNSPECIFIED.,.F.,.F.,(4,4),(-0.64,5.55111512312578E-17),.UNSPECIFIED.);
#77=B_SPLINE_CURVE_WITH_KNOTS('',3,(#7798,#7799,#7800,#7801),
 .UNSPECIFIED.,.F.,.F.,(4,4),(0.0203248557872772,0.612575862213493),
 .UNSPECIFIED.);
#78=B_SPLINE_CURVE_WITH_KNOTS('',3,(#7803,#7804,#7805,#7806,#7807,#7808,
#7809,#7810,#7811,#7812,#7813,#7814,#7815,#7816,#7817,#7818,#7819,#7820,
#7821,#7822,#7823,#7824,#7825,#7826,#7827,#7828,#7829,#7830,#7831,#7832,
#7833,#7834,#7835,#7836,#7837,#7838,#7839,#7840,#7841,#7842,#7843,#7844,
#7845,#7846,#7847,#7848),.UNSPECIFIED.,.F.,.F.,(4,3,3,3,3,3,3,3,3,3,3,3,
3,3,3,4),(0.,0.00864496233904993,0.0174923499778023,0.0263288802330459,
0.0289354828773807,0.0368430486875935,0.041728346809566,0.0500944383978631,
0.0511797950934953,0.0597285040487158,0.0682772130039362,0.0706573237279001,
0.0790154007354372,0.0826178545905018,0.0916603682698388,0.0948614698531814),
 .UNSPECIFIED.);
#79=B_SPLINE_CURVE_WITH_KNOTS('',3,(#7850,#7851,#7852,#7853),
 .UNSPECIFIED.,.F.,.F.,(4,4),(-0.640000000000001,-0.0400000000000002),
 .UNSPECIFIED.);
#80=B_SPLINE_CURVE_WITH_KNOTS('',3,(#7854,#7855,#7856,#7857,#7858,#7859,
#7860,#7861,#7862,#7863,#7864,#7865,#7866,#7867,#7868,#7869,#7870,#7871,
#7872,#7873,#7874,#7875,#7876,#7877,#7878,#7879,#7880,#7881,#7882,#7883,
#7884,#7885,#7886,#7887,#7888,#7889,#7890,#7891,#7892,#7893,#7894,#7895,
#7896,#7897,#7898,#7899,#7900,#7901,#7902),.UNSPECIFIED.,.F.,.F.,(4,3,3,
3,3,3,3,3,3,3,3,3,3,3,3,3,4),(0.,0.00751493885903264,0.0145154473815404,
0.0202732084243532,0.0224154840637906,0.0292350318033615,0.0359194326184908,
0.0369778693196504,0.0438474684373053,0.0442554490921598,0.050802784384176,
0.0534381971138901,0.060482011659598,0.0659795886162837,0.0740892355947382,
0.0791135605167953,0.0795154944750443),.UNSPECIFIED.);
#81=B_SPLINE_CURVE_WITH_KNOTS('',3,(#7906,#7907,#7908,#7909),
 .UNSPECIFIED.,.F.,.F.,(4,4),(0.0474999999999998,0.0762436867076474),
 .UNSPECIFIED.);
#82=B_SPLINE_CURVE_WITH_KNOTS('',3,(#7996,#7997,#7998,#7999,#8000,#8001,
#8002,#8003,#8004,#8005),.UNSPECIFIED.,.F.,.F.,(4,3,3,4),(0.,0.0327438500309479,
0.0545730833849132,0.0764023167388785),.UNSPECIFIED.);
#83=B_SPLINE_CURVE_WITH_KNOTS('',3,(#8009,#8010,#8011,#8012,#8013,#8014,
#8015,#8016,#8017,#8018),.UNSPECIFIED.,.F.,.F.,(4,3,3,4),(0.,0.0327438500309286,
0.054573083384881,0.0764023167388334),.UNSPECIFIED.);
#84=B_SPLINE_CURVE_WITH_KNOTS('',3,(#8022,#8023,#8024,#8025,#8026,#8027,
#8028,#8029,#8030,#8031),.UNSPECIFIED.,.F.,.F.,(4,3,3,4),(0.,0.0327438500309351,
0.0545730833848919,0.0764023167388486),.UNSPECIFIED.);
#85=B_SPLINE_CURVE_WITH_KNOTS('',3,(#8035,#8036,#8037,#8038,#8039,#8040,
#8041,#8042,#8043,#8044),.UNSPECIFIED.,.F.,.F.,(4,3,3,4),(0.,0.0327438500309199,
0.0545730833848664,0.076402316738813),.UNSPECIFIED.);
#86=B_SPLINE_CURVE_WITH_KNOTS('',3,(#8048,#8049,#8050,#8051,#8052,#8053,
#8054,#8055),.UNSPECIFIED.,.F.,.F.,(4,2,2,4),(0.,0.0633118849046815,0.0974430408058307,
0.126550485899922),.UNSPECIFIED.);
#87=B_SPLINE_CURVE_WITH_KNOTS('',3,(#8059,#8060,#8061,#8062,#8063,#8064,
#8065,#8066,#8067,#8068),.UNSPECIFIED.,.F.,.F.,(4,3,3,4),(0.,0.051700815838335,
0.086168026397225,0.120635236956115),.UNSPECIFIED.);
#88=B_SPLINE_CURVE_WITH_KNOTS('',3,(#8072,#8073,#8074,#8075,#8076,#8077,
#8078,#8079),.UNSPECIFIED.,.F.,.F.,(4,2,2,4),(0.0047272818230141,0.0802398736480292,
0.121055514814085,0.164859546985658),.UNSPECIFIED.);
#89=B_SPLINE_CURVE_WITH_KNOTS('',3,(#8083,#8084,#8085,#8086,#8087,#8088,
#8089,#8090,#8091,#8092),.UNSPECIFIED.,.F.,.F.,(4,3,3,4),(0.,0.0327438500309401,
0.0545730833849002,0.0764023167388603),.UNSPECIFIED.);
#90=B_SPLINE_CURVE_WITH_KNOTS('',3,(#8122,#8123,#8124,#8125,#8126,#8127,
#8128,#8129),.UNSPECIFIED.,.F.,.F.,(4,2,2,4),(-0.164859546985583,-0.12105551481404,
-0.0802398736480061,-0.00472728182300446),.UNSPECIFIED.);
#91=B_SPLINE_CURVE_WITH_KNOTS('',3,(#8133,#8134,#8135,#8136,#8137,#8138,
#8139,#8140,#8141,#8142),.UNSPECIFIED.,.F.,.F.,(4,3,3,4),(0.,0.0327438500309172,
0.0545730833848621,0.0764023167388069),.UNSPECIFIED.);
#92=B_SPLINE_CURVE_WITH_KNOTS('',3,(#8146,#8147,#8148,#8149,#8150,#8151,
#8152,#8153,#8154,#8155),.UNSPECIFIED.,.F.,.F.,(4,3,3,4),(0.,0.051700815838362,
0.08616802639727,0.120635236956178),.UNSPECIFIED.);
#93=B_SPLINE_CURVE_WITH_KNOTS('',3,(#8159,#8160,#8161,#8162,#8163,#8164,
#8165,#8166),.UNSPECIFIED.,.F.,.F.,(4,2,2,4),(-0.164859546985607,-0.121055514814049,
-0.0802398736480076,-0.00472728182300168),.UNSPECIFIED.);
#94=B_SPLINE_CURVE_WITH_KNOTS('',3,(#8170,#8171,#8172,#8173,#8174,#8175,
#8176,#8177,#8178,#8179),.UNSPECIFIED.,.F.,.F.,(4,3,3,4),(0.,0.0327438500309304,
0.0545730833848841,0.0764023167388377),.UNSPECIFIED.);
#95=B_SPLINE_CURVE_WITH_KNOTS('',3,(#8183,#8184,#8185,#8186,#8187,#8188,
#8189,#8190,#8191,#8192),.UNSPECIFIED.,.F.,.F.,(4,3,3,4),(0.,0.0327438500309228,
0.0545730833848713,0.0764023167388198),.UNSPECIFIED.);
#96=B_SPLINE_CURVE_WITH_KNOTS('',3,(#8198,#8199,#8200,#8201,#8202,#8203,
#8204,#8205,#8206,#8207),.UNSPECIFIED.,.F.,.F.,(4,3,3,4),(0.,0.0327438500309479,
0.0545730833849132,0.0764023167388785),.UNSPECIFIED.);
#97=B_SPLINE_CURVE_WITH_KNOTS('',3,(#8211,#8212,#8213,#8214,#8215,#8216,
#8217,#8218,#8219,#8220),.UNSPECIFIED.,.F.,.F.,(4,3,3,4),(0.,0.0327438500309286,
0.054573083384881,0.0764023167388334),.UNSPECIFIED.);
#98=B_SPLINE_CURVE_WITH_KNOTS('',3,(#8224,#8225,#8226,#8227,#8228,#8229,
#8230,#8231,#8232,#8233),.UNSPECIFIED.,.F.,.F.,(4,3,3,4),(0.,0.0327438500309351,
0.0545730833848919,0.0764023167388486),.UNSPECIFIED.);
#99=B_SPLINE_CURVE_WITH_KNOTS('',3,(#8237,#8238,#8239,#8240,#8241,#8242,
#8243,#8244,#8245,#8246),.UNSPECIFIED.,.F.,.F.,(4,3,3,4),(0.,0.0327438500309199,
0.0545730833848664,0.076402316738813),.UNSPECIFIED.);
#100=B_SPLINE_CURVE_WITH_KNOTS('',3,(#8250,#8251,#8252,#8253,#8254,#8255,
#8256,#8257),.UNSPECIFIED.,.F.,.F.,(4,2,2,4),(0.,0.0633118849046815,0.0974430408058307,
0.126550485899922),.UNSPECIFIED.);
#101=B_SPLINE_CURVE_WITH_KNOTS('',3,(#8261,#8262,#8263,#8264,#8265,#8266,
#8267,#8268,#8269,#8270),.UNSPECIFIED.,.F.,.F.,(4,3,3,4),(0.,0.051700815838335,
0.086168026397225,0.120635236956115),.UNSPECIFIED.);
#102=B_SPLINE_CURVE_WITH_KNOTS('',3,(#8274,#8275,#8276,#8277,#8278,#8279,
#8280,#8281),.UNSPECIFIED.,.F.,.F.,(4,2,2,4),(0.0047272818230141,0.0802398736480292,
0.121055514814085,0.164859546985658),.UNSPECIFIED.);
#103=B_SPLINE_CURVE_WITH_KNOTS('',3,(#8285,#8286,#8287,#8288,#8289,#8290,
#8291,#8292,#8293,#8294),.UNSPECIFIED.,.F.,.F.,(4,3,3,4),(0.,0.0327438500309401,
0.0545730833849002,0.0764023167388603),.UNSPECIFIED.);
#104=B_SPLINE_CURVE_WITH_KNOTS('',3,(#8449,#8450,#8451,#8452),
 .UNSPECIFIED.,.F.,.F.,(4,4),(-0.4,0.),.UNSPECIFIED.);
#105=B_SPLINE_CURVE_WITH_KNOTS('',3,(#8457,#8458,#8459,#8460),
 .UNSPECIFIED.,.F.,.F.,(4,4),(0.,0.4),.UNSPECIFIED.);
#106=B_SPLINE_CURVE_WITH_KNOTS('',3,(#8472,#8473,#8474,#8475),
 .UNSPECIFIED.,.F.,.F.,(4,4),(0.0203248557872771,0.4),.UNSPECIFIED.);
#107=B_SPLINE_CURVE_WITH_KNOTS('',3,(#8477,#8478,#8479,#8480),
 .UNSPECIFIED.,.F.,.F.,(4,4),(0.0475000000000006,0.0762436867076473),
 .UNSPECIFIED.);
#108=B_SPLINE_CURVE_WITH_KNOTS('',3,(#8606,#8607,#8608,#8609),
 .UNSPECIFIED.,.F.,.F.,(4,4),(-7.19645194750443E-17,0.24),.UNSPECIFIED.);
#109=B_SPLINE_CURVE_WITH_KNOTS('',3,(#8611,#8612,#8613,#8614),
 .UNSPECIFIED.,.F.,.F.,(4,4),(0.,0.4),.UNSPECIFIED.);
#110=B_SPLINE_CURVE_WITH_KNOTS('',3,(#8627,#8628,#8629,#8630),
 .UNSPECIFIED.,.F.,.F.,(4,4),(-0.64,5.55111512312578E-17),.UNSPECIFIED.);
#111=B_SPLINE_CURVE_WITH_KNOTS('',3,(#8691,#8692,#8693,#8694,#8695,#8696,
#8697,#8698,#8699,#8700),.UNSPECIFIED.,.F.,.F.,(4,3,3,4),(0.,0.0327438500309172,
0.0545730833848621,0.0764023167388069),.UNSPECIFIED.);
#112=B_SPLINE_CURVE_WITH_KNOTS('',3,(#8701,#8702,#8703,#8704),
 .UNSPECIFIED.,.F.,.F.,(4,4),(-0.24,2.88282125410867E-16),.UNSPECIFIED.);
#113=B_SPLINE_CURVE_WITH_KNOTS('',3,(#8705,#8706,#8707,#8708),
 .UNSPECIFIED.,.F.,.F.,(4,4),(-2.88282125410867E-16,0.24),.UNSPECIFIED.);
#114=B_SPLINE_CURVE_WITH_KNOTS('',3,(#8712,#8713,#8714,#8715),
 .UNSPECIFIED.,.F.,.F.,(4,4),(-1.70247797643209E-16,0.24),.UNSPECIFIED.);
#115=B_SPLINE_CURVE_WITH_KNOTS('',3,(#8720,#8721,#8722,#8723,#8724,#8725,
#8726,#8727,#8728,#8729),.UNSPECIFIED.,.F.,.F.,(4,3,3,4),(0.,0.0327438500309252,
0.0545730833848753,0.0764023167388254),.UNSPECIFIED.);
#116=B_SPLINE_CURVE_WITH_KNOTS('',3,(#8733,#8734,#8735,#8736,#8737,#8738,
#8739,#8740,#8741,#8742),.UNSPECIFIED.,.F.,.F.,(4,3,3,4),(0.,0.0327438500309304,
0.0545730833848841,0.0764023167388377),.UNSPECIFIED.);
#117=B_SPLINE_CURVE_WITH_KNOTS('',3,(#8746,#8747,#8748,#8749,#8750,#8751,
#8752,#8753),.UNSPECIFIED.,.F.,.F.,(4,2,2,4),(-0.164859546985607,-0.121055514814049,
-0.0802398736480076,-0.00472728182300168),.UNSPECIFIED.);
#118=B_SPLINE_CURVE_WITH_KNOTS('',3,(#8756,#8757,#8758,#8759,#8760,#8761,
#8762,#8763,#8764,#8765),.UNSPECIFIED.,.F.,.F.,(4,3,3,4),(0.,0.051700815838362,
0.08616802639727,0.120635236956178),.UNSPECIFIED.);
#119=B_SPLINE_CURVE_WITH_KNOTS('',3,(#8790,#8791,#8792,#8793),
 .UNSPECIFIED.,.F.,.F.,(4,4),(-0.24,1.90647565081369E-16),.UNSPECIFIED.);
#120=B_SPLINE_CURVE_WITH_KNOTS('',3,(#8794,#8795,#8796,#8797),
 .UNSPECIFIED.,.F.,.F.,(4,4),(-1.90647565081369E-16,0.24),.UNSPECIFIED.);
#121=B_SPLINE_CURVE_WITH_KNOTS('',3,(#8800,#8801,#8802,#8803),
 .UNSPECIFIED.,.F.,.F.,(4,4),(-5.55111512312578E-17,0.64),.UNSPECIFIED.);
#122=B_SPLINE_CURVE_WITH_KNOTS('',3,(#8806,#8807,#8808,#8809),
 .UNSPECIFIED.,.F.,.F.,(4,4),(-0.4,0.),.UNSPECIFIED.);
#123=B_SPLINE_CURVE_WITH_KNOTS('',3,(#8836,#8837,#8838,#8839,#8840,#8841,
#8842,#8843,#8844,#8845),.UNSPECIFIED.,.F.,.F.,(4,3,3,4),(0.,0.0327438500309199,
0.0545730833848664,0.076402316738813),.UNSPECIFIED.);
#124=B_SPLINE_CURVE_WITH_KNOTS('',3,(#8846,#8847,#8848,#8849),
 .UNSPECIFIED.,.F.,.F.,(4,4),(-0.24,8.87452344942174E-17),.UNSPECIFIED.);
#125=B_SPLINE_CURVE_WITH_KNOTS('',3,(#8850,#8851,#8852,#8853),
 .UNSPECIFIED.,.F.,.F.,(4,4),(-8.87452344942174E-17,0.24),.UNSPECIFIED.);
#126=B_SPLINE_CURVE_WITH_KNOTS('',3,(#8861,#8862,#8863,#8864,#8865,#8866,
#8867,#8868,#8869,#8870),.UNSPECIFIED.,.F.,.F.,(4,3,3,4),(0.,0.0327438500309351,
0.0545730833848919,0.0764023167388486),.UNSPECIFIED.);
#127=B_SPLINE_CURVE_WITH_KNOTS('',3,(#8878,#8879,#8880,#8881,#8882,#8883,
#8884,#8885,#8886,#8887),.UNSPECIFIED.,.F.,.F.,(4,3,3,4),(0.,0.051700815838335,
0.086168026397225,0.120635236956115),.UNSPECIFIED.);
#128=B_SPLINE_CURVE_WITH_KNOTS('',3,(#8892,#8893,#8894,#8895,#8896,#8897,
#8898,#8899,#8900,#8901),.UNSPECIFIED.,.F.,.F.,(4,3,3,4),(0.,0.0642181564366925,
0.0963272346550387,0.128436312873385),.UNSPECIFIED.);
#129=B_SPLINE_CURVE_WITH_KNOTS('',3,(#8927,#8928,#8929,#8930,#8931,#8932,
#8933,#8934,#8935,#8936),.UNSPECIFIED.,.F.,.F.,(4,3,3,4),(0.,0.0218292333539877,
0.0436584667079755,0.0764023167389571),.UNSPECIFIED.);
#130=B_SPLINE_CURVE_WITH_KNOTS('',3,(#8937,#8938,#8939,#8940),
 .UNSPECIFIED.,.F.,.F.,(4,4),(0.,0.4),.UNSPECIFIED.);
#131=B_SPLINE_CURVE_WITH_KNOTS('',3,(#8965,#8966,#8967,#8968),
 .UNSPECIFIED.,.F.,.F.,(4,4),(-0.24,7.19645194750443E-17),.UNSPECIFIED.);
#132=B_SPLINE_CURVE_WITH_KNOTS('',3,(#8994,#8995,#8996,#8997),
 .UNSPECIFIED.,.F.,.F.,(4,4),(-0.4,0.),.UNSPECIFIED.);
#133=B_SPLINE_CURVE_WITH_KNOTS('',3,(#8998,#8999,#9000,#9001,#9002,#9003,
#9004,#9005,#9006,#9007),.UNSPECIFIED.,.F.,.F.,(4,3,3,4),(0.,0.0218292333539705,
0.043658466707941,0.0764023167388967),.UNSPECIFIED.);
#134=B_SPLINE_CURVE_WITH_KNOTS('',3,(#9032,#9033,#9034,#9035,#9036,#9037,
#9038,#9039,#9040,#9041),.UNSPECIFIED.,.F.,.F.,(4,3,3,4),(0.,0.0218292333539874,
0.0436584667079748,0.0764023167389559),.UNSPECIFIED.);
#135=B_SPLINE_CURVE_WITH_KNOTS('',3,(#9066,#9067,#9068,#9069,#9070,#9071,
#9072,#9073,#9074,#9075),.UNSPECIFIED.,.F.,.F.,(4,3,3,4),(0.,0.0218292333539427,
0.0436584667078854,0.0764023167387994),.UNSPECIFIED.);
#136=B_SPLINE_CURVE_WITH_KNOTS('',3,(#9101,#9102,#9103,#9104),
 .UNSPECIFIED.,.F.,.F.,(4,4),(-0.0565685424949229,9.43689570931383E-16),
 .UNSPECIFIED.);
#137=B_SPLINE_CURVE_WITH_KNOTS('',3,(#9105,#9106,#9107,#9108,#9109,#9110,
#9111,#9112,#9113,#9114,#9115,#9116,#9117,#9118,#9119,#9120,#9121,#9122,
#9123,#9124,#9125,#9126,#9127,#9128,#9129,#9130,#9131,#9132,#9133,#9134,
#9135,#9136,#9137,#9138,#9139,#9140,#9141,#9142,#9143,#9144,#9145,#9146,
#9147,#9148,#9149,#9150),.UNSPECIFIED.,.F.,.F.,(4,3,3,3,3,3,3,3,3,3,3,3,
3,3,3,4),(0.,0.00843784611408629,0.0159354385541088,0.0168756922281726,
0.0229340350468488,0.0299406876563411,0.0327436653036087,0.0401723481885601,
0.0476010310735115,0.0509833235813241,0.0587470081004399,0.0668713325786969,
0.0707171627951086,0.0805517130208345,0.0908535766790434,0.0922865860246707),
 .UNSPECIFIED.);
#138=B_SPLINE_CURVE_WITH_KNOTS('',3,(#9176,#9177,#9178,#9179),
 .UNSPECIFIED.,.F.,.F.,(4,4),(-0.4,-0.0399999999999999),.UNSPECIFIED.);
#139=B_SPLINE_CURVE_WITH_KNOTS('',3,(#9180,#9181,#9182,#9183,#9184,#9185,
#9186,#9187,#9188,#9189,#9190,#9191,#9192,#9193,#9194,#9195,#9196,#9197,
#9198,#9199,#9200,#9201,#9202,#9203,#9204,#9205,#9206,#9207,#9208,#9209,
#9210,#9211,#9212,#9213,#9214,#9215,#9216,#9217,#9218,#9219,#9220,#9221,
#9222,#9223,#9224,#9225,#9226,#9227,#9228),.UNSPECIFIED.,.F.,.F.,(4,3,3,
3,3,3,3,3,3,3,3,3,3,3,3,3,4),(0.,0.00751490790765233,0.0145153622397329,
0.0202737810774253,0.0224154924147598,0.0292350268745761,0.035919414395084,
0.0369785584385427,0.0438481531760375,0.0442554523517446,0.0508027077772738,
0.0534361913639205,0.0604798670665194,0.0659786753983484,0.0740881492698553,
0.0791116691933677,0.0795154894022424),.UNSPECIFIED.);
#140=B_SPLINE_CURVE_WITH_KNOTS('',3,(#9254,#9255,#9256,#9257),
 .UNSPECIFIED.,.F.,.F.,(4,4),(-0.0565685424949236,1.29887708689696E-16),
 .UNSPECIFIED.);
#141=B_SPLINE_CURVE_WITH_KNOTS('',3,(#9258,#9259,#9260,#9261,#9262,#9263,
#9264,#9265,#9266,#9267,#9268,#9269,#9270,#9271,#9272,#9273,#9274,#9275,
#9276,#9277,#9278,#9279,#9280,#9281,#9282,#9283,#9284,#9285,#9286,#9287,
#9288,#9289,#9290,#9291,#9292,#9293,#9294,#9295,#9296,#9297,#9298,#9299,
#9300,#9301,#9302,#9303),.UNSPECIFIED.,.F.,.F.,(4,3,3,3,3,3,3,3,3,3,3,3,
3,3,3,4),(0.,0.00843792620237831,0.0159355154997203,0.0168758524047566,
0.022934033210527,0.0299406726650691,0.0327424900508737,0.040171751724711,
0.0476010133985484,0.0509792281806559,0.0587426536693057,0.0668667586549841,
0.0707169869302589,0.080551526134169,0.0908533797054487,0.0922865350852074),
 .UNSPECIFIED.);
#142=B_SPLINE_CURVE_WITH_KNOTS('',3,(#9313,#9314,#9315,#9316),
 .UNSPECIFIED.,.F.,.F.,(4,4),(0.44,0.48),.UNSPECIFIED.);
#143=B_SPLINE_CURVE_WITH_KNOTS('',3,(#9318,#9319,#9320,#9321,#9322,#9323),
 .UNSPECIFIED.,.F.,.F.,(4,2,4),(0.0799999999999999,0.28,0.44),
 .UNSPECIFIED.);
#144=B_SPLINE_CURVE_WITH_KNOTS('',3,(#9333,#9334,#9335,#9336),
 .UNSPECIFIED.,.F.,.F.,(4,4),(0.44,0.48),.UNSPECIFIED.);
#145=B_SPLINE_CURVE_WITH_KNOTS('',3,(#9338,#9339,#9340,#9341,#9342,#9343),
 .UNSPECIFIED.,.F.,.F.,(4,2,4),(0.0799999999999999,0.28,0.44),
 .UNSPECIFIED.);
#146=B_SPLINE_CURVE_WITH_KNOTS('',3,(#9573,#9574,#9575,#9576),
 .UNSPECIFIED.,.F.,.F.,(4,4),(-0.24,1.70247797643209E-16),.UNSPECIFIED.);
#147=B_SPLINE_CURVE_WITH_KNOTS('',3,(#9601,#9602,#9603,#9604),
 .UNSPECIFIED.,.F.,.F.,(4,4),(-0.24,6.52056767320195E-17),.UNSPECIFIED.);
#148=B_SPLINE_CURVE_WITH_KNOTS('',3,(#9605,#9606,#9607,#9608),
 .UNSPECIFIED.,.F.,.F.,(4,4),(-6.52056767320195E-17,0.24),.UNSPECIFIED.);
#149=B_SPLINE_CURVE_WITH_KNOTS('',3,(#9610,#9611,#9612,#9613,#9614,#9615),
 .UNSPECIFIED.,.F.,.F.,(4,2,4),(0.048,0.168,0.288),.UNSPECIFIED.);
#150=B_SPLINE_CURVE_WITH_KNOTS('',3,(#9646,#9647,#9648,#9649,#9650,#9651,
#9652,#9653),.UNSPECIFIED.,.F.,.F.,(4,2,2,4),(-0.12655048589998,-0.0974430408058521,
-0.0633118849046762,0.),.UNSPECIFIED.);
#151=B_SPLINE_CURVE_WITH_KNOTS('',3,(#9684,#9685,#9686,#9687,#9688,#9689,
#9690,#9691),.UNSPECIFIED.,.F.,.F.,(4,2,2,4),(0.,0.0633118849046795,0.0974430408058421,
0.126550485899942),.UNSPECIFIED.);
#152=B_SPLINE_CURVE_WITH_KNOTS('',3,(#9728,#9729,#9730,#9731,#9732,#9733),
 .UNSPECIFIED.,.F.,.F.,(4,2,4),(0.0479999999999998,0.168,0.288),
 .UNSPECIFIED.);
#153=B_SPLINE_CURVE_WITH_KNOTS('',3,(#9844,#9845,#9846,#9847),
 .UNSPECIFIED.,.F.,.F.,(4,4),(-0.4,0.),.UNSPECIFIED.);
#154=B_SPLINE_CURVE_WITH_KNOTS('',3,(#9852,#9853,#9854,#9855),
 .UNSPECIFIED.,.F.,.F.,(4,4),(0.,0.4),.UNSPECIFIED.);
#155=B_SPLINE_CURVE_WITH_KNOTS('',3,(#9915,#9916,#9917,#9918),
 .UNSPECIFIED.,.F.,.F.,(4,4),(0.0203248557872771,0.4),.UNSPECIFIED.);
#156=B_SPLINE_CURVE_WITH_KNOTS('',3,(#9920,#9921,#9922,#9923),
 .UNSPECIFIED.,.F.,.F.,(4,4),(0.0475000000000006,0.0762436867076473),
 .UNSPECIFIED.);
#157=B_SPLINE_CURVE_WITH_KNOTS('',3,(#9984,#9985,#9986,#9987),
 .UNSPECIFIED.,.F.,.F.,(4,4),(-7.19645194750443E-17,0.24),.UNSPECIFIED.);
#158=B_SPLINE_CURVE_WITH_KNOTS('',3,(#9989,#9990,#9991,#9992),
 .UNSPECIFIED.,.F.,.F.,(4,4),(0.,0.4),.UNSPECIFIED.);
#159=B_SPLINE_CURVE_WITH_KNOTS('',3,(#10061,#10062,#10063,#10064,#10065,
#10066,#10067,#10068,#10069,#10070),.UNSPECIFIED.,.F.,.F.,(4,3,3,4),(0.,
0.0218292333539705,0.043658466707941,0.0764023167388967),.UNSPECIFIED.);
#160=B_SPLINE_CURVE_WITH_KNOTS('',3,(#10073,#10074,#10075,#10076,#10077,
#10078,#10079,#10080,#10081,#10082),.UNSPECIFIED.,.F.,.F.,(4,3,3,4),(0.,
0.0218292333539877,0.0436584667079755,0.0764023167389571),.UNSPECIFIED.);
#161=B_SPLINE_CURVE_WITH_KNOTS('',3,(#10084,#10085,#10086,#10087,#10088,
#10089,#10090,#10091,#10092,#10093),.UNSPECIFIED.,.F.,.F.,(4,3,3,4),(0.,
0.0218292333539427,0.0436584667078854,0.0764023167387994),.UNSPECIFIED.);
#162=B_SPLINE_CURVE_WITH_KNOTS('',3,(#10096,#10097,#10098,#10099,#10100,
#10101,#10102,#10103,#10104,#10105),.UNSPECIFIED.,.F.,.F.,(4,3,3,4),(0.,
0.0218292333539874,0.0436584667079748,0.0764023167389559),.UNSPECIFIED.);
#163=B_SPLINE_CURVE_WITH_KNOTS('',3,(#10115,#10116,#10117,#10118,#10119,
#10120,#10121,#10122),.UNSPECIFIED.,.F.,.F.,(4,2,2,4),(-0.12655048589998,
-0.0974430408058521,-0.0633118849046762,0.),.UNSPECIFIED.);
#164=B_SPLINE_CURVE_WITH_KNOTS('',3,(#10129,#10130,#10131,#10132,#10133,
#10134,#10135,#10136,#10137,#10138,#10139,#10140,#10141,#10142,#10143,#10144,
#10145,#10146,#10147,#10148,#10149,#10150,#10151,#10152,#10153,#10154,#10155,
#10156,#10157,#10158,#10159,#10160,#10161,#10162,#10163,#10164,#10165,#10166,
#10167,#10168,#10169,#10170,#10171,#10172,#10173,#10174),.UNSPECIFIED.,
 .F.,.F.,(4,3,3,3,3,3,3,3,3,3,3,3,3,3,3,4),(0.,0.00843784611408629,0.0159354385541032,
0.0168756922281726,0.0229340350468488,0.0299406876563464,0.0327436653036087,
0.0401723481885601,0.0476010310735115,0.0509833235813241,0.0587470081004389,
0.0668713325786946,0.0707171627951086,0.0805517130208334,0.0908535766790501,
0.0922865860246707),.UNSPECIFIED.);
#165=B_SPLINE_CURVE_WITH_KNOTS('',3,(#10217,#10218,#10219,#10220,#10221,
#10222,#10223,#10224),.UNSPECIFIED.,.F.,.F.,(4,2,2,4),(0.,0.0633118849046795,
0.0974430408058421,0.126550485899942),.UNSPECIFIED.);
#166=B_SPLINE_CURVE_WITH_KNOTS('',3,(#10231,#10232,#10233,#10234,#10235,
#10236,#10237,#10238,#10239,#10240,#10241,#10242,#10243,#10244,#10245,#10246,
#10247,#10248,#10249,#10250,#10251,#10252,#10253,#10254,#10255,#10256,#10257,
#10258,#10259,#10260,#10261,#10262,#10263,#10264,#10265,#10266,#10267,#10268,
#10269,#10270,#10271,#10272,#10273,#10274,#10275,#10276),.UNSPECIFIED.,
 .F.,.F.,(4,3,3,3,3,3,3,3,3,3,3,3,3,3,3,4),(0.,0.00843792620237831,0.0159355154997196,
0.0168758524047566,0.022934033210527,0.029940672665069,0.0327424900508737,
0.040171751724711,0.0476010133985484,0.0509792281806559,0.0587426536693109,
0.0668667586549907,0.0707169869302589,0.0805515261341609,0.090853379705429,
0.0922865350852074),.UNSPECIFIED.);
#167=B_SPLINE_CURVE_WITH_KNOTS('',3,(#10349,#10350,#10351,#10352,#10353,
#10354,#10355,#10356,#10357,#10358),.UNSPECIFIED.,.F.,.F.,(4,3,3,4),(0.,
0.0327438500309172,0.0545730833848621,0.0764023167388069),.UNSPECIFIED.);
#168=B_SPLINE_CURVE_WITH_KNOTS('',3,(#10360,#10361,#10362,#10363),
 .UNSPECIFIED.,.F.,.F.,(4,4),(-0.24,2.88282125410867E-16),.UNSPECIFIED.);
#169=B_SPLINE_CURVE_WITH_KNOTS('',3,(#10365,#10366,#10367,#10368,#10369,
#10370,#10371,#10372,#10373,#10374),.UNSPECIFIED.,.F.,.F.,(4,3,3,4),(0.,
0.0327438500309172,0.0545730833848621,0.0764023167388069),.UNSPECIFIED.);
#170=B_SPLINE_CURVE_WITH_KNOTS('',3,(#10375,#10376,#10377,#10378),
 .UNSPECIFIED.,.F.,.F.,(4,4),(-2.88282125410867E-16,0.24),.UNSPECIFIED.);
#171=B_SPLINE_CURVE_WITH_KNOTS('',3,(#10383,#10384,#10385,#10386),
 .UNSPECIFIED.,.F.,.F.,(4,4),(-1.70247797643209E-16,0.24),.UNSPECIFIED.);
#172=B_SPLINE_CURVE_WITH_KNOTS('',3,(#10391,#10392,#10393,#10394,#10395,
#10396,#10397,#10398,#10399,#10400),.UNSPECIFIED.,.F.,.F.,(4,3,3,4),(0.,
0.0327438500309252,0.0545730833848753,0.0764023167388254),.UNSPECIFIED.);
#173=B_SPLINE_CURVE_WITH_KNOTS('',3,(#10404,#10405,#10406,#10407,#10408,
#10409,#10410,#10411,#10412,#10413),.UNSPECIFIED.,.F.,.F.,(4,3,3,4),(0.,
0.0327438500309304,0.0545730833848841,0.0764023167388377),.UNSPECIFIED.);
#174=B_SPLINE_CURVE_WITH_KNOTS('',3,(#10417,#10418,#10419,#10420,#10421,
#10422,#10423,#10424),.UNSPECIFIED.,.F.,.F.,(4,2,2,4),(-0.164859546985607,
-0.121055514814049,-0.0802398736480076,-0.00472728182300168),
 .UNSPECIFIED.);
#175=B_SPLINE_CURVE_WITH_KNOTS('',3,(#10427,#10428,#10429,#10430,#10431,
#10432,#10433,#10434,#10435,#10436),.UNSPECIFIED.,.F.,.F.,(4,3,3,4),(0.,
0.051700815838362,0.08616802639727,0.120635236956178),.UNSPECIFIED.);
#176=B_SPLINE_CURVE_WITH_KNOTS('',3,(#10462,#10463,#10464,#10465),
 .UNSPECIFIED.,.F.,.F.,(4,4),(-0.24,1.90647565081369E-16),.UNSPECIFIED.);
#177=B_SPLINE_CURVE_WITH_KNOTS('',3,(#10467,#10468,#10469,#10470,#10471,
#10472,#10473,#10474,#10475,#10476),.UNSPECIFIED.,.F.,.F.,(4,3,3,4),(0.,
0.0327438500309304,0.0545730833848841,0.0764023167388377),.UNSPECIFIED.);
#178=B_SPLINE_CURVE_WITH_KNOTS('',3,(#10477,#10478,#10479,#10480),
 .UNSPECIFIED.,.F.,.F.,(4,4),(-1.90647565081369E-16,0.24),.UNSPECIFIED.);
#179=B_SPLINE_CURVE_WITH_KNOTS('',3,(#10484,#10485,#10486,#10487),
 .UNSPECIFIED.,.F.,.F.,(4,4),(-5.55111512312578E-17,0.64),.UNSPECIFIED.);
#180=B_SPLINE_CURVE_WITH_KNOTS('',3,(#10488,#10489,#10490,#10491),
 .UNSPECIFIED.,.F.,.F.,(4,4),(-0.4,0.),.UNSPECIFIED.);
#181=B_SPLINE_CURVE_WITH_KNOTS('',3,(#10518,#10519,#10520,#10521,#10522,
#10523,#10524,#10525,#10526,#10527),.UNSPECIFIED.,.F.,.F.,(4,3,3,4),(0.,
0.0327438500309199,0.0545730833848664,0.076402316738813),.UNSPECIFIED.);
#182=B_SPLINE_CURVE_WITH_KNOTS('',3,(#10528,#10529,#10530,#10531),
 .UNSPECIFIED.,.F.,.F.,(4,4),(-0.24,8.87452344942174E-17),.UNSPECIFIED.);
#183=B_SPLINE_CURVE_WITH_KNOTS('',3,(#10532,#10533,#10534,#10535),
 .UNSPECIFIED.,.F.,.F.,(4,4),(-8.87452344942174E-17,0.24),.UNSPECIFIED.);
#184=B_SPLINE_CURVE_WITH_KNOTS('',3,(#10543,#10544,#10545,#10546,#10547,
#10548,#10549,#10550,#10551,#10552),.UNSPECIFIED.,.F.,.F.,(4,3,3,4),(0.,
0.0327438500309351,0.0545730833848919,0.0764023167388486),.UNSPECIFIED.);
#185=B_SPLINE_CURVE_WITH_KNOTS('',3,(#10560,#10561,#10562,#10563,#10564,
#10565,#10566,#10567,#10568,#10569),.UNSPECIFIED.,.F.,.F.,(4,3,3,4),(0.,
0.051700815838335,0.086168026397225,0.120635236956115),.UNSPECIFIED.);
#186=B_SPLINE_CURVE_WITH_KNOTS('',3,(#10574,#10575,#10576,#10577,#10578,
#10579,#10580,#10581,#10582,#10583),.UNSPECIFIED.,.F.,.F.,(4,3,3,4),(0.,
0.0642181564366925,0.0963272346550387,0.128436312873385),.UNSPECIFIED.);
#187=B_SPLINE_CURVE_WITH_KNOTS('',3,(#10608,#10609,#10610,#10611),
 .UNSPECIFIED.,.F.,.F.,(4,4),(0.,0.4),.UNSPECIFIED.);
#188=B_SPLINE_CURVE_WITH_KNOTS('',3,(#10619,#10620,#10621,#10622,#10623,
#10624,#10625,#10626),.UNSPECIFIED.,.F.,.F.,(4,2,2,4),(-0.164859546985583,
-0.12105551481404,-0.0802398736480061,-0.00472728182300446),
 .UNSPECIFIED.);
#189=B_SPLINE_CURVE_WITH_KNOTS('',3,(#10629,#10630,#10631,#10632,#10633,
#10634,#10635,#10636,#10637,#10638),.UNSPECIFIED.,.F.,.F.,(4,3,3,4),(0.,
0.051700815838362,0.08616802639727,0.120635236956178),.UNSPECIFIED.);
#190=B_SPLINE_CURVE_WITH_KNOTS('',3,(#10642,#10643,#10644,#10645,#10646,
#10647,#10648,#10649),.UNSPECIFIED.,.F.,.F.,(4,2,2,4),(-0.164859546985607,
-0.121055514814049,-0.0802398736480076,-0.00472728182300168),
 .UNSPECIFIED.);
#191=B_SPLINE_CURVE_WITH_KNOTS('',3,(#10651,#10652,#10653,#10654,#10655,
#10656,#10657,#10658,#10659,#10660),.UNSPECIFIED.,.F.,.F.,(4,3,3,4),(0.,
0.0327438500309228,0.0545730833848713,0.0764023167388198),.UNSPECIFIED.);
#192=B_SPLINE_CURVE_WITH_KNOTS('',3,(#10691,#10692,#10693,#10694),
 .UNSPECIFIED.,.F.,.F.,(4,4),(-0.24,7.19645194750443E-17),.UNSPECIFIED.);
#193=B_SPLINE_CURVE_WITH_KNOTS('',3,(#10719,#10720,#10721,#10722),
 .UNSPECIFIED.,.F.,.F.,(4,4),(-0.4,0.),.UNSPECIFIED.);
#194=B_SPLINE_CURVE_WITH_KNOTS('',3,(#10795,#10796,#10797,#10798),
 .UNSPECIFIED.,.F.,.F.,(4,4),(-0.0565685424949229,9.43689570931383E-16),
 .UNSPECIFIED.);
#195=B_SPLINE_CURVE_WITH_KNOTS('',3,(#10824,#10825,#10826,#10827),
 .UNSPECIFIED.,.F.,.F.,(4,4),(-0.4,-0.0399999999999999),.UNSPECIFIED.);
#196=B_SPLINE_CURVE_WITH_KNOTS('',3,(#10828,#10829,#10830,#10831,#10832,
#10833,#10834,#10835,#10836,#10837,#10838,#10839,#10840,#10841,#10842,#10843,
#10844,#10845,#10846,#10847,#10848,#10849,#10850,#10851,#10852,#10853,#10854,
#10855,#10856,#10857,#10858,#10859,#10860,#10861,#10862,#10863,#10864,#10865,
#10866,#10867,#10868,#10869,#10870,#10871,#10872,#10873,#10874,#10875,#10876),
 .UNSPECIFIED.,.F.,.F.,(4,3,3,3,3,3,3,3,3,3,3,3,3,3,3,3,4),(0.,0.00751490790764599,
0.0145153622397196,0.0202737810774253,0.0224154924147598,0.0292350268745742,
0.0359194143950803,0.0369785584385427,0.0438481531760338,0.0442554523517446,
0.0508027077772754,0.0534361913639205,0.0604798670665216,0.0659786753983484,
0.074088149269858,0.0791116691933677,0.0795154894022424),.UNSPECIFIED.);
#197=B_SPLINE_CURVE_WITH_KNOTS('',3,(#10901,#10902,#10903,#10904),
 .UNSPECIFIED.,.F.,.F.,(4,4),(-0.0565685424949236,1.29887708689696E-16),
 .UNSPECIFIED.);
#198=B_SPLINE_CURVE_WITH_KNOTS('',3,(#10911,#10912,#10913,#10914),
 .UNSPECIFIED.,.F.,.F.,(4,4),(0.44,0.48),.UNSPECIFIED.);
#199=B_SPLINE_CURVE_WITH_KNOTS('',3,(#10916,#10917,#10918,#10919,#10920,
#10921),.UNSPECIFIED.,.F.,.F.,(4,2,4),(0.0799999999999999,0.28,0.44),
 .UNSPECIFIED.);
#200=B_SPLINE_CURVE_WITH_KNOTS('',3,(#10927,#10928,#10929,#10930),
 .UNSPECIFIED.,.F.,.F.,(4,4),(0.44,0.48),.UNSPECIFIED.);
#201=B_SPLINE_CURVE_WITH_KNOTS('',3,(#10932,#10933,#10934,#10935,#10936,
#10937),.UNSPECIFIED.,.F.,.F.,(4,2,4),(0.0799999999999999,0.28,0.44),
 .UNSPECIFIED.);
#202=B_SPLINE_CURVE_WITH_KNOTS('',3,(#11077,#11078,#11079,#11080),
 .UNSPECIFIED.,.F.,.F.,(4,4),(-0.24,1.70247797643209E-16),.UNSPECIFIED.);
#203=B_SPLINE_CURVE_WITH_KNOTS('',3,(#11105,#11106,#11107,#11108),
 .UNSPECIFIED.,.F.,.F.,(4,4),(-0.24,6.52056767320195E-17),.UNSPECIFIED.);
#204=B_SPLINE_CURVE_WITH_KNOTS('',3,(#11109,#11110,#11111,#11112),
 .UNSPECIFIED.,.F.,.F.,(4,4),(-6.52056767320195E-17,0.24),.UNSPECIFIED.);
#205=B_SPLINE_CURVE_WITH_KNOTS('',3,(#11114,#11115,#11116,#11117,#11118,
#11119),.UNSPECIFIED.,.F.,.F.,(4,2,4),(0.048,0.168,0.288),.UNSPECIFIED.);
#206=B_SPLINE_CURVE_WITH_KNOTS('',3,(#11210,#11211,#11212,#11213,#11214,
#11215),.UNSPECIFIED.,.F.,.F.,(4,2,4),(0.0479999999999998,0.168,0.288),
 .UNSPECIFIED.);
#207=B_SPLINE_SURFACE_WITH_KNOTS('',3,3,((#7556,#7557,#7558,#7559),(#7560,
#7561,#7562,#7563),(#7564,#7565,#7566,#7567),(#7568,#7569,#7570,#7571),
(#7572,#7573,#7574,#7575),(#7576,#7577,#7578,#7579)),.UNSPECIFIED.,.F.,
 .F.,.F.,(4,1,1,4),(4,4),(0.,0.285714285714286,0.571428571428571,1.),(0.0203248557872772,
0.640000000000001),.UNSPECIFIED.);
#208=B_SPLINE_SURFACE_WITH_KNOTS('',3,3,((#7772,#7773,#7774,#7775),(#7776,
#7777,#7778,#7779),(#7780,#7781,#7782,#7783),(#7784,#7785,#7786,#7787),
(#7788,#7789,#7790,#7791),(#7792,#7793,#7794,#7795)),.UNSPECIFIED.,.F.,
 .F.,.F.,(4,1,1,4),(4,4),(0.,0.285714285714286,0.571428571428571,1.),(0.0203248557872772,
0.640000000000001),.UNSPECIFIED.);
#209=B_SPLINE_SURFACE_WITH_KNOTS('',3,3,((#8665,#8666,#8667,#8668),(#8669,
#8670,#8671,#8672),(#8673,#8674,#8675,#8676),(#8677,#8678,#8679,#8680),
(#8681,#8682,#8683,#8684),(#8685,#8686,#8687,#8688)),.UNSPECIFIED.,.F.,
 .F.,.F.,(4,1,1,4),(4,4),(0.,0.285714285714286,0.571428571428571,1.),(-2.88282125410867E-16,
0.24),.UNSPECIFIED.);
#210=B_SPLINE_SURFACE_WITH_KNOTS('',3,3,((#8766,#8767,#8768,#8769),(#8770,
#8771,#8772,#8773),(#8774,#8775,#8776,#8777),(#8778,#8779,#8780,#8781),
(#8782,#8783,#8784,#8785),(#8786,#8787,#8788,#8789)),.UNSPECIFIED.,.F.,
 .F.,.F.,(4,1,1,4),(4,4),(0.,0.285714285714286,0.571428571428571,1.),(-1.90647565081369E-16,
0.24),.UNSPECIFIED.);
#211=B_SPLINE_SURFACE_WITH_KNOTS('',3,3,((#8810,#8811,#8812,#8813),(#8814,
#8815,#8816,#8817),(#8818,#8819,#8820,#8821),(#8822,#8823,#8824,#8825),
(#8826,#8827,#8828,#8829),(#8830,#8831,#8832,#8833)),.UNSPECIFIED.,.F.,
 .F.,.F.,(4,1,1,4),(4,4),(0.,0.285714285714286,0.571428571428571,1.),(-8.87452344942174E-17,
0.24),.UNSPECIFIED.);
#212=B_SPLINE_SURFACE_WITH_KNOTS('',3,3,((#8902,#8903,#8904,#8905),(#8906,
#8907,#8908,#8909),(#8910,#8911,#8912,#8913),(#8914,#8915,#8916,#8917),
(#8918,#8919,#8920,#8921),(#8922,#8923,#8924,#8925)),.UNSPECIFIED.,.F.,
 .F.,.F.,(4,1,1,4),(4,4),(0.,0.285714285714286,0.571428571428571,1.),(0.,
0.4),.UNSPECIFIED.);
#213=B_SPLINE_SURFACE_WITH_KNOTS('',3,3,((#8941,#8942,#8943,#8944),(#8945,
#8946,#8947,#8948),(#8949,#8950,#8951,#8952),(#8953,#8954,#8955,#8956),
(#8957,#8958,#8959,#8960),(#8961,#8962,#8963,#8964)),.UNSPECIFIED.,.F.,
 .F.,.F.,(4,1,1,4),(4,4),(0.,0.285714285714286,0.571428571428571,1.),(-7.19645194750443E-17,
0.24),.UNSPECIFIED.);
#214=B_SPLINE_SURFACE_WITH_KNOTS('',3,3,((#8969,#8970,#8971,#8972),(#8973,
#8974,#8975,#8976),(#8977,#8978,#8979,#8980),(#8981,#8982,#8983,#8984),
(#8985,#8986,#8987,#8988),(#8989,#8990,#8991,#8992)),.UNSPECIFIED.,.F.,
 .F.,.F.,(4,1,1,4),(4,4),(0.,0.285714285714286,0.571428571428571,1.),(0.,
0.4),.UNSPECIFIED.);
#215=B_SPLINE_SURFACE_WITH_KNOTS('',3,3,((#9008,#9009,#9010,#9011),(#9012,
#9013,#9014,#9015),(#9016,#9017,#9018,#9019),(#9020,#9021,#9022,#9023),
(#9024,#9025,#9026,#9027),(#9028,#9029,#9030,#9031)),.UNSPECIFIED.,.F.,
 .F.,.F.,(4,1,1,4),(4,4),(0.,0.285714285714286,0.571428571428571,1.),(-5.55111512312578E-17,
0.64),.UNSPECIFIED.);
#216=B_SPLINE_SURFACE_WITH_KNOTS('',3,3,((#9042,#9043,#9044,#9045),(#9046,
#9047,#9048,#9049),(#9050,#9051,#9052,#9053),(#9054,#9055,#9056,#9057),
(#9058,#9059,#9060,#9061),(#9062,#9063,#9064,#9065)),.UNSPECIFIED.,.F.,
 .F.,.F.,(4,1,1,4),(4,4),(0.,0.285714285714286,0.571428571428571,1.),(0.,
0.4),.UNSPECIFIED.);
#217=B_SPLINE_SURFACE_WITH_KNOTS('',3,3,((#9076,#9077,#9078,#9079),(#9080,
#9081,#9082,#9083),(#9084,#9085,#9086,#9087),(#9088,#9089,#9090,#9091),
(#9092,#9093,#9094,#9095),(#9096,#9097,#9098,#9099)),.UNSPECIFIED.,.F.,
 .F.,.F.,(4,1,1,4),(4,4),(0.,0.285714285714286,0.571428571428571,1.),(-9.43689570931383E-16,
0.0762436867076474),.UNSPECIFIED.);
#218=B_SPLINE_SURFACE_WITH_KNOTS('',3,3,((#9151,#9152,#9153,#9154),(#9155,
#9156,#9157,#9158),(#9159,#9160,#9161,#9162),(#9163,#9164,#9165,#9166),
(#9167,#9168,#9169,#9170),(#9171,#9172,#9173,#9174)),.UNSPECIFIED.,.F.,
 .F.,.F.,(4,1,1,4),(4,4),(0.,0.285714285714286,0.571428571428571,1.),(0.0203248557872771,
0.4),.UNSPECIFIED.);
#219=B_SPLINE_SURFACE_WITH_KNOTS('',3,3,((#9229,#9230,#9231,#9232),(#9233,
#9234,#9235,#9236),(#9237,#9238,#9239,#9240),(#9241,#9242,#9243,#9244),
(#9245,#9246,#9247,#9248),(#9249,#9250,#9251,#9252)),.UNSPECIFIED.,.F.,
 .F.,.F.,(4,1,1,4),(4,4),(0.,0.285714285714286,0.571428571428571,1.),(-1.29887708689696E-16,
0.0762436867076473),.UNSPECIFIED.);
#220=B_SPLINE_SURFACE_WITH_KNOTS('',3,3,((#9549,#9550,#9551,#9552),(#9553,
#9554,#9555,#9556),(#9557,#9558,#9559,#9560),(#9561,#9562,#9563,#9564),
(#9565,#9566,#9567,#9568),(#9569,#9570,#9571,#9572)),.UNSPECIFIED.,.F.,
 .F.,.F.,(4,1,1,4),(4,4),(0.,0.285714285714286,0.571428571428571,1.),(-1.70247797643209E-16,
0.24),.UNSPECIFIED.);
#221=B_SPLINE_SURFACE_WITH_KNOTS('',3,3,((#9577,#9578,#9579,#9580),(#9581,
#9582,#9583,#9584),(#9585,#9586,#9587,#9588),(#9589,#9590,#9591,#9592),
(#9593,#9594,#9595,#9596),(#9597,#9598,#9599,#9600)),.UNSPECIFIED.,.F.,
 .F.,.F.,(4,1,1,4),(4,4),(0.,0.285714285714286,0.571428571428571,1.),(-6.52056767320195E-17,
0.24),.UNSPECIFIED.);
#222=B_SPLINE_SURFACE_WITH_KNOTS('',3,3,((#9616,#9617,#9618,#9619),(#9620,
#9621,#9622,#9623),(#9624,#9625,#9626,#9627),(#9628,#9629,#9630,#9631),
(#9632,#9633,#9634,#9635),(#9636,#9637,#9638,#9639),(#9640,#9641,#9642,
#9643)),.UNSPECIFIED.,.F.,.F.,.F.,(4,1,1,1,4),(4,4),(-0.0106075393999433,
0.,0.5,0.75,1.),(-0.2,0.2),.UNSPECIFIED.);
#223=B_SPLINE_SURFACE_WITH_KNOTS('',3,3,((#9654,#9655,#9656,#9657),(#9658,
#9659,#9660,#9661),(#9662,#9663,#9664,#9665),(#9666,#9667,#9668,#9669),
(#9670,#9671,#9672,#9673),(#9674,#9675,#9676,#9677),(#9678,#9679,#9680,
#9681)),.UNSPECIFIED.,.F.,.F.,.F.,(4,1,1,1,4),(4,4),(-0.010607539399969,
0.,0.5,0.75,1.),(-0.2,0.2),.UNSPECIFIED.);
#224=B_SPLINE_SURFACE_WITH_KNOTS('',3,3,((#9700,#9701,#9702,#9703),(#9704,
#9705,#9706,#9707),(#9708,#9709,#9710,#9711),(#9712,#9713,#9714,#9715),
(#9716,#9717,#9718,#9719),(#9720,#9721,#9722,#9723),(#9724,#9725,#9726,
#9727)),.UNSPECIFIED.,.F.,.F.,.F.,(4,1,1,1,4),(4,4),(-0.010607538041768,
0.,0.5,0.75,1.),(-5.55111512312578E-17,0.24),.UNSPECIFIED.);
#225=B_SPLINE_SURFACE_WITH_KNOTS('',3,3,((#9736,#9737,#9738,#9739),(#9740,
#9741,#9742,#9743),(#9744,#9745,#9746,#9747),(#9748,#9749,#9750,#9751),
(#9752,#9753,#9754,#9755),(#9756,#9757,#9758,#9759),(#9760,#9761,#9762,
#9763)),.UNSPECIFIED.,.F.,.F.,.F.,(4,1,1,1,4),(4,4),(0.,0.5,0.75,1.,1.01060753939994),
(-5.55111512312578E-17,0.24),.UNSPECIFIED.);
#226=B_SPLINE_SURFACE_WITH_KNOTS('',3,3,((#10323,#10324,#10325,#10326),
(#10327,#10328,#10329,#10330),(#10331,#10332,#10333,#10334),(#10335,#10336,
#10337,#10338),(#10339,#10340,#10341,#10342),(#10343,#10344,#10345,#10346)),
 .UNSPECIFIED.,.F.,.F.,.F.,(4,1,1,4),(4,4),(0.,0.285714285714286,0.571428571428571,
1.),(-2.88282125410867E-16,0.24),.UNSPECIFIED.);
#227=B_SPLINE_SURFACE_WITH_KNOTS('',3,3,((#10437,#10438,#10439,#10440),
(#10441,#10442,#10443,#10444),(#10445,#10446,#10447,#10448),(#10449,#10450,
#10451,#10452),(#10453,#10454,#10455,#10456),(#10457,#10458,#10459,#10460)),
 .UNSPECIFIED.,.F.,.F.,.F.,(4,1,1,4),(4,4),(0.,0.285714285714286,0.571428571428571,
1.),(-1.90647565081369E-16,0.24),.UNSPECIFIED.);
#228=B_SPLINE_SURFACE_WITH_KNOTS('',3,3,((#10492,#10493,#10494,#10495),
(#10496,#10497,#10498,#10499),(#10500,#10501,#10502,#10503),(#10504,#10505,
#10506,#10507),(#10508,#10509,#10510,#10511),(#10512,#10513,#10514,#10515)),
 .UNSPECIFIED.,.F.,.F.,.F.,(4,1,1,4),(4,4),(0.,0.285714285714286,0.571428571428571,
1.),(-8.87452344942174E-17,0.24),.UNSPECIFIED.);
#229=B_SPLINE_SURFACE_WITH_KNOTS('',3,3,((#10584,#10585,#10586,#10587),
(#10588,#10589,#10590,#10591),(#10592,#10593,#10594,#10595),(#10596,#10597,
#10598,#10599),(#10600,#10601,#10602,#10603),(#10604,#10605,#10606,#10607)),
 .UNSPECIFIED.,.F.,.F.,.F.,(4,1,1,4),(4,4),(0.,0.285714285714286,0.571428571428571,
1.),(0.,0.4),.UNSPECIFIED.);
#230=B_SPLINE_SURFACE_WITH_KNOTS('',3,3,((#10667,#10668,#10669,#10670),
(#10671,#10672,#10673,#10674),(#10675,#10676,#10677,#10678),(#10679,#10680,
#10681,#10682),(#10683,#10684,#10685,#10686),(#10687,#10688,#10689,#10690)),
 .UNSPECIFIED.,.F.,.F.,.F.,(4,1,1,4),(4,4),(0.,0.285714285714286,0.571428571428571,
1.),(-7.19645194750443E-17,0.24),.UNSPECIFIED.);
#231=B_SPLINE_SURFACE_WITH_KNOTS('',3,3,((#10695,#10696,#10697,#10698),
(#10699,#10700,#10701,#10702),(#10703,#10704,#10705,#10706),(#10707,#10708,
#10709,#10710),(#10711,#10712,#10713,#10714),(#10715,#10716,#10717,#10718)),
 .UNSPECIFIED.,.F.,.F.,.F.,(4,1,1,4),(4,4),(0.,0.285714285714286,0.571428571428571,
1.),(0.,0.4),.UNSPECIFIED.);
#232=B_SPLINE_SURFACE_WITH_KNOTS('',3,3,((#10723,#10724,#10725,#10726),
(#10727,#10728,#10729,#10730),(#10731,#10732,#10733,#10734),(#10735,#10736,
#10737,#10738),(#10739,#10740,#10741,#10742),(#10743,#10744,#10745,#10746)),
 .UNSPECIFIED.,.F.,.F.,.F.,(4,1,1,4),(4,4),(0.,0.285714285714286,0.571428571428571,
1.),(-5.55111512312578E-17,0.64),.UNSPECIFIED.);
#233=B_SPLINE_SURFACE_WITH_KNOTS('',3,3,((#10747,#10748,#10749,#10750),
(#10751,#10752,#10753,#10754),(#10755,#10756,#10757,#10758),(#10759,#10760,
#10761,#10762),(#10763,#10764,#10765,#10766),(#10767,#10768,#10769,#10770)),
 .UNSPECIFIED.,.F.,.F.,.F.,(4,1,1,4),(4,4),(0.,0.285714285714286,0.571428571428571,
1.),(0.,0.4),.UNSPECIFIED.);
#234=B_SPLINE_SURFACE_WITH_KNOTS('',3,3,((#10771,#10772,#10773,#10774),
(#10775,#10776,#10777,#10778),(#10779,#10780,#10781,#10782),(#10783,#10784,
#10785,#10786),(#10787,#10788,#10789,#10790),(#10791,#10792,#10793,#10794)),
 .UNSPECIFIED.,.F.,.F.,.F.,(4,1,1,4),(4,4),(0.,0.285714285714286,0.571428571428571,
1.),(-9.43689570931383E-16,0.0762436867076474),.UNSPECIFIED.);
#235=B_SPLINE_SURFACE_WITH_KNOTS('',3,3,((#10799,#10800,#10801,#10802),
(#10803,#10804,#10805,#10806),(#10807,#10808,#10809,#10810),(#10811,#10812,
#10813,#10814),(#10815,#10816,#10817,#10818),(#10819,#10820,#10821,#10822)),
 .UNSPECIFIED.,.F.,.F.,.F.,(4,1,1,4),(4,4),(0.,0.285714285714286,0.571428571428571,
1.),(0.0203248557872771,0.4),.UNSPECIFIED.);
#236=B_SPLINE_SURFACE_WITH_KNOTS('',3,3,((#10877,#10878,#10879,#10880),
(#10881,#10882,#10883,#10884),(#10885,#10886,#10887,#10888),(#10889,#10890,
#10891,#10892),(#10893,#10894,#10895,#10896),(#10897,#10898,#10899,#10900)),
 .UNSPECIFIED.,.F.,.F.,.F.,(4,1,1,4),(4,4),(0.,0.285714285714286,0.571428571428571,
1.),(-1.29887708689696E-16,0.0762436867076473),.UNSPECIFIED.);
#237=B_SPLINE_SURFACE_WITH_KNOTS('',3,3,((#11053,#11054,#11055,#11056),
(#11057,#11058,#11059,#11060),(#11061,#11062,#11063,#11064),(#11065,#11066,
#11067,#11068),(#11069,#11070,#11071,#11072),(#11073,#11074,#11075,#11076)),
 .UNSPECIFIED.,.F.,.F.,.F.,(4,1,1,4),(4,4),(0.,0.285714285714286,0.571428571428571,
1.),(-1.70247797643209E-16,0.24),.UNSPECIFIED.);
#238=B_SPLINE_SURFACE_WITH_KNOTS('',3,3,((#11081,#11082,#11083,#11084),
(#11085,#11086,#11087,#11088),(#11089,#11090,#11091,#11092),(#11093,#11094,
#11095,#11096),(#11097,#11098,#11099,#11100),(#11101,#11102,#11103,#11104)),
 .UNSPECIFIED.,.F.,.F.,.F.,(4,1,1,4),(4,4),(0.,0.285714285714286,0.571428571428571,
1.),(-6.52056767320195E-17,0.24),.UNSPECIFIED.);
#239=B_SPLINE_SURFACE_WITH_KNOTS('',3,3,((#11120,#11121,#11122,#11123),
(#11124,#11125,#11126,#11127),(#11128,#11129,#11130,#11131),(#11132,#11133,
#11134,#11135),(#11136,#11137,#11138,#11139),(#11140,#11141,#11142,#11143),
(#11144,#11145,#11146,#11147)),.UNSPECIFIED.,.F.,.F.,.F.,(4,1,1,1,4),(4,
4),(-0.0106075393999433,0.,0.5,0.75,1.),(-0.2,0.2),.UNSPECIFIED.);
#240=B_SPLINE_SURFACE_WITH_KNOTS('',3,3,((#11149,#11150,#11151,#11152),
(#11153,#11154,#11155,#11156),(#11157,#11158,#11159,#11160),(#11161,#11162,
#11163,#11164),(#11165,#11166,#11167,#11168),(#11169,#11170,#11171,#11172),
(#11173,#11174,#11175,#11176)),.UNSPECIFIED.,.F.,.F.,.F.,(4,1,1,1,4),(4,
4),(-0.010607539399969,0.,0.5,0.75,1.),(-0.2,0.2),.UNSPECIFIED.);
#241=B_SPLINE_SURFACE_WITH_KNOTS('',3,3,((#11182,#11183,#11184,#11185),
(#11186,#11187,#11188,#11189),(#11190,#11191,#11192,#11193),(#11194,#11195,
#11196,#11197),(#11198,#11199,#11200,#11201),(#11202,#11203,#11204,#11205),
(#11206,#11207,#11208,#11209)),.UNSPECIFIED.,.F.,.F.,.F.,(4,1,1,1,4),(4,
4),(-0.010607538041768,0.,0.5,0.75,1.),(-5.55111512312578E-17,0.24),
 .UNSPECIFIED.);
#242=B_SPLINE_SURFACE_WITH_KNOTS('',3,3,((#11218,#11219,#11220,#11221),
(#11222,#11223,#11224,#11225),(#11226,#11227,#11228,#11229),(#11230,#11231,
#11232,#11233),(#11234,#11235,#11236,#11237),(#11238,#11239,#11240,#11241),
(#11242,#11243,#11244,#11245)),.UNSPECIFIED.,.F.,.F.,.F.,(4,1,1,1,4),(4,
4),(0.,0.5,0.75,1.,1.01060753939994),(-5.55111512312578E-17,0.24),
 .UNSPECIFIED.);
#243=FACE_OUTER_BOUND('',#522,.T.);
#244=FACE_OUTER_BOUND('',#523,.T.);
#245=FACE_OUTER_BOUND('',#524,.T.);
#246=FACE_OUTER_BOUND('',#525,.T.);
#247=FACE_OUTER_BOUND('',#526,.T.);
#248=FACE_OUTER_BOUND('',#527,.T.);
#249=FACE_OUTER_BOUND('',#528,.T.);
#250=FACE_OUTER_BOUND('',#529,.T.);
#251=FACE_OUTER_BOUND('',#530,.T.);
#252=FACE_OUTER_BOUND('',#531,.T.);
#253=FACE_OUTER_BOUND('',#532,.T.);
#254=FACE_OUTER_BOUND('',#533,.T.);
#255=FACE_OUTER_BOUND('',#534,.T.);
#256=FACE_OUTER_BOUND('',#537,.T.);
#257=FACE_OUTER_BOUND('',#538,.T.);
#258=FACE_OUTER_BOUND('',#539,.T.);
#259=FACE_OUTER_BOUND('',#540,.T.);
#260=FACE_OUTER_BOUND('',#541,.T.);
#261=FACE_OUTER_BOUND('',#542,.T.);
#262=FACE_OUTER_BOUND('',#543,.T.);
#263=FACE_OUTER_BOUND('',#544,.T.);
#264=FACE_OUTER_BOUND('',#545,.T.);
#265=FACE_OUTER_BOUND('',#546,.T.);
#266=FACE_OUTER_BOUND('',#547,.T.);
#267=FACE_OUTER_BOUND('',#548,.T.);
#268=FACE_OUTER_BOUND('',#549,.T.);
#269=FACE_OUTER_BOUND('',#550,.T.);
#270=FACE_OUTER_BOUND('',#551,.T.);
#271=FACE_OUTER_BOUND('',#552,.T.);
#272=FACE_OUTER_BOUND('',#553,.T.);
#273=FACE_OUTER_BOUND('',#554,.T.);
#274=FACE_OUTER_BOUND('',#555,.T.);
#275=FACE_OUTER_BOUND('',#556,.T.);
#276=FACE_OUTER_BOUND('',#557,.T.);
#277=FACE_OUTER_BOUND('',#558,.T.);
#278=FACE_OUTER_BOUND('',#559,.T.);
#279=FACE_OUTER_BOUND('',#560,.T.);
#280=FACE_OUTER_BOUND('',#561,.T.);
#281=FACE_OUTER_BOUND('',#562,.T.);
#282=FACE_OUTER_BOUND('',#563,.T.);
#283=FACE_OUTER_BOUND('',#564,.T.);
#284=FACE_OUTER_BOUND('',#565,.T.);
#285=FACE_OUTER_BOUND('',#566,.T.);
#286=FACE_OUTER_BOUND('',#567,.T.);
#287=FACE_OUTER_BOUND('',#568,.T.);
#288=FACE_OUTER_BOUND('',#569,.T.);
#289=FACE_OUTER_BOUND('',#570,.T.);
#290=FACE_OUTER_BOUND('',#571,.T.);
#291=FACE_OUTER_BOUND('',#572,.T.);
#292=FACE_OUTER_BOUND('',#573,.T.);
#293=FACE_OUTER_BOUND('',#574,.T.);
#294=FACE_OUTER_BOUND('',#575,.T.);
#295=FACE_OUTER_BOUND('',#576,.T.);
#296=FACE_OUTER_BOUND('',#577,.T.);
#297=FACE_OUTER_BOUND('',#578,.T.);
#298=FACE_OUTER_BOUND('',#579,.T.);
#299=FACE_OUTER_BOUND('',#580,.T.);
#300=FACE_OUTER_BOUND('',#581,.T.);
#301=FACE_OUTER_BOUND('',#582,.T.);
#302=FACE_OUTER_BOUND('',#583,.T.);
#303=FACE_OUTER_BOUND('',#584,.T.);
#304=FACE_OUTER_BOUND('',#585,.T.);
#305=FACE_OUTER_BOUND('',#586,.T.);
#306=FACE_OUTER_BOUND('',#587,.T.);
#307=FACE_OUTER_BOUND('',#588,.T.);
#308=FACE_OUTER_BOUND('',#589,.T.);
#309=FACE_OUTER_BOUND('',#590,.T.);
#310=FACE_OUTER_BOUND('',#591,.T.);
#311=FACE_OUTER_BOUND('',#592,.T.);
#312=FACE_OUTER_BOUND('',#593,.T.);
#313=FACE_OUTER_BOUND('',#594,.T.);
#314=FACE_OUTER_BOUND('',#595,.T.);
#315=FACE_OUTER_BOUND('',#596,.T.);
#316=FACE_OUTER_BOUND('',#597,.T.);
#317=FACE_OUTER_BOUND('',#598,.T.);
#318=FACE_OUTER_BOUND('',#599,.T.);
#319=FACE_OUTER_BOUND('',#600,.T.);
#320=FACE_OUTER_BOUND('',#601,.T.);
#321=FACE_OUTER_BOUND('',#602,.T.);
#322=FACE_OUTER_BOUND('',#603,.T.);
#323=FACE_OUTER_BOUND('',#604,.T.);
#324=FACE_OUTER_BOUND('',#605,.T.);
#325=FACE_OUTER_BOUND('',#606,.T.);
#326=FACE_OUTER_BOUND('',#607,.T.);
#327=FACE_OUTER_BOUND('',#608,.T.);
#328=FACE_OUTER_BOUND('',#609,.T.);
#329=FACE_OUTER_BOUND('',#610,.T.);
#330=FACE_OUTER_BOUND('',#611,.T.);
#331=FACE_OUTER_BOUND('',#612,.T.);
#332=FACE_OUTER_BOUND('',#613,.T.);
#333=FACE_OUTER_BOUND('',#614,.T.);
#334=FACE_OUTER_BOUND('',#615,.T.);
#335=FACE_OUTER_BOUND('',#616,.T.);
#336=FACE_OUTER_BOUND('',#617,.T.);
#337=FACE_OUTER_BOUND('',#618,.T.);
#338=FACE_OUTER_BOUND('',#619,.T.);
#339=FACE_OUTER_BOUND('',#620,.T.);
#340=FACE_OUTER_BOUND('',#621,.T.);
#341=FACE_OUTER_BOUND('',#622,.T.);
#342=FACE_OUTER_BOUND('',#623,.T.);
#343=FACE_OUTER_BOUND('',#624,.T.);
#344=FACE_OUTER_BOUND('',#625,.T.);
#345=FACE_OUTER_BOUND('',#626,.T.);
#346=FACE_OUTER_BOUND('',#627,.T.);
#347=FACE_OUTER_BOUND('',#628,.T.);
#348=FACE_OUTER_BOUND('',#629,.T.);
#349=FACE_OUTER_BOUND('',#630,.T.);
#350=FACE_OUTER_BOUND('',#631,.T.);
#351=FACE_OUTER_BOUND('',#632,.T.);
#352=FACE_OUTER_BOUND('',#633,.T.);
#353=FACE_OUTER_BOUND('',#634,.T.);
#354=FACE_OUTER_BOUND('',#635,.T.);
#355=FACE_OUTER_BOUND('',#636,.T.);
#356=FACE_OUTER_BOUND('',#637,.T.);
#357=FACE_OUTER_BOUND('',#638,.T.);
#358=FACE_OUTER_BOUND('',#639,.T.);
#359=FACE_OUTER_BOUND('',#640,.T.);
#360=FACE_OUTER_BOUND('',#641,.T.);
#361=FACE_OUTER_BOUND('',#642,.T.);
#362=FACE_OUTER_BOUND('',#643,.T.);
#363=FACE_OUTER_BOUND('',#644,.T.);
#364=FACE_OUTER_BOUND('',#645,.T.);
#365=FACE_OUTER_BOUND('',#646,.T.);
#366=FACE_OUTER_BOUND('',#647,.T.);
#367=FACE_OUTER_BOUND('',#648,.T.);
#368=FACE_OUTER_BOUND('',#649,.T.);
#369=FACE_OUTER_BOUND('',#650,.T.);
#370=FACE_OUTER_BOUND('',#651,.T.);
#371=FACE_OUTER_BOUND('',#652,.T.);
#372=FACE_OUTER_BOUND('',#653,.T.);
#373=FACE_OUTER_BOUND('',#654,.T.);
#374=FACE_OUTER_BOUND('',#655,.T.);
#375=FACE_OUTER_BOUND('',#656,.T.);
#376=FACE_OUTER_BOUND('',#657,.T.);
#377=FACE_OUTER_BOUND('',#658,.T.);
#378=FACE_OUTER_BOUND('',#659,.T.);
#379=FACE_OUTER_BOUND('',#660,.T.);
#380=FACE_OUTER_BOUND('',#661,.T.);
#381=FACE_OUTER_BOUND('',#662,.T.);
#382=FACE_OUTER_BOUND('',#663,.T.);
#383=FACE_OUTER_BOUND('',#664,.T.);
#384=FACE_OUTER_BOUND('',#665,.T.);
#385=FACE_OUTER_BOUND('',#666,.T.);
#386=FACE_OUTER_BOUND('',#667,.T.);
#387=FACE_OUTER_BOUND('',#668,.T.);
#388=FACE_OUTER_BOUND('',#669,.T.);
#389=FACE_OUTER_BOUND('',#670,.T.);
#390=FACE_OUTER_BOUND('',#671,.T.);
#391=FACE_OUTER_BOUND('',#672,.T.);
#392=FACE_OUTER_BOUND('',#673,.T.);
#393=FACE_OUTER_BOUND('',#674,.T.);
#394=FACE_OUTER_BOUND('',#675,.T.);
#395=FACE_OUTER_BOUND('',#676,.T.);
#396=FACE_OUTER_BOUND('',#677,.T.);
#397=FACE_OUTER_BOUND('',#678,.T.);
#398=FACE_OUTER_BOUND('',#679,.T.);
#399=FACE_OUTER_BOUND('',#680,.T.);
#400=FACE_OUTER_BOUND('',#681,.T.);
#401=FACE_OUTER_BOUND('',#682,.T.);
#402=FACE_OUTER_BOUND('',#683,.T.);
#403=FACE_OUTER_BOUND('',#684,.T.);
#404=FACE_OUTER_BOUND('',#685,.T.);
#405=FACE_OUTER_BOUND('',#686,.T.);
#406=FACE_OUTER_BOUND('',#687,.T.);
#407=FACE_OUTER_BOUND('',#688,.T.);
#408=FACE_OUTER_BOUND('',#741,.T.);
#409=FACE_OUTER_BOUND('',#742,.T.);
#410=FACE_OUTER_BOUND('',#743,.T.);
#411=FACE_OUTER_BOUND('',#744,.T.);
#412=FACE_OUTER_BOUND('',#745,.T.);
#413=FACE_OUTER_BOUND('',#746,.T.);
#414=FACE_OUTER_BOUND('',#747,.T.);
#415=FACE_OUTER_BOUND('',#748,.T.);
#416=FACE_OUTER_BOUND('',#749,.T.);
#417=FACE_OUTER_BOUND('',#750,.T.);
#418=FACE_OUTER_BOUND('',#751,.T.);
#419=FACE_OUTER_BOUND('',#752,.T.);
#420=FACE_OUTER_BOUND('',#753,.T.);
#421=FACE_OUTER_BOUND('',#754,.T.);
#422=FACE_OUTER_BOUND('',#755,.T.);
#423=FACE_OUTER_BOUND('',#758,.T.);
#424=FACE_OUTER_BOUND('',#759,.T.);
#425=FACE_OUTER_BOUND('',#760,.T.);
#426=FACE_OUTER_BOUND('',#761,.T.);
#427=FACE_OUTER_BOUND('',#762,.T.);
#428=FACE_OUTER_BOUND('',#763,.T.);
#429=FACE_OUTER_BOUND('',#764,.T.);
#430=FACE_OUTER_BOUND('',#765,.T.);
#431=FACE_OUTER_BOUND('',#766,.T.);
#432=FACE_OUTER_BOUND('',#767,.T.);
#433=FACE_OUTER_BOUND('',#768,.T.);
#434=FACE_OUTER_BOUND('',#769,.T.);
#435=FACE_OUTER_BOUND('',#770,.T.);
#436=FACE_OUTER_BOUND('',#771,.T.);
#437=FACE_OUTER_BOUND('',#772,.T.);
#438=FACE_OUTER_BOUND('',#773,.T.);
#439=FACE_OUTER_BOUND('',#774,.T.);
#440=FACE_OUTER_BOUND('',#775,.T.);
#441=FACE_OUTER_BOUND('',#776,.T.);
#442=FACE_OUTER_BOUND('',#777,.T.);
#443=FACE_OUTER_BOUND('',#778,.T.);
#444=FACE_OUTER_BOUND('',#779,.T.);
#445=FACE_OUTER_BOUND('',#780,.T.);
#446=FACE_OUTER_BOUND('',#781,.T.);
#447=FACE_OUTER_BOUND('',#782,.T.);
#448=FACE_OUTER_BOUND('',#783,.T.);
#449=FACE_OUTER_BOUND('',#784,.T.);
#450=FACE_OUTER_BOUND('',#785,.T.);
#451=FACE_OUTER_BOUND('',#786,.T.);
#452=FACE_OUTER_BOUND('',#787,.T.);
#453=FACE_OUTER_BOUND('',#788,.T.);
#454=FACE_OUTER_BOUND('',#789,.T.);
#455=FACE_OUTER_BOUND('',#790,.T.);
#456=FACE_OUTER_BOUND('',#791,.T.);
#457=FACE_OUTER_BOUND('',#792,.T.);
#458=FACE_OUTER_BOUND('',#793,.T.);
#459=FACE_OUTER_BOUND('',#794,.T.);
#460=FACE_OUTER_BOUND('',#795,.T.);
#461=FACE_OUTER_BOUND('',#796,.T.);
#462=FACE_OUTER_BOUND('',#797,.T.);
#463=FACE_OUTER_BOUND('',#798,.T.);
#464=FACE_OUTER_BOUND('',#799,.T.);
#465=FACE_OUTER_BOUND('',#800,.T.);
#466=FACE_OUTER_BOUND('',#801,.T.);
#467=FACE_OUTER_BOUND('',#802,.T.);
#468=FACE_OUTER_BOUND('',#803,.T.);
#469=FACE_OUTER_BOUND('',#804,.T.);
#470=FACE_OUTER_BOUND('',#805,.T.);
#471=FACE_OUTER_BOUND('',#806,.T.);
#472=FACE_OUTER_BOUND('',#807,.T.);
#473=FACE_OUTER_BOUND('',#808,.T.);
#474=FACE_OUTER_BOUND('',#809,.T.);
#475=FACE_OUTER_BOUND('',#810,.T.);
#476=FACE_OUTER_BOUND('',#811,.T.);
#477=FACE_OUTER_BOUND('',#812,.T.);
#478=FACE_OUTER_BOUND('',#813,.T.);
#479=FACE_OUTER_BOUND('',#814,.T.);
#480=FACE_OUTER_BOUND('',#815,.T.);
#481=FACE_OUTER_BOUND('',#816,.T.);
#482=FACE_OUTER_BOUND('',#817,.T.);
#483=FACE_OUTER_BOUND('',#818,.T.);
#484=FACE_OUTER_BOUND('',#819,.T.);
#485=FACE_OUTER_BOUND('',#820,.T.);
#486=FACE_OUTER_BOUND('',#821,.T.);
#487=FACE_OUTER_BOUND('',#822,.T.);
#488=FACE_OUTER_BOUND('',#823,.T.);
#489=FACE_OUTER_BOUND('',#824,.T.);
#490=FACE_OUTER_BOUND('',#825,.T.);
#491=FACE_OUTER_BOUND('',#826,.T.);
#492=FACE_OUTER_BOUND('',#827,.T.);
#493=FACE_OUTER_BOUND('',#828,.T.);
#494=FACE_OUTER_BOUND('',#829,.T.);
#495=FACE_OUTER_BOUND('',#830,.T.);
#496=FACE_OUTER_BOUND('',#831,.T.);
#497=FACE_OUTER_BOUND('',#832,.T.);
#498=FACE_OUTER_BOUND('',#833,.T.);
#499=FACE_OUTER_BOUND('',#834,.T.);
#500=FACE_OUTER_BOUND('',#835,.T.);
#501=FACE_OUTER_BOUND('',#836,.T.);
#502=FACE_OUTER_BOUND('',#837,.T.);
#503=FACE_OUTER_BOUND('',#838,.T.);
#504=FACE_OUTER_BOUND('',#839,.T.);
#505=FACE_OUTER_BOUND('',#840,.T.);
#506=FACE_OUTER_BOUND('',#841,.T.);
#507=FACE_OUTER_BOUND('',#842,.T.);
#508=FACE_OUTER_BOUND('',#843,.T.);
#509=FACE_OUTER_BOUND('',#844,.T.);
#510=FACE_OUTER_BOUND('',#845,.T.);
#511=FACE_OUTER_BOUND('',#846,.T.);
#512=FACE_OUTER_BOUND('',#847,.T.);
#513=FACE_OUTER_BOUND('',#848,.T.);
#514=FACE_OUTER_BOUND('',#849,.T.);
#515=FACE_OUTER_BOUND('',#850,.T.);
#516=FACE_OUTER_BOUND('',#851,.T.);
#517=FACE_OUTER_BOUND('',#852,.T.);
#518=FACE_OUTER_BOUND('',#853,.T.);
#519=FACE_OUTER_BOUND('',#854,.T.);
#520=FACE_OUTER_BOUND('',#855,.T.);
#521=FACE_OUTER_BOUND('',#856,.T.);
#522=EDGE_LOOP('',(#3768,#3769,#3770,#3771,#3772,#3773,#3774,#3775,#3776,
#3777,#3778,#3779));
#523=EDGE_LOOP('',(#3780,#3781,#3782,#3783));
#524=EDGE_LOOP('',(#3784,#3785,#3786,#3787,#3788,#3789,#3790,#3791,#3792,
#3793,#3794,#3795,#3796,#3797,#3798,#3799,#3800,#3801,#3802,#3803,#3804,
#3805,#3806,#3807,#3808,#3809,#3810,#3811,#3812,#3813,#3814,#3815,#3816));
#525=EDGE_LOOP('',(#3817,#3818,#3819,#3820,#3821));
#526=EDGE_LOOP('',(#3822,#3823,#3824,#3825,#3826,#3827));
#527=EDGE_LOOP('',(#3828,#3829,#3830,#3831));
#528=EDGE_LOOP('',(#3832,#3833,#3834,#3835));
#529=EDGE_LOOP('',(#3836,#3837,#3838,#3839,#3840,#3841,#3842,#3843,#3844,
#3845,#3846,#3847,#3848,#3849,#3850,#3851,#3852,#3853,#3854,#3855,#3856,
#3857,#3858,#3859,#3860,#3861,#3862,#3863,#3864,#3865,#3866,#3867,#3868,
#3869,#3870,#3871,#3872,#3873,#3874,#3875,#3876));
#530=EDGE_LOOP('',(#3877,#3878,#3879,#3880));
#531=EDGE_LOOP('',(#3881,#3882,#3883,#3884,#3885,#3886,#3887,#3888,#3889,
#3890,#3891,#3892,#3893,#3894,#3895,#3896,#3897,#3898));
#532=EDGE_LOOP('',(#3899,#3900,#3901,#3902));
#533=EDGE_LOOP('',(#3903,#3904,#3905,#3906));
#534=EDGE_LOOP('',(#3907,#3908,#3909,#3910,#3911,#3912,#3913,#3914,#3915,
#3916,#3917,#3918,#3919,#3920,#3921,#3922,#3923,#3924,#3925,#3926,#3927,
#3928,#3929,#3930,#3931,#3932,#3933,#3934,#3935,#3936,#3937,#3938,#3939,
#3940,#3941,#3942,#3943,#3944));
#535=EDGE_LOOP('',(#3945,#3946,#3947,#3948,#3949,#3950,#3951,#3952,#3953));
#536=EDGE_LOOP('',(#3954,#3955,#3956));
#537=EDGE_LOOP('',(#3957,#3958,#3959,#3960));
#538=EDGE_LOOP('',(#3961,#3962,#3963,#3964));
#539=EDGE_LOOP('',(#3965,#3966,#3967,#3968));
#540=EDGE_LOOP('',(#3969,#3970,#3971,#3972));
#541=EDGE_LOOP('',(#3973,#3974,#3975,#3976));
#542=EDGE_LOOP('',(#3977,#3978,#3979,#3980));
#543=EDGE_LOOP('',(#3981,#3982,#3983,#3984));
#544=EDGE_LOOP('',(#3985,#3986,#3987,#3988));
#545=EDGE_LOOP('',(#3989,#3990,#3991,#3992));
#546=EDGE_LOOP('',(#3993,#3994,#3995,#3996,#3997,#3998,#3999,#4000,#4001));
#547=EDGE_LOOP('',(#4002,#4003,#4004,#4005));
#548=EDGE_LOOP('',(#4006,#4007,#4008,#4009));
#549=EDGE_LOOP('',(#4010,#4011,#4012,#4013));
#550=EDGE_LOOP('',(#4014,#4015,#4016,#4017));
#551=EDGE_LOOP('',(#4018,#4019,#4020,#4021));
#552=EDGE_LOOP('',(#4022,#4023,#4024,#4025));
#553=EDGE_LOOP('',(#4026,#4027,#4028,#4029));
#554=EDGE_LOOP('',(#4030,#4031,#4032,#4033));
#555=EDGE_LOOP('',(#4034,#4035,#4036,#4037));
#556=EDGE_LOOP('',(#4038,#4039,#4040,#4041));
#557=EDGE_LOOP('',(#4042,#4043,#4044,#4045));
#558=EDGE_LOOP('',(#4046,#4047,#4048,#4049));
#559=EDGE_LOOP('',(#4050,#4051,#4052,#4053,#4054,#4055,#4056,#4057,#4058,
#4059,#4060,#4061));
#560=EDGE_LOOP('',(#4062,#4063,#4064,#4065));
#561=EDGE_LOOP('',(#4066,#4067,#4068,#4069));
#562=EDGE_LOOP('',(#4070,#4071,#4072,#4073));
#563=EDGE_LOOP('',(#4074,#4075,#4076,#4077));
#564=EDGE_LOOP('',(#4078,#4079,#4080,#4081,#4082,#4083,#4084,#4085,#4086,
#4087,#4088,#4089,#4090,#4091,#4092,#4093,#4094,#4095,#4096,#4097,#4098,
#4099,#4100,#4101,#4102,#4103,#4104,#4105,#4106,#4107,#4108,#4109));
#565=EDGE_LOOP('',(#4110,#4111,#4112,#4113,#4114,#4115,#4116,#4117,#4118,
#4119,#4120,#4121,#4122,#4123,#4124,#4125,#4126,#4127,#4128,#4129,#4130,
#4131,#4132,#4133,#4134,#4135,#4136,#4137,#4138));
#566=EDGE_LOOP('',(#4139,#4140,#4141,#4142,#4143,#4144,#4145,#4146));
#567=EDGE_LOOP('',(#4147,#4148,#4149,#4150,#4151,#4152,#4153,#4154));
#568=EDGE_LOOP('',(#4155,#4156,#4157,#4158,#4159,#4160,#4161,#4162,#4163,
#4164));
#569=EDGE_LOOP('',(#4165,#4166,#4167,#4168));
#570=EDGE_LOOP('',(#4169,#4170,#4171,#4172));
#571=EDGE_LOOP('',(#4173,#4174,#4175,#4176));
#572=EDGE_LOOP('',(#4177,#4178,#4179,#4180));
#573=EDGE_LOOP('',(#4181,#4182,#4183,#4184));
#574=EDGE_LOOP('',(#4185,#4186,#4187,#4188));
#575=EDGE_LOOP('',(#4189,#4190,#4191,#4192,#4193,#4194,#4195,#4196,#4197,
#4198,#4199,#4200));
#576=EDGE_LOOP('',(#4201,#4202,#4203,#4204));
#577=EDGE_LOOP('',(#4205,#4206,#4207,#4208,#4209,#4210));
#578=EDGE_LOOP('',(#4211,#4212,#4213,#4214));
#579=EDGE_LOOP('',(#4215,#4216,#4217,#4218));
#580=EDGE_LOOP('',(#4219,#4220,#4221,#4222,#4223,#4224,#4225,#4226,#4227,
#4228,#4229,#4230,#4231));
#581=EDGE_LOOP('',(#4232,#4233,#4234,#4235));
#582=EDGE_LOOP('',(#4236,#4237,#4238,#4239));
#583=EDGE_LOOP('',(#4240,#4241,#4242,#4243));
#584=EDGE_LOOP('',(#4244,#4245,#4246,#4247));
#585=EDGE_LOOP('',(#4248,#4249,#4250,#4251));
#586=EDGE_LOOP('',(#4252,#4253,#4254,#4255));
#587=EDGE_LOOP('',(#4256,#4257,#4258,#4259));
#588=EDGE_LOOP('',(#4260,#4261,#4262,#4263));
#589=EDGE_LOOP('',(#4264,#4265,#4266,#4267));
#590=EDGE_LOOP('',(#4268,#4269,#4270));
#591=EDGE_LOOP('',(#4271,#4272,#4273,#4274));
#592=EDGE_LOOP('',(#4275,#4276,#4277,#4278));
#593=EDGE_LOOP('',(#4279,#4280,#4281));
#594=EDGE_LOOP('',(#4282,#4283,#4284,#4285,#4286,#4287));
#595=EDGE_LOOP('',(#4288,#4289,#4290,#4291));
#596=EDGE_LOOP('',(#4292,#4293,#4294,#4295));
#597=EDGE_LOOP('',(#4296,#4297,#4298,#4299));
#598=EDGE_LOOP('',(#4300,#4301,#4302,#4303));
#599=EDGE_LOOP('',(#4304,#4305,#4306,#4307));
#600=EDGE_LOOP('',(#4308,#4309,#4310,#4311));
#601=EDGE_LOOP('',(#4312,#4313,#4314,#4315));
#602=EDGE_LOOP('',(#4316,#4317,#4318,#4319));
#603=EDGE_LOOP('',(#4320,#4321,#4322,#4323));
#604=EDGE_LOOP('',(#4324,#4325,#4326,#4327));
#605=EDGE_LOOP('',(#4328,#4329,#4330,#4331));
#606=EDGE_LOOP('',(#4332,#4333,#4334,#4335));
#607=EDGE_LOOP('',(#4336,#4337,#4338,#4339));
#608=EDGE_LOOP('',(#4340,#4341,#4342,#4343));
#609=EDGE_LOOP('',(#4344,#4345,#4346,#4347));
#610=EDGE_LOOP('',(#4348,#4349,#4350,#4351));
#611=EDGE_LOOP('',(#4352,#4353,#4354,#4355));
#612=EDGE_LOOP('',(#4356,#4357,#4358,#4359));
#613=EDGE_LOOP('',(#4360,#4361,#4362,#4363));
#614=EDGE_LOOP('',(#4364,#4365,#4366,#4367));
#615=EDGE_LOOP('',(#4368,#4369,#4370,#4371));
#616=EDGE_LOOP('',(#4372,#4373,#4374,#4375));
#617=EDGE_LOOP('',(#4376,#4377,#4378,#4379));
#618=EDGE_LOOP('',(#4380,#4381,#4382,#4383));
#619=EDGE_LOOP('',(#4384,#4385,#4386,#4387));
#620=EDGE_LOOP('',(#4388,#4389,#4390,#4391));
#621=EDGE_LOOP('',(#4392,#4393,#4394,#4395));
#622=EDGE_LOOP('',(#4396,#4397,#4398,#4399));
#623=EDGE_LOOP('',(#4400,#4401,#4402,#4403));
#624=EDGE_LOOP('',(#4404,#4405,#4406,#4407));
#625=EDGE_LOOP('',(#4408,#4409,#4410,#4411));
#626=EDGE_LOOP('',(#4412,#4413,#4414,#4415));
#627=EDGE_LOOP('',(#4416,#4417,#4418,#4419));
#628=EDGE_LOOP('',(#4420,#4421,#4422,#4423));
#629=EDGE_LOOP('',(#4424,#4425,#4426,#4427));
#630=EDGE_LOOP('',(#4428,#4429,#4430,#4431));
#631=EDGE_LOOP('',(#4432,#4433,#4434,#4435));
#632=EDGE_LOOP('',(#4436,#4437,#4438,#4439));
#633=EDGE_LOOP('',(#4440,#4441,#4442,#4443));
#634=EDGE_LOOP('',(#4444,#4445,#4446,#4447));
#635=EDGE_LOOP('',(#4448,#4449,#4450,#4451));
#636=EDGE_LOOP('',(#4452,#4453,#4454,#4455));
#637=EDGE_LOOP('',(#4456,#4457,#4458,#4459));
#638=EDGE_LOOP('',(#4460,#4461,#4462,#4463));
#639=EDGE_LOOP('',(#4464,#4465,#4466,#4467));
#640=EDGE_LOOP('',(#4468,#4469,#4470,#4471));
#641=EDGE_LOOP('',(#4472,#4473,#4474,#4475));
#642=EDGE_LOOP('',(#4476,#4477,#4478,#4479));
#643=EDGE_LOOP('',(#4480,#4481,#4482,#4483));
#644=EDGE_LOOP('',(#4484,#4485,#4486,#4487));
#645=EDGE_LOOP('',(#4488,#4489,#4490,#4491));
#646=EDGE_LOOP('',(#4492,#4493,#4494,#4495));
#647=EDGE_LOOP('',(#4496,#4497,#4498,#4499));
#648=EDGE_LOOP('',(#4500,#4501,#4502,#4503));
#649=EDGE_LOOP('',(#4504,#4505,#4506,#4507));
#650=EDGE_LOOP('',(#4508,#4509,#4510,#4511,#4512));
#651=EDGE_LOOP('',(#4513,#4514,#4515,#4516,#4517));
#652=EDGE_LOOP('',(#4518,#4519,#4520,#4521,#4522,#4523));
#653=EDGE_LOOP('',(#4524,#4525,#4526,#4527));
#654=EDGE_LOOP('',(#4528,#4529,#4530,#4531));
#655=EDGE_LOOP('',(#4532,#4533,#4534,#4535));
#656=EDGE_LOOP('',(#4536,#4537,#4538,#4539,#4540));
#657=EDGE_LOOP('',(#4541,#4542,#4543,#4544));
#658=EDGE_LOOP('',(#4545,#4546,#4547,#4548,#4549));
#659=EDGE_LOOP('',(#4550,#4551,#4552,#4553));
#660=EDGE_LOOP('',(#4554,#4555,#4556,#4557));
#661=EDGE_LOOP('',(#4558,#4559,#4560,#4561,#4562,#4563));
#662=EDGE_LOOP('',(#4564,#4565,#4566,#4567));
#663=EDGE_LOOP('',(#4568,#4569,#4570,#4571));
#664=EDGE_LOOP('',(#4572,#4573,#4574,#4575));
#665=EDGE_LOOP('',(#4576,#4577,#4578,#4579,#4580,#4581,#4582,#4583,#4584,
#4585,#4586,#4587,#4588,#4589,#4590,#4591,#4592,#4593,#4594,#4595,#4596,
#4597,#4598,#4599,#4600,#4601,#4602,#4603,#4604,#4605,#4606,#4607,#4608,
#4609));
#666=EDGE_LOOP('',(#4610,#4611,#4612,#4613,#4614));
#667=EDGE_LOOP('',(#4615,#4616,#4617,#4618));
#668=EDGE_LOOP('',(#4619,#4620,#4621,#4622));
#669=EDGE_LOOP('',(#4623,#4624,#4625,#4626));
#670=EDGE_LOOP('',(#4627,#4628,#4629,#4630));
#671=EDGE_LOOP('',(#4631,#4632,#4633,#4634));
#672=EDGE_LOOP('',(#4635,#4636,#4637,#4638,#4639));
#673=EDGE_LOOP('',(#4640,#4641,#4642,#4643));
#674=EDGE_LOOP('',(#4644,#4645,#4646,#4647));
#675=EDGE_LOOP('',(#4648,#4649,#4650,#4651));
#676=EDGE_LOOP('',(#4652,#4653,#4654,#4655));
#677=EDGE_LOOP('',(#4656,#4657,#4658,#4659));
#678=EDGE_LOOP('',(#4660,#4661,#4662,#4663));
#679=EDGE_LOOP('',(#4664,#4665,#4666,#4667));
#680=EDGE_LOOP('',(#4668,#4669,#4670,#4671));
#681=EDGE_LOOP('',(#4672,#4673,#4674,#4675));
#682=EDGE_LOOP('',(#4676,#4677,#4678,#4679));
#683=EDGE_LOOP('',(#4680,#4681,#4682,#4683,#4684,#4685,#4686,#4687,#4688,
#4689,#4690,#4691,#4692,#4693,#4694,#4695,#4696,#4697,#4698,#4699,#4700,
#4701,#4702,#4703,#4704,#4705,#4706,#4707,#4708));
#684=EDGE_LOOP('',(#4709,#4710,#4711,#4712,#4713,#4714,#4715,#4716,#4717,
#4718,#4719,#4720,#4721,#4722,#4723,#4724,#4725,#4726,#4727,#4728,#4729,
#4730,#4731,#4732,#4733,#4734,#4735,#4736,#4737,#4738,#4739,#4740));
#685=EDGE_LOOP('',(#4741,#4742,#4743,#4744));
#686=EDGE_LOOP('',(#4745,#4746,#4747,#4748,#4749,#4750,#4751,#4752,#4753,
#4754,#4755,#4756));
#687=EDGE_LOOP('',(#4757,#4758,#4759,#4760,#4761,#4762,#4763,#4764,#4765,
#4766,#4767,#4768,#4769,#4770,#4771,#4772,#4773,#4774,#4775,#4776,#4777,
#4778,#4779,#4780,#4781,#4782,#4783,#4784,#4785,#4786,#4787,#4788,#4789,
#4790,#4791,#4792,#4793,#4794,#4795,#4796,#4797,#4798));
#688=EDGE_LOOP('',(#4799,#4800,#4801,#4802,#4803,#4804,#4805,#4806,#4807,
#4808,#4809,#4810,#4811,#4812,#4813,#4814,#4815,#4816,#4817,#4818));
#689=EDGE_LOOP('',(#4819,#4820,#4821));
#690=EDGE_LOOP('',(#4822,#4823,#4824));
#691=EDGE_LOOP('',(#4825,#4826,#4827));
#692=EDGE_LOOP('',(#4828,#4829,#4830));
#693=EDGE_LOOP('',(#4831,#4832,#4833));
#694=EDGE_LOOP('',(#4834,#4835,#4836));
#695=EDGE_LOOP('',(#4837,#4838,#4839));
#696=EDGE_LOOP('',(#4840,#4841,#4842));
#697=EDGE_LOOP('',(#4843,#4844,#4845));
#698=EDGE_LOOP('',(#4846,#4847,#4848));
#699=EDGE_LOOP('',(#4849,#4850,#4851));
#700=EDGE_LOOP('',(#4852,#4853,#4854));
#701=EDGE_LOOP('',(#4855,#4856,#4857,#4858,#4859,#4860,#4861,#4862));
#702=EDGE_LOOP('',(#4863,#4864,#4865));
#703=EDGE_LOOP('',(#4866,#4867,#4868));
#704=EDGE_LOOP('',(#4869,#4870,#4871));
#705=EDGE_LOOP('',(#4872,#4873,#4874));
#706=EDGE_LOOP('',(#4875,#4876,#4877));
#707=EDGE_LOOP('',(#4878,#4879,#4880));
#708=EDGE_LOOP('',(#4881,#4882,#4883));
#709=EDGE_LOOP('',(#4884,#4885,#4886));
#710=EDGE_LOOP('',(#4887,#4888,#4889));
#711=EDGE_LOOP('',(#4890,#4891,#4892));
#712=EDGE_LOOP('',(#4893,#4894,#4895));
#713=EDGE_LOOP('',(#4896,#4897,#4898,#4899,#4900,#4901,#4902,#4903));
#714=EDGE_LOOP('',(#4904,#4905,#4906));
#715=EDGE_LOOP('',(#4907,#4908,#4909));
#716=EDGE_LOOP('',(#4910,#4911,#4912,#4913,#4914,#4915,#4916,#4917));
#717=EDGE_LOOP('',(#4918,#4919,#4920));
#718=EDGE_LOOP('',(#4921,#4922,#4923));
#719=EDGE_LOOP('',(#4924,#4925,#4926));
#720=EDGE_LOOP('',(#4927,#4928,#4929));
#721=EDGE_LOOP('',(#4930,#4931,#4932));
#722=EDGE_LOOP('',(#4933,#4934,#4935));
#723=EDGE_LOOP('',(#4936,#4937,#4938));
#724=EDGE_LOOP('',(#4939,#4940,#4941));
#725=EDGE_LOOP('',(#4942,#4943,#4944));
#726=EDGE_LOOP('',(#4945,#4946,#4947));
#727=EDGE_LOOP('',(#4948,#4949,#4950));
#728=EDGE_LOOP('',(#4951,#4952,#4953));
#729=EDGE_LOOP('',(#4954,#4955,#4956,#4957,#4958,#4959,#4960,#4961));
#730=EDGE_LOOP('',(#4962,#4963,#4964));
#731=EDGE_LOOP('',(#4965,#4966,#4967));
#732=EDGE_LOOP('',(#4968,#4969,#4970));
#733=EDGE_LOOP('',(#4971,#4972,#4973));
#734=EDGE_LOOP('',(#4974,#4975,#4976));
#735=EDGE_LOOP('',(#4977,#4978,#4979));
#736=EDGE_LOOP('',(#4980,#4981,#4982));
#737=EDGE_LOOP('',(#4983,#4984,#4985));
#738=EDGE_LOOP('',(#4986,#4987,#4988));
#739=EDGE_LOOP('',(#4989,#4990,#4991));
#740=EDGE_LOOP('',(#4992,#4993,#4994));
#741=EDGE_LOOP('',(#4995,#4996,#4997,#4998));
#742=EDGE_LOOP('',(#4999,#5000,#5001,#5002));
#743=EDGE_LOOP('',(#5003,#5004,#5005,#5006));
#744=EDGE_LOOP('',(#5007,#5008,#5009,#5010,#5011,#5012,#5013,#5014,#5015,
#5016,#5017,#5018,#5019,#5020,#5021,#5022));
#745=EDGE_LOOP('',(#5023,#5024,#5025,#5026));
#746=EDGE_LOOP('',(#5027,#5028,#5029,#5030));
#747=EDGE_LOOP('',(#5031,#5032,#5033,#5034,#5035,#5036,#5037,#5038,#5039,
#5040,#5041,#5042));
#748=EDGE_LOOP('',(#5043,#5044,#5045,#5046));
#749=EDGE_LOOP('',(#5047,#5048,#5049,#5050,#5051,#5052));
#750=EDGE_LOOP('',(#5053,#5054,#5055,#5056));
#751=EDGE_LOOP('',(#5057,#5058,#5059,#5060));
#752=EDGE_LOOP('',(#5061,#5062,#5063,#5064,#5065,#5066,#5067,#5068,#5069,
#5070,#5071,#5072,#5073));
#753=EDGE_LOOP('',(#5074,#5075,#5076,#5077));
#754=EDGE_LOOP('',(#5078,#5079,#5080,#5081));
#755=EDGE_LOOP('',(#5082,#5083,#5084,#5085,#5086,#5087,#5088,#5089,#5090,
#5091,#5092,#5093,#5094,#5095,#5096,#5097));
#756=EDGE_LOOP('',(#5098,#5099,#5100,#5101,#5102,#5103,#5104,#5105,#5106,
#5107,#5108,#5109));
#757=EDGE_LOOP('',(#5110,#5111,#5112));
#758=EDGE_LOOP('',(#5113,#5114,#5115,#5116));
#759=EDGE_LOOP('',(#5117,#5118,#5119,#5120));
#760=EDGE_LOOP('',(#5121,#5122,#5123,#5124));
#761=EDGE_LOOP('',(#5125,#5126,#5127,#5128));
#762=EDGE_LOOP('',(#5129,#5130,#5131,#5132));
#763=EDGE_LOOP('',(#5133,#5134,#5135,#5136));
#764=EDGE_LOOP('',(#5137,#5138,#5139,#5140));
#765=EDGE_LOOP('',(#5141,#5142,#5143,#5144,#5145,#5146,#5147,#5148));
#766=EDGE_LOOP('',(#5149,#5150,#5151,#5152));
#767=EDGE_LOOP('',(#5153,#5154,#5155));
#768=EDGE_LOOP('',(#5156,#5157,#5158,#5159));
#769=EDGE_LOOP('',(#5160,#5161,#5162,#5163));
#770=EDGE_LOOP('',(#5164,#5165,#5166));
#771=EDGE_LOOP('',(#5167,#5168,#5169,#5170,#5171,#5172));
#772=EDGE_LOOP('',(#5173,#5174,#5175,#5176));
#773=EDGE_LOOP('',(#5177,#5178,#5179,#5180));
#774=EDGE_LOOP('',(#5181,#5182,#5183,#5184));
#775=EDGE_LOOP('',(#5185,#5186,#5187,#5188));
#776=EDGE_LOOP('',(#5189,#5190,#5191,#5192));
#777=EDGE_LOOP('',(#5193,#5194,#5195,#5196));
#778=EDGE_LOOP('',(#5197,#5198,#5199,#5200));
#779=EDGE_LOOP('',(#5201,#5202,#5203,#5204));
#780=EDGE_LOOP('',(#5205,#5206,#5207,#5208));
#781=EDGE_LOOP('',(#5209,#5210,#5211,#5212));
#782=EDGE_LOOP('',(#5213,#5214,#5215,#5216));
#783=EDGE_LOOP('',(#5217,#5218,#5219,#5220));
#784=EDGE_LOOP('',(#5221,#5222,#5223,#5224));
#785=EDGE_LOOP('',(#5225,#5226,#5227,#5228));
#786=EDGE_LOOP('',(#5229,#5230,#5231,#5232));
#787=EDGE_LOOP('',(#5233,#5234,#5235,#5236));
#788=EDGE_LOOP('',(#5237,#5238,#5239,#5240));
#789=EDGE_LOOP('',(#5241,#5242,#5243,#5244));
#790=EDGE_LOOP('',(#5245,#5246,#5247,#5248));
#791=EDGE_LOOP('',(#5249,#5250,#5251,#5252));
#792=EDGE_LOOP('',(#5253,#5254,#5255,#5256));
#793=EDGE_LOOP('',(#5257,#5258,#5259,#5260));
#794=EDGE_LOOP('',(#5261,#5262,#5263,#5264));
#795=EDGE_LOOP('',(#5265,#5266,#5267,#5268));
#796=EDGE_LOOP('',(#5269,#5270,#5271,#5272));
#797=EDGE_LOOP('',(#5273,#5274,#5275,#5276));
#798=EDGE_LOOP('',(#5277,#5278,#5279,#5280));
#799=EDGE_LOOP('',(#5281,#5282,#5283,#5284));
#800=EDGE_LOOP('',(#5285,#5286,#5287,#5288));
#801=EDGE_LOOP('',(#5289,#5290,#5291,#5292));
#802=EDGE_LOOP('',(#5293,#5294,#5295,#5296));
#803=EDGE_LOOP('',(#5297,#5298,#5299,#5300));
#804=EDGE_LOOP('',(#5301,#5302,#5303,#5304));
#805=EDGE_LOOP('',(#5305,#5306,#5307,#5308));
#806=EDGE_LOOP('',(#5309,#5310,#5311,#5312));
#807=EDGE_LOOP('',(#5313,#5314,#5315,#5316));
#808=EDGE_LOOP('',(#5317,#5318,#5319,#5320));
#809=EDGE_LOOP('',(#5321,#5322,#5323,#5324));
#810=EDGE_LOOP('',(#5325,#5326,#5327,#5328));
#811=EDGE_LOOP('',(#5329,#5330,#5331,#5332));
#812=EDGE_LOOP('',(#5333,#5334,#5335,#5336));
#813=EDGE_LOOP('',(#5337,#5338,#5339,#5340));
#814=EDGE_LOOP('',(#5341,#5342,#5343,#5344));
#815=EDGE_LOOP('',(#5345,#5346,#5347,#5348));
#816=EDGE_LOOP('',(#5349,#5350,#5351,#5352));
#817=EDGE_LOOP('',(#5353,#5354,#5355,#5356));
#818=EDGE_LOOP('',(#5357,#5358,#5359,#5360));
#819=EDGE_LOOP('',(#5361,#5362,#5363,#5364));
#820=EDGE_LOOP('',(#5365,#5366,#5367,#5368));
#821=EDGE_LOOP('',(#5369,#5370,#5371,#5372));
#822=EDGE_LOOP('',(#5373,#5374,#5375,#5376));
#823=EDGE_LOOP('',(#5377,#5378,#5379,#5380));
#824=EDGE_LOOP('',(#5381,#5382,#5383,#5384));
#825=EDGE_LOOP('',(#5385,#5386,#5387,#5388));
#826=EDGE_LOOP('',(#5389,#5390,#5391,#5392));
#827=EDGE_LOOP('',(#5393,#5394,#5395,#5396));
#828=EDGE_LOOP('',(#5397,#5398,#5399,#5400,#5401));
#829=EDGE_LOOP('',(#5402,#5403,#5404,#5405,#5406));
#830=EDGE_LOOP('',(#5407,#5408,#5409,#5410,#5411,#5412));
#831=EDGE_LOOP('',(#5413,#5414,#5415,#5416));
#832=EDGE_LOOP('',(#5417,#5418,#5419,#5420));
#833=EDGE_LOOP('',(#5421,#5422,#5423,#5424));
#834=EDGE_LOOP('',(#5425,#5426,#5427,#5428,#5429));
#835=EDGE_LOOP('',(#5430,#5431,#5432,#5433));
#836=EDGE_LOOP('',(#5434,#5435,#5436,#5437));
#837=EDGE_LOOP('',(#5438,#5439,#5440,#5441));
#838=EDGE_LOOP('',(#5442,#5443,#5444,#5445,#5446,#5447));
#839=EDGE_LOOP('',(#5448,#5449,#5450,#5451));
#840=EDGE_LOOP('',(#5452,#5453,#5454,#5455));
#841=EDGE_LOOP('',(#5456,#5457,#5458,#5459));
#842=EDGE_LOOP('',(#5460,#5461,#5462,#5463,#5464));
#843=EDGE_LOOP('',(#5465,#5466,#5467,#5468));
#844=EDGE_LOOP('',(#5469,#5470,#5471,#5472));
#845=EDGE_LOOP('',(#5473,#5474,#5475,#5476));
#846=EDGE_LOOP('',(#5477,#5478,#5479,#5480));
#847=EDGE_LOOP('',(#5481,#5482,#5483,#5484));
#848=EDGE_LOOP('',(#5485,#5486,#5487,#5488,#5489));
#849=EDGE_LOOP('',(#5490,#5491,#5492,#5493));
#850=EDGE_LOOP('',(#5494,#5495,#5496,#5497));
#851=EDGE_LOOP('',(#5498,#5499,#5500,#5501));
#852=EDGE_LOOP('',(#5502,#5503,#5504,#5505));
#853=EDGE_LOOP('',(#5506,#5507,#5508,#5509));
#854=EDGE_LOOP('',(#5510,#5511,#5512,#5513));
#855=EDGE_LOOP('',(#5514,#5515,#5516,#5517));
#856=EDGE_LOOP('',(#5518,#5519,#5520,#5521));
#857=LINE('',#7534,#1598);
#858=LINE('',#7536,#1599);
#859=LINE('',#7538,#1600);
#860=LINE('',#7540,#1601);
#861=LINE('',#7542,#1602);
#862=LINE('',#7544,#1603);
#863=LINE('',#7546,#1604);
#864=LINE('',#7548,#1605);
#865=LINE('',#7550,#1606);
#866=LINE('',#7552,#1607);
#867=LINE('',#7554,#1608);
#868=LINE('',#7555,#1609);
#869=LINE('',#7688,#1610);
#870=LINE('',#7695,#1611);
#871=LINE('',#7697,#1612);
#872=LINE('',#7699,#1613);
#873=LINE('',#7701,#1614);
#874=LINE('',#7703,#1615);
#875=LINE('',#7705,#1616);
#876=LINE('',#7707,#1617);
#877=LINE('',#7709,#1618);
#878=LINE('',#7711,#1619);
#879=LINE('',#7713,#1620);
#880=LINE('',#7715,#1621);
#881=LINE('',#7717,#1622);
#882=LINE('',#7719,#1623);
#883=LINE('',#7721,#1624);
#884=LINE('',#7723,#1625);
#885=LINE('',#7725,#1626);
#886=LINE('',#7727,#1627);
#887=LINE('',#7729,#1628);
#888=LINE('',#7731,#1629);
#889=LINE('',#7733,#1630);
#890=LINE('',#7735,#1631);
#891=LINE('',#7737,#1632);
#892=LINE('',#7739,#1633);
#893=LINE('',#7741,#1634);
#894=LINE('',#7743,#1635);
#895=LINE('',#7745,#1636);
#896=LINE('',#7747,#1637);
#897=LINE('',#7749,#1638);
#898=LINE('',#7750,#1639);
#899=LINE('',#7753,#1640);
#900=LINE('',#7754,#1641);
#901=LINE('',#7757,#1642);
#902=LINE('',#7759,#1643);
#903=LINE('',#7765,#1644);
#904=LINE('',#7768,#1645);
#905=LINE('',#7770,#1646);
#906=LINE('',#7771,#1647);
#907=LINE('',#7904,#1648);
#908=LINE('',#7911,#1649);
#909=LINE('',#7913,#1650);
#910=LINE('',#7915,#1651);
#911=LINE('',#7917,#1652);
#912=LINE('',#7919,#1653);
#913=LINE('',#7921,#1654);
#914=LINE('',#7923,#1655);
#915=LINE('',#7925,#1656);
#916=LINE('',#7927,#1657);
#917=LINE('',#7929,#1658);
#918=LINE('',#7931,#1659);
#919=LINE('',#7933,#1660);
#920=LINE('',#7935,#1661);
#921=LINE('',#7937,#1662);
#922=LINE('',#7939,#1663);
#923=LINE('',#7941,#1664);
#924=LINE('',#7943,#1665);
#925=LINE('',#7945,#1666);
#926=LINE('',#7947,#1667);
#927=LINE('',#7949,#1668);
#928=LINE('',#7951,#1669);
#929=LINE('',#7953,#1670);
#930=LINE('',#7955,#1671);
#931=LINE('',#7957,#1672);
#932=LINE('',#7959,#1673);
#933=LINE('',#7961,#1674);
#934=LINE('',#7963,#1675);
#935=LINE('',#7965,#1676);
#936=LINE('',#7967,#1677);
#937=LINE('',#7969,#1678);
#938=LINE('',#7971,#1679);
#939=LINE('',#7973,#1680);
#940=LINE('',#7975,#1681);
#941=LINE('',#7977,#1682);
#942=LINE('',#7979,#1683);
#943=LINE('',#7981,#1684);
#944=LINE('',#7982,#1685);
#945=LINE('',#7985,#1686);
#946=LINE('',#7987,#1687);
#947=LINE('',#7988,#1688);
#948=LINE('',#7992,#1689);
#949=LINE('',#7994,#1690);
#950=LINE('',#8007,#1691);
#951=LINE('',#8020,#1692);
#952=LINE('',#8033,#1693);
#953=LINE('',#8046,#1694);
#954=LINE('',#8057,#1695);
#955=LINE('',#8070,#1696);
#956=LINE('',#8081,#1697);
#957=LINE('',#8093,#1698);
#958=LINE('',#8097,#1699);
#959=LINE('',#8099,#1700);
#960=LINE('',#8101,#1701);
#961=LINE('',#8102,#1702);
#962=LINE('',#8106,#1703);
#963=LINE('',#8108,#1704);
#964=LINE('',#8110,#1705);
#965=LINE('',#8111,#1706);
#966=LINE('',#8114,#1707);
#967=LINE('',#8116,#1708);
#968=LINE('',#8118,#1709);
#969=LINE('',#8120,#1710);
#970=LINE('',#8131,#1711);
#971=LINE('',#8144,#1712);
#972=LINE('',#8157,#1713);
#973=LINE('',#8168,#1714);
#974=LINE('',#8181,#1715);
#975=LINE('',#8194,#1716);
#976=LINE('',#8196,#1717);
#977=LINE('',#8209,#1718);
#978=LINE('',#8222,#1719);
#979=LINE('',#8235,#1720);
#980=LINE('',#8248,#1721);
#981=LINE('',#8259,#1722);
#982=LINE('',#8272,#1723);
#983=LINE('',#8283,#1724);
#984=LINE('',#8296,#1725);
#985=LINE('',#8298,#1726);
#986=LINE('',#8300,#1727);
#987=LINE('',#8302,#1728);
#988=LINE('',#8303,#1729);
#989=LINE('',#8306,#1730);
#990=LINE('',#8308,#1731);
#991=LINE('',#8310,#1732);
#992=LINE('',#8312,#1733);
#993=LINE('',#8314,#1734);
#994=LINE('',#8316,#1735);
#995=LINE('',#8318,#1736);
#996=LINE('',#8320,#1737);
#997=LINE('',#8321,#1738);
#998=LINE('',#8324,#1739);
#999=LINE('',#8326,#1740);
#1000=LINE('',#8327,#1741);
#1001=LINE('',#8330,#1742);
#1002=LINE('',#8332,#1743);
#1003=LINE('',#8333,#1744);
#1004=LINE('',#8336,#1745);
#1005=LINE('',#8337,#1746);
#1006=LINE('',#8340,#1747);
#1007=LINE('',#8341,#1748);
#1008=LINE('',#8344,#1749);
#1009=LINE('',#8345,#1750);
#1010=LINE('',#8348,#1751);
#1011=LINE('',#8349,#1752);
#1012=LINE('',#8352,#1753);
#1013=LINE('',#8353,#1754);
#1014=LINE('',#8356,#1755);
#1015=LINE('',#8357,#1756);
#1016=LINE('',#8360,#1757);
#1017=LINE('',#8361,#1758);
#1018=LINE('',#8363,#1759);
#1019=LINE('',#8368,#1760);
#1020=LINE('',#8370,#1761);
#1021=LINE('',#8372,#1762);
#1022=LINE('',#8373,#1763);
#1023=LINE('',#8376,#1764);
#1024=LINE('',#8378,#1765);
#1025=LINE('',#8379,#1766);
#1026=LINE('',#8382,#1767);
#1027=LINE('',#8384,#1768);
#1028=LINE('',#8385,#1769);
#1029=LINE('',#8388,#1770);
#1030=LINE('',#8390,#1771);
#1031=LINE('',#8391,#1772);
#1032=LINE('',#8394,#1773);
#1033=LINE('',#8396,#1774);
#1034=LINE('',#8397,#1775);
#1035=LINE('',#8400,#1776);
#1036=LINE('',#8402,#1777);
#1037=LINE('',#8403,#1778);
#1038=LINE('',#8406,#1779);
#1039=LINE('',#8408,#1780);
#1040=LINE('',#8409,#1781);
#1041=LINE('',#8412,#1782);
#1042=LINE('',#8414,#1783);
#1043=LINE('',#8415,#1784);
#1044=LINE('',#8418,#1785);
#1045=LINE('',#8420,#1786);
#1046=LINE('',#8421,#1787);
#1047=LINE('',#8424,#1788);
#1048=LINE('',#8426,#1789);
#1049=LINE('',#8427,#1790);
#1050=LINE('',#8430,#1791);
#1051=LINE('',#8432,#1792);
#1052=LINE('',#8433,#1793);
#1053=LINE('',#8435,#1794);
#1054=LINE('',#8436,#1795);
#1055=LINE('',#8440,#1796);
#1056=LINE('',#8442,#1797);
#1057=LINE('',#8443,#1798);
#1058=LINE('',#8446,#1799);
#1059=LINE('',#8448,#1800);
#1060=LINE('',#8455,#1801);
#1061=LINE('',#8461,#1802);
#1062=LINE('',#8464,#1803);
#1063=LINE('',#8466,#1804);
#1064=LINE('',#8467,#1805);
#1065=LINE('',#8470,#1806);
#1066=LINE('',#8482,#1807);
#1067=LINE('',#8484,#1808);
#1068=LINE('',#8486,#1809);
#1069=LINE('',#8488,#1810);
#1070=LINE('',#8490,#1811);
#1071=LINE('',#8492,#1812);
#1072=LINE('',#8494,#1813);
#1073=LINE('',#8496,#1814);
#1074=LINE('',#8498,#1815);
#1075=LINE('',#8500,#1816);
#1076=LINE('',#8502,#1817);
#1077=LINE('',#8504,#1818);
#1078=LINE('',#8506,#1819);
#1079=LINE('',#8508,#1820);
#1080=LINE('',#8510,#1821);
#1081=LINE('',#8512,#1822);
#1082=LINE('',#8514,#1823);
#1083=LINE('',#8516,#1824);
#1084=LINE('',#8518,#1825);
#1085=LINE('',#8520,#1826);
#1086=LINE('',#8522,#1827);
#1087=LINE('',#8524,#1828);
#1088=LINE('',#8526,#1829);
#1089=LINE('',#8528,#1830);
#1090=LINE('',#8530,#1831);
#1091=LINE('',#8532,#1832);
#1092=LINE('',#8534,#1833);
#1093=LINE('',#8535,#1834);
#1094=LINE('',#8537,#1835);
#1095=LINE('',#8539,#1836);
#1096=LINE('',#8541,#1837);
#1097=LINE('',#8543,#1838);
#1098=LINE('',#8545,#1839);
#1099=LINE('',#8547,#1840);
#1100=LINE('',#8549,#1841);
#1101=LINE('',#8551,#1842);
#1102=LINE('',#8553,#1843);
#1103=LINE('',#8555,#1844);
#1104=LINE('',#8557,#1845);
#1105=LINE('',#8559,#1846);
#1106=LINE('',#8561,#1847);
#1107=LINE('',#8563,#1848);
#1108=LINE('',#8565,#1849);
#1109=LINE('',#8567,#1850);
#1110=LINE('',#8569,#1851);
#1111=LINE('',#8571,#1852);
#1112=LINE('',#8573,#1853);
#1113=LINE('',#8575,#1854);
#1114=LINE('',#8577,#1855);
#1115=LINE('',#8579,#1856);
#1116=LINE('',#8581,#1857);
#1117=LINE('',#8583,#1858);
#1118=LINE('',#8585,#1859);
#1119=LINE('',#8587,#1860);
#1120=LINE('',#8588,#1861);
#1121=LINE('',#8592,#1862);
#1122=LINE('',#8594,#1863);
#1123=LINE('',#8595,#1864);
#1124=LINE('',#8597,#1865);
#1125=LINE('',#8599,#1866);
#1126=LINE('',#8601,#1867);
#1127=LINE('',#8602,#1868);
#1128=LINE('',#8605,#1869);
#1129=LINE('',#8615,#1870);
#1130=LINE('',#8619,#1871);
#1131=LINE('',#8621,#1872);
#1132=LINE('',#8623,#1873);
#1133=LINE('',#8625,#1874);
#1134=LINE('',#8632,#1875);
#1135=LINE('',#8633,#1876);
#1136=LINE('',#8634,#1877);
#1137=LINE('',#8638,#1878);
#1138=LINE('',#8639,#1879);
#1139=LINE('',#8640,#1880);
#1140=LINE('',#8644,#1881);
#1141=LINE('',#8646,#1882);
#1142=LINE('',#8648,#1883);
#1143=LINE('',#8649,#1884);
#1144=LINE('',#8653,#1885);
#1145=LINE('',#8654,#1886);
#1146=LINE('',#8655,#1887);
#1147=LINE('',#8659,#1888);
#1148=LINE('',#8661,#1889);
#1149=LINE('',#8663,#1890);
#1150=LINE('',#8664,#1891);
#1151=LINE('',#8711,#1892);
#1152=LINE('',#8717,#1893);
#1153=LINE('',#8718,#1894);
#1154=LINE('',#8731,#1895);
#1155=LINE('',#8744,#1896);
#1156=LINE('',#8755,#1897);
#1157=LINE('',#8805,#1898);
#1158=LINE('',#8856,#1899);
#1159=LINE('',#8857,#1900);
#1160=LINE('',#8860,#1901);
#1161=LINE('',#8872,#1902);
#1162=LINE('',#8874,#1903);
#1163=LINE('',#8876,#1904);
#1164=LINE('',#8889,#1905);
#1165=LINE('',#8891,#1906);
#1166=LINE('',#9306,#1907);
#1167=LINE('',#9308,#1908);
#1168=LINE('',#9309,#1909);
#1169=LINE('',#9312,#1910);
#1170=LINE('',#9326,#1911);
#1171=LINE('',#9328,#1912);
#1172=LINE('',#9329,#1913);
#1173=LINE('',#9332,#1914);
#1174=LINE('',#9345,#1915);
#1175=LINE('',#9346,#1916);
#1176=LINE('',#9348,#1917);
#1177=LINE('',#9349,#1918);
#1178=LINE('',#9351,#1919);
#1179=LINE('',#9352,#1920);
#1180=LINE('',#9354,#1921);
#1181=LINE('',#9355,#1922);
#1182=LINE('',#9357,#1923);
#1183=LINE('',#9358,#1924);
#1184=LINE('',#9360,#1925);
#1185=LINE('',#9361,#1926);
#1186=LINE('',#9363,#1927);
#1187=LINE('',#9364,#1928);
#1188=LINE('',#9366,#1929);
#1189=LINE('',#9367,#1930);
#1190=LINE('',#9369,#1931);
#1191=LINE('',#9370,#1932);
#1192=LINE('',#9372,#1933);
#1193=LINE('',#9373,#1934);
#1194=LINE('',#9376,#1935);
#1195=LINE('',#9378,#1936);
#1196=LINE('',#9379,#1937);
#1197=LINE('',#9382,#1938);
#1198=LINE('',#9384,#1939);
#1199=LINE('',#9385,#1940);
#1200=LINE('',#9388,#1941);
#1201=LINE('',#9389,#1942);
#1202=LINE('',#9390,#1943);
#1203=LINE('',#9393,#1944);
#1204=LINE('',#9394,#1945);
#1205=LINE('',#9395,#1946);
#1206=LINE('',#9398,#1947);
#1207=LINE('',#9400,#1948);
#1208=LINE('',#9401,#1949);
#1209=LINE('',#9404,#1950);
#1210=LINE('',#9406,#1951);
#1211=LINE('',#9407,#1952);
#1212=LINE('',#9410,#1953);
#1213=LINE('',#9411,#1954);
#1214=LINE('',#9412,#1955);
#1215=LINE('',#9415,#1956);
#1216=LINE('',#9416,#1957);
#1217=LINE('',#9417,#1958);
#1218=LINE('',#9420,#1959);
#1219=LINE('',#9422,#1960);
#1220=LINE('',#9423,#1961);
#1221=LINE('',#9426,#1962);
#1222=LINE('',#9428,#1963);
#1223=LINE('',#9429,#1964);
#1224=LINE('',#9431,#1965);
#1225=LINE('',#9433,#1966);
#1226=LINE('',#9434,#1967);
#1227=LINE('',#9437,#1968);
#1228=LINE('',#9438,#1969);
#1229=LINE('',#9440,#1970);
#1230=LINE('',#9443,#1971);
#1231=LINE('',#9445,#1972);
#1232=LINE('',#9446,#1973);
#1233=LINE('',#9449,#1974);
#1234=LINE('',#9451,#1975);
#1235=LINE('',#9452,#1976);
#1236=LINE('',#9455,#1977);
#1237=LINE('',#9456,#1978);
#1238=LINE('',#9458,#1979);
#1239=LINE('',#9461,#1980);
#1240=LINE('',#9462,#1981);
#1241=LINE('',#9464,#1982);
#1242=LINE('',#9467,#1983);
#1243=LINE('',#9469,#1984);
#1244=LINE('',#9470,#1985);
#1245=LINE('',#9473,#1986);
#1246=LINE('',#9475,#1987);
#1247=LINE('',#9476,#1988);
#1248=LINE('',#9479,#1989);
#1249=LINE('',#9480,#1990);
#1250=LINE('',#9482,#1991);
#1251=LINE('',#9485,#1992);
#1252=LINE('',#9486,#1993);
#1253=LINE('',#9488,#1994);
#1254=LINE('',#9491,#1995);
#1255=LINE('',#9493,#1996);
#1256=LINE('',#9494,#1997);
#1257=LINE('',#9497,#1998);
#1258=LINE('',#9498,#1999);
#1259=LINE('',#9500,#2000);
#1260=LINE('',#9503,#2001);
#1261=LINE('',#9504,#2002);
#1262=LINE('',#9507,#2003);
#1263=LINE('',#9508,#2004);
#1264=LINE('',#9511,#2005);
#1265=LINE('',#9512,#2006);
#1266=LINE('',#9514,#2007);
#1267=LINE('',#9517,#2008);
#1268=LINE('',#9518,#2009);
#1269=LINE('',#9520,#2010);
#1270=LINE('',#9523,#2011);
#1271=LINE('',#9524,#2012);
#1272=LINE('',#9527,#2013);
#1273=LINE('',#9528,#2014);
#1274=LINE('',#9531,#2015);
#1275=LINE('',#9532,#2016);
#1276=LINE('',#9534,#2017);
#1277=LINE('',#9537,#2018);
#1278=LINE('',#9538,#2019);
#1279=LINE('',#9540,#2020);
#1280=LINE('',#9543,#2021);
#1281=LINE('',#9544,#2022);
#1282=LINE('',#9547,#2023);
#1283=LINE('',#9548,#2024);
#1284=LINE('',#9645,#2025);
#1285=LINE('',#9683,#2026);
#1286=LINE('',#9694,#2027);
#1287=LINE('',#9695,#2028);
#1288=LINE('',#9698,#2029);
#1289=LINE('',#9699,#2030);
#1290=LINE('',#9734,#2031);
#1291=LINE('',#9767,#2032);
#1292=LINE('',#9768,#2033);
#1293=LINE('',#9772,#2034);
#1294=LINE('',#9773,#2035);
#1295=LINE('',#9774,#2036);
#1296=LINE('',#9776,#2037);
#1297=LINE('',#9779,#2038);
#1298=LINE('',#9780,#2039);
#1299=LINE('',#9783,#2040);
#1300=LINE('',#9785,#2041);
#1301=LINE('',#9786,#2042);
#1302=LINE('',#9788,#2043);
#1303=LINE('',#9790,#2044);
#1304=LINE('',#9791,#2045);
#1305=LINE('',#9793,#2046);
#1306=LINE('',#9794,#2047);
#1307=LINE('',#9796,#2048);
#1308=LINE('',#9797,#2049);
#1309=LINE('',#9798,#2050);
#1310=LINE('',#9800,#2051);
#1311=LINE('',#9801,#2052);
#1312=LINE('',#9803,#2053);
#1313=LINE('',#9804,#2054);
#1314=LINE('',#9806,#2055);
#1315=LINE('',#9808,#2056);
#1316=LINE('',#9810,#2057);
#1317=LINE('',#9812,#2058);
#1318=LINE('',#9814,#2059);
#1319=LINE('',#9816,#2060);
#1320=LINE('',#9818,#2061);
#1321=LINE('',#9820,#2062);
#1322=LINE('',#9822,#2063);
#1323=LINE('',#9824,#2064);
#1324=LINE('',#9826,#2065);
#1325=LINE('',#9830,#2066);
#1326=LINE('',#9831,#2067);
#1327=LINE('',#9832,#2068);
#1328=LINE('',#9835,#2069);
#1329=LINE('',#9836,#2070);
#1330=LINE('',#9838,#2071);
#1331=LINE('',#9840,#2072);
#1332=LINE('',#9843,#2073);
#1333=LINE('',#9850,#2074);
#1334=LINE('',#9856,#2075);
#1335=LINE('',#9859,#2076);
#1336=LINE('',#9861,#2077);
#1337=LINE('',#9863,#2078);
#1338=LINE('',#9865,#2079);
#1339=LINE('',#9867,#2080);
#1340=LINE('',#9869,#2081);
#1341=LINE('',#9871,#2082);
#1342=LINE('',#9873,#2083);
#1343=LINE('',#9875,#2084);
#1344=LINE('',#9877,#2085);
#1345=LINE('',#9879,#2086);
#1346=LINE('',#9881,#2087);
#1347=LINE('',#9883,#2088);
#1348=LINE('',#9885,#2089);
#1349=LINE('',#9887,#2090);
#1350=LINE('',#9889,#2091);
#1351=LINE('',#9891,#2092);
#1352=LINE('',#9893,#2093);
#1353=LINE('',#9895,#2094);
#1354=LINE('',#9897,#2095);
#1355=LINE('',#9899,#2096);
#1356=LINE('',#9901,#2097);
#1357=LINE('',#9903,#2098);
#1358=LINE('',#9905,#2099);
#1359=LINE('',#9907,#2100);
#1360=LINE('',#9909,#2101);
#1361=LINE('',#9911,#2102);
#1362=LINE('',#9912,#2103);
#1363=LINE('',#9925,#2104);
#1364=LINE('',#9927,#2105);
#1365=LINE('',#9929,#2106);
#1366=LINE('',#9931,#2107);
#1367=LINE('',#9933,#2108);
#1368=LINE('',#9935,#2109);
#1369=LINE('',#9937,#2110);
#1370=LINE('',#9939,#2111);
#1371=LINE('',#9941,#2112);
#1372=LINE('',#9943,#2113);
#1373=LINE('',#9945,#2114);
#1374=LINE('',#9947,#2115);
#1375=LINE('',#9949,#2116);
#1376=LINE('',#9951,#2117);
#1377=LINE('',#9953,#2118);
#1378=LINE('',#9955,#2119);
#1379=LINE('',#9957,#2120);
#1380=LINE('',#9959,#2121);
#1381=LINE('',#9961,#2122);
#1382=LINE('',#9963,#2123);
#1383=LINE('',#9965,#2124);
#1384=LINE('',#9967,#2125);
#1385=LINE('',#9969,#2126);
#1386=LINE('',#9971,#2127);
#1387=LINE('',#9973,#2128);
#1388=LINE('',#9975,#2129);
#1389=LINE('',#9977,#2130);
#1390=LINE('',#9978,#2131);
#1391=LINE('',#9980,#2132);
#1392=LINE('',#9983,#2133);
#1393=LINE('',#9993,#2134);
#1394=LINE('',#9995,#2135);
#1395=LINE('',#9997,#2136);
#1396=LINE('',#9999,#2137);
#1397=LINE('',#10001,#2138);
#1398=LINE('',#10003,#2139);
#1399=LINE('',#10005,#2140);
#1400=LINE('',#10007,#2141);
#1401=LINE('',#10009,#2142);
#1402=LINE('',#10011,#2143);
#1403=LINE('',#10013,#2144);
#1404=LINE('',#10015,#2145);
#1405=LINE('',#10017,#2146);
#1406=LINE('',#10019,#2147);
#1407=LINE('',#10021,#2148);
#1408=LINE('',#10023,#2149);
#1409=LINE('',#10025,#2150);
#1410=LINE('',#10027,#2151);
#1411=LINE('',#10029,#2152);
#1412=LINE('',#10031,#2153);
#1413=LINE('',#10033,#2154);
#1414=LINE('',#10035,#2155);
#1415=LINE('',#10037,#2156);
#1416=LINE('',#10039,#2157);
#1417=LINE('',#10041,#2158);
#1418=LINE('',#10043,#2159);
#1419=LINE('',#10045,#2160);
#1420=LINE('',#10047,#2161);
#1421=LINE('',#10048,#2162);
#1422=LINE('',#10050,#2163);
#1423=LINE('',#10052,#2164);
#1424=LINE('',#10053,#2165);
#1425=LINE('',#10055,#2166);
#1426=LINE('',#10057,#2167);
#1427=LINE('',#10058,#2168);
#1428=LINE('',#10072,#2169);
#1429=LINE('',#10095,#2170);
#1430=LINE('',#10106,#2171);
#1431=LINE('',#10108,#2172);
#1432=LINE('',#10109,#2173);
#1433=LINE('',#10110,#2174);
#1434=LINE('',#10113,#2175);
#1435=LINE('',#10124,#2176);
#1436=LINE('',#10126,#2177);
#1437=LINE('',#10127,#2178);
#1438=LINE('',#10175,#2179);
#1439=LINE('',#10177,#2180);
#1440=LINE('',#10178,#2181);
#1441=LINE('',#10180,#2182);
#1442=LINE('',#10181,#2183);
#1443=LINE('',#10183,#2184);
#1444=LINE('',#10184,#2185);
#1445=LINE('',#10186,#2186);
#1446=LINE('',#10187,#2187);
#1447=LINE('',#10189,#2188);
#1448=LINE('',#10190,#2189);
#1449=LINE('',#10192,#2190);
#1450=LINE('',#10193,#2191);
#1451=LINE('',#10195,#2192);
#1452=LINE('',#10196,#2193);
#1453=LINE('',#10198,#2194);
#1454=LINE('',#10199,#2195);
#1455=LINE('',#10201,#2196);
#1456=LINE('',#10202,#2197);
#1457=LINE('',#10204,#2198);
#1458=LINE('',#10205,#2199);
#1459=LINE('',#10208,#2200);
#1460=LINE('',#10210,#2201);
#1461=LINE('',#10211,#2202);
#1462=LINE('',#10212,#2203);
#1463=LINE('',#10215,#2204);
#1464=LINE('',#10226,#2205);
#1465=LINE('',#10228,#2206);
#1466=LINE('',#10229,#2207);
#1467=LINE('',#10277,#2208);
#1468=LINE('',#10279,#2209);
#1469=LINE('',#10280,#2210);
#1470=LINE('',#10282,#2211);
#1471=LINE('',#10283,#2212);
#1472=LINE('',#10285,#2213);
#1473=LINE('',#10286,#2214);
#1474=LINE('',#10288,#2215);
#1475=LINE('',#10289,#2216);
#1476=LINE('',#10291,#2217);
#1477=LINE('',#10292,#2218);
#1478=LINE('',#10294,#2219);
#1479=LINE('',#10295,#2220);
#1480=LINE('',#10297,#2221);
#1481=LINE('',#10298,#2222);
#1482=LINE('',#10300,#2223);
#1483=LINE('',#10301,#2224);
#1484=LINE('',#10303,#2225);
#1485=LINE('',#10304,#2226);
#1486=LINE('',#10306,#2227);
#1487=LINE('',#10307,#2228);
#1488=LINE('',#10309,#2229);
#1489=LINE('',#10310,#2230);
#1490=LINE('',#10312,#2231);
#1491=LINE('',#10314,#2232);
#1492=LINE('',#10317,#2233);
#1493=LINE('',#10318,#2234);
#1494=LINE('',#10320,#2235);
#1495=LINE('',#10321,#2236);
#1496=LINE('',#10322,#2237);
#1497=LINE('',#10381,#2238);
#1498=LINE('',#10387,#2239);
#1499=LINE('',#10389,#2240);
#1500=LINE('',#10402,#2241);
#1501=LINE('',#10415,#2242);
#1502=LINE('',#10426,#2243);
#1503=LINE('',#10483,#2244);
#1504=LINE('',#10538,#2245);
#1505=LINE('',#10539,#2246);
#1506=LINE('',#10542,#2247);
#1507=LINE('',#10554,#2248);
#1508=LINE('',#10556,#2249);
#1509=LINE('',#10558,#2250);
#1510=LINE('',#10571,#2251);
#1511=LINE('',#10573,#2252);
#1512=LINE('',#10615,#2253);
#1513=LINE('',#10617,#2254);
#1514=LINE('',#10627,#2255);
#1515=LINE('',#10640,#2256);
#1516=LINE('',#10650,#2257);
#1517=LINE('',#10663,#2258);
#1518=LINE('',#10665,#2259);
#1519=LINE('',#10666,#2260);
#1520=LINE('',#10908,#2261);
#1521=LINE('',#10909,#2262);
#1522=LINE('',#10924,#2263);
#1523=LINE('',#10925,#2264);
#1524=LINE('',#10939,#2265);
#1525=LINE('',#10940,#2266);
#1526=LINE('',#10942,#2267);
#1527=LINE('',#10943,#2268);
#1528=LINE('',#10945,#2269);
#1529=LINE('',#10946,#2270);
#1530=LINE('',#10948,#2271);
#1531=LINE('',#10949,#2272);
#1532=LINE('',#10951,#2273);
#1533=LINE('',#10952,#2274);
#1534=LINE('',#10954,#2275);
#1535=LINE('',#10955,#2276);
#1536=LINE('',#10957,#2277);
#1537=LINE('',#10958,#2278);
#1538=LINE('',#10960,#2279);
#1539=LINE('',#10961,#2280);
#1540=LINE('',#10963,#2281);
#1541=LINE('',#10964,#2282);
#1542=LINE('',#10966,#2283);
#1543=LINE('',#10967,#2284);
#1544=LINE('',#10969,#2285);
#1545=LINE('',#10971,#2286);
#1546=LINE('',#10972,#2287);
#1547=LINE('',#10974,#2288);
#1548=LINE('',#10975,#2289);
#1549=LINE('',#10977,#2290);
#1550=LINE('',#10978,#2291);
#1551=LINE('',#10980,#2292);
#1552=LINE('',#10981,#2293);
#1553=LINE('',#10983,#2294);
#1554=LINE('',#10984,#2295);
#1555=LINE('',#10986,#2296);
#1556=LINE('',#10987,#2297);
#1557=LINE('',#10989,#2298);
#1558=LINE('',#10990,#2299);
#1559=LINE('',#10992,#2300);
#1560=LINE('',#10993,#2301);
#1561=LINE('',#10995,#2302);
#1562=LINE('',#10996,#2303);
#1563=LINE('',#10998,#2304);
#1564=LINE('',#10999,#2305);
#1565=LINE('',#11001,#2306);
#1566=LINE('',#11004,#2307);
#1567=LINE('',#11006,#2308);
#1568=LINE('',#11008,#2309);
#1569=LINE('',#11011,#2310);
#1570=LINE('',#11014,#2311);
#1571=LINE('',#11016,#2312);
#1572=LINE('',#11018,#2313);
#1573=LINE('',#11021,#2314);
#1574=LINE('',#11024,#2315);
#1575=LINE('',#11027,#2316);
#1576=LINE('',#11030,#2317);
#1577=LINE('',#11032,#2318);
#1578=LINE('',#11034,#2319);
#1579=LINE('',#11037,#2320);
#1580=LINE('',#11040,#2321);
#1581=LINE('',#11042,#2322);
#1582=LINE('',#11044,#2323);
#1583=LINE('',#11047,#2324);
#1584=LINE('',#11050,#2325);
#1585=LINE('',#11052,#2326);
#1586=LINE('',#11148,#2327);
#1587=LINE('',#11177,#2328);
#1588=LINE('',#11179,#2329);
#1589=LINE('',#11181,#2330);
#1590=LINE('',#11216,#2331);
#1591=LINE('',#11248,#2332);
#1592=LINE('',#11249,#2333);
#1593=LINE('',#11252,#2334);
#1594=LINE('',#11256,#2335);
#1595=LINE('',#11269,#2336);
#1596=LINE('',#11270,#2337);
#1597=LINE('',#11272,#2338);
#1598=VECTOR('',#6305,10.);
#1599=VECTOR('',#6306,10.);
#1600=VECTOR('',#6307,10.);
#1601=VECTOR('',#6308,10.);
#1602=VECTOR('',#6309,10.);
#1603=VECTOR('',#6310,10.);
#1604=VECTOR('',#6311,10.);
#1605=VECTOR('',#6312,10.);
#1606=VECTOR('',#6313,10.);
#1607=VECTOR('',#6314,10.);
#1608=VECTOR('',#6315,10.);
#1609=VECTOR('',#6316,10.);
#1610=VECTOR('',#6319,10.);
#1611=VECTOR('',#6320,10.);
#1612=VECTOR('',#6321,10.);
#1613=VECTOR('',#6322,10.);
#1614=VECTOR('',#6323,10.);
#1615=VECTOR('',#6324,10.);
#1616=VECTOR('',#6325,10.);
#1617=VECTOR('',#6326,10.);
#1618=VECTOR('',#6327,10.);
#1619=VECTOR('',#6328,10.);
#1620=VECTOR('',#6329,10.);
#1621=VECTOR('',#6330,10.);
#1622=VECTOR('',#6331,10.);
#1623=VECTOR('',#6332,10.);
#1624=VECTOR('',#6333,10.);
#1625=VECTOR('',#6334,10.);
#1626=VECTOR('',#6335,10.);
#1627=VECTOR('',#6336,10.);
#1628=VECTOR('',#6337,10.);
#1629=VECTOR('',#6338,10.);
#1630=VECTOR('',#6339,10.);
#1631=VECTOR('',#6340,10.);
#1632=VECTOR('',#6341,10.);
#1633=VECTOR('',#6342,10.);
#1634=VECTOR('',#6343,10.);
#1635=VECTOR('',#6344,10.);
#1636=VECTOR('',#6345,10.);
#1637=VECTOR('',#6346,10.);
#1638=VECTOR('',#6347,10.);
#1639=VECTOR('',#6348,10.);
#1640=VECTOR('',#6351,10.);
#1641=VECTOR('',#6352,10.);
#1642=VECTOR('',#6355,10.);
#1643=VECTOR('',#6356,10.);
#1644=VECTOR('',#6357,10.);
#1645=VECTOR('',#6360,10.);
#1646=VECTOR('',#6361,10.);
#1647=VECTOR('',#6362,10.);
#1648=VECTOR('',#6365,10.);
#1649=VECTOR('',#6366,10.);
#1650=VECTOR('',#6367,10.);
#1651=VECTOR('',#6368,10.);
#1652=VECTOR('',#6369,10.);
#1653=VECTOR('',#6370,10.);
#1654=VECTOR('',#6371,10.);
#1655=VECTOR('',#6372,10.);
#1656=VECTOR('',#6373,10.);
#1657=VECTOR('',#6374,10.);
#1658=VECTOR('',#6375,10.);
#1659=VECTOR('',#6376,10.);
#1660=VECTOR('',#6377,10.);
#1661=VECTOR('',#6378,10.);
#1662=VECTOR('',#6379,10.);
#1663=VECTOR('',#6380,10.);
#1664=VECTOR('',#6381,10.);
#1665=VECTOR('',#6382,10.);
#1666=VECTOR('',#6383,10.);
#1667=VECTOR('',#6384,10.);
#1668=VECTOR('',#6385,10.);
#1669=VECTOR('',#6386,10.);
#1670=VECTOR('',#6387,10.);
#1671=VECTOR('',#6388,10.);
#1672=VECTOR('',#6389,10.);
#1673=VECTOR('',#6390,10.);
#1674=VECTOR('',#6391,10.);
#1675=VECTOR('',#6392,10.);
#1676=VECTOR('',#6393,10.);
#1677=VECTOR('',#6394,10.);
#1678=VECTOR('',#6395,10.);
#1679=VECTOR('',#6396,10.);
#1680=VECTOR('',#6397,10.);
#1681=VECTOR('',#6398,10.);
#1682=VECTOR('',#6399,10.);
#1683=VECTOR('',#6400,10.);
#1684=VECTOR('',#6401,10.);
#1685=VECTOR('',#6402,10.);
#1686=VECTOR('',#6405,10.);
#1687=VECTOR('',#6406,10.);
#1688=VECTOR('',#6407,10.);
#1689=VECTOR('',#6410,10.);
#1690=VECTOR('',#6411,10.);
#1691=VECTOR('',#6412,10.);
#1692=VECTOR('',#6413,10.);
#1693=VECTOR('',#6414,10.);
#1694=VECTOR('',#6415,10.);
#1695=VECTOR('',#6416,10.);
#1696=VECTOR('',#6417,10.);
#1697=VECTOR('',#6418,10.);
#1698=VECTOR('',#6419,10.);
#1699=VECTOR('',#6422,10.);
#1700=VECTOR('',#6423,10.);
#1701=VECTOR('',#6424,10.);
#1702=VECTOR('',#6425,10.);
#1703=VECTOR('',#6428,10.);
#1704=VECTOR('',#6429,10.);
#1705=VECTOR('',#6430,10.);
#1706=VECTOR('',#6431,10.);
#1707=VECTOR('',#6434,10.);
#1708=VECTOR('',#6435,10.);
#1709=VECTOR('',#6436,10.);
#1710=VECTOR('',#6437,10.);
#1711=VECTOR('',#6438,10.);
#1712=VECTOR('',#6439,10.);
#1713=VECTOR('',#6440,10.);
#1714=VECTOR('',#6441,10.);
#1715=VECTOR('',#6442,10.);
#1716=VECTOR('',#6443,10.);
#1717=VECTOR('',#6444,10.);
#1718=VECTOR('',#6445,10.);
#1719=VECTOR('',#6446,10.);
#1720=VECTOR('',#6447,10.);
#1721=VECTOR('',#6448,10.);
#1722=VECTOR('',#6449,10.);
#1723=VECTOR('',#6450,10.);
#1724=VECTOR('',#6451,10.);
#1725=VECTOR('',#6452,10.);
#1726=VECTOR('',#6453,10.);
#1727=VECTOR('',#6454,10.);
#1728=VECTOR('',#6455,10.);
#1729=VECTOR('',#6456,10.);
#1730=VECTOR('',#6457,10.);
#1731=VECTOR('',#6458,10.);
#1732=VECTOR('',#6459,10.);
#1733=VECTOR('',#6460,10.);
#1734=VECTOR('',#6461,10.);
#1735=VECTOR('',#6462,10.);
#1736=VECTOR('',#6463,10.);
#1737=VECTOR('',#6464,10.);
#1738=VECTOR('',#6465,10.);
#1739=VECTOR('',#6466,10.);
#1740=VECTOR('',#6467,10.);
#1741=VECTOR('',#6468,10.);
#1742=VECTOR('',#6471,10.);
#1743=VECTOR('',#6472,10.);
#1744=VECTOR('',#6473,10.);
#1745=VECTOR('',#6476,10.);
#1746=VECTOR('',#6477,10.);
#1747=VECTOR('',#6480,10.);
#1748=VECTOR('',#6481,10.);
#1749=VECTOR('',#6484,10.);
#1750=VECTOR('',#6485,10.);
#1751=VECTOR('',#6488,10.);
#1752=VECTOR('',#6489,10.);
#1753=VECTOR('',#6492,10.);
#1754=VECTOR('',#6493,10.);
#1755=VECTOR('',#6496,10.);
#1756=VECTOR('',#6497,10.);
#1757=VECTOR('',#6500,10.);
#1758=VECTOR('',#6501,10.);
#1759=VECTOR('',#6504,10.);
#1760=VECTOR('',#6509,10.);
#1761=VECTOR('',#6510,10.);
#1762=VECTOR('',#6511,10.);
#1763=VECTOR('',#6512,10.);
#1764=VECTOR('',#6515,10.);
#1765=VECTOR('',#6516,10.);
#1766=VECTOR('',#6517,10.);
#1767=VECTOR('',#6520,10.);
#1768=VECTOR('',#6521,10.);
#1769=VECTOR('',#6522,10.);
#1770=VECTOR('',#6525,10.);
#1771=VECTOR('',#6526,10.);
#1772=VECTOR('',#6527,10.);
#1773=VECTOR('',#6530,10.);
#1774=VECTOR('',#6531,10.);
#1775=VECTOR('',#6532,10.);
#1776=VECTOR('',#6535,10.);
#1777=VECTOR('',#6536,10.);
#1778=VECTOR('',#6537,10.);
#1779=VECTOR('',#6540,10.);
#1780=VECTOR('',#6541,10.);
#1781=VECTOR('',#6542,10.);
#1782=VECTOR('',#6545,10.);
#1783=VECTOR('',#6546,10.);
#1784=VECTOR('',#6547,10.);
#1785=VECTOR('',#6550,10.);
#1786=VECTOR('',#6551,10.);
#1787=VECTOR('',#6552,10.);
#1788=VECTOR('',#6555,10.);
#1789=VECTOR('',#6556,10.);
#1790=VECTOR('',#6557,10.);
#1791=VECTOR('',#6560,10.);
#1792=VECTOR('',#6561,10.);
#1793=VECTOR('',#6562,10.);
#1794=VECTOR('',#6565,10.);
#1795=VECTOR('',#6566,10.);
#1796=VECTOR('',#6571,10.);
#1797=VECTOR('',#6572,10.);
#1798=VECTOR('',#6573,10.);
#1799=VECTOR('',#6576,10.);
#1800=VECTOR('',#6577,10.);
#1801=VECTOR('',#6580,10.);
#1802=VECTOR('',#6581,10.);
#1803=VECTOR('',#6584,10.);
#1804=VECTOR('',#6585,10.);
#1805=VECTOR('',#6586,10.);
#1806=VECTOR('',#6589,10.);
#1807=VECTOR('',#6590,10.);
#1808=VECTOR('',#6591,10.);
#1809=VECTOR('',#6592,10.);
#1810=VECTOR('',#6593,10.);
#1811=VECTOR('',#6594,10.);
#1812=VECTOR('',#6595,10.);
#1813=VECTOR('',#6596,10.);
#1814=VECTOR('',#6597,10.);
#1815=VECTOR('',#6598,10.);
#1816=VECTOR('',#6599,10.);
#1817=VECTOR('',#6600,10.);
#1818=VECTOR('',#6601,10.);
#1819=VECTOR('',#6602,10.);
#1820=VECTOR('',#6603,10.);
#1821=VECTOR('',#6604,10.);
#1822=VECTOR('',#6605,10.);
#1823=VECTOR('',#6606,10.);
#1824=VECTOR('',#6607,10.);
#1825=VECTOR('',#6608,10.);
#1826=VECTOR('',#6609,10.);
#1827=VECTOR('',#6610,10.);
#1828=VECTOR('',#6611,10.);
#1829=VECTOR('',#6612,10.);
#1830=VECTOR('',#6613,10.);
#1831=VECTOR('',#6614,10.);
#1832=VECTOR('',#6615,10.);
#1833=VECTOR('',#6616,10.);
#1834=VECTOR('',#6617,10.);
#1835=VECTOR('',#6620,10.);
#1836=VECTOR('',#6621,10.);
#1837=VECTOR('',#6622,10.);
#1838=VECTOR('',#6623,10.);
#1839=VECTOR('',#6624,10.);
#1840=VECTOR('',#6625,10.);
#1841=VECTOR('',#6626,10.);
#1842=VECTOR('',#6627,10.);
#1843=VECTOR('',#6628,10.);
#1844=VECTOR('',#6629,10.);
#1845=VECTOR('',#6630,10.);
#1846=VECTOR('',#6631,10.);
#1847=VECTOR('',#6632,10.);
#1848=VECTOR('',#6633,10.);
#1849=VECTOR('',#6634,10.);
#1850=VECTOR('',#6635,10.);
#1851=VECTOR('',#6636,10.);
#1852=VECTOR('',#6637,10.);
#1853=VECTOR('',#6638,10.);
#1854=VECTOR('',#6639,10.);
#1855=VECTOR('',#6640,10.);
#1856=VECTOR('',#6641,10.);
#1857=VECTOR('',#6642,10.);
#1858=VECTOR('',#6643,10.);
#1859=VECTOR('',#6644,10.);
#1860=VECTOR('',#6645,10.);
#1861=VECTOR('',#6646,10.);
#1862=VECTOR('',#6649,10.);
#1863=VECTOR('',#6650,10.);
#1864=VECTOR('',#6651,10.);
#1865=VECTOR('',#6652,10.);
#1866=VECTOR('',#6653,10.);
#1867=VECTOR('',#6654,10.);
#1868=VECTOR('',#6655,10.);
#1869=VECTOR('',#6658,10.);
#1870=VECTOR('',#6659,10.);
#1871=VECTOR('',#6662,10.);
#1872=VECTOR('',#6663,10.);
#1873=VECTOR('',#6664,10.);
#1874=VECTOR('',#6665,10.);
#1875=VECTOR('',#6666,10.);
#1876=VECTOR('',#6667,10.);
#1877=VECTOR('',#6668,10.);
#1878=VECTOR('',#6671,10.);
#1879=VECTOR('',#6672,10.);
#1880=VECTOR('',#6673,10.);
#1881=VECTOR('',#6676,10.);
#1882=VECTOR('',#6677,10.);
#1883=VECTOR('',#6678,10.);
#1884=VECTOR('',#6679,10.);
#1885=VECTOR('',#6682,10.);
#1886=VECTOR('',#6683,10.);
#1887=VECTOR('',#6684,10.);
#1888=VECTOR('',#6687,10.);
#1889=VECTOR('',#6688,10.);
#1890=VECTOR('',#6689,10.);
#1891=VECTOR('',#6690,10.);
#1892=VECTOR('',#6693,10.);
#1893=VECTOR('',#6696,10.);
#1894=VECTOR('',#6697,10.);
#1895=VECTOR('',#6698,10.);
#1896=VECTOR('',#6699,10.);
#1897=VECTOR('',#6700,10.);
#1898=VECTOR('',#6703,10.);
#1899=VECTOR('',#6706,10.);
#1900=VECTOR('',#6707,10.);
#1901=VECTOR('',#6710,10.);
#1902=VECTOR('',#6711,10.);
#1903=VECTOR('',#6712,10.);
#1904=VECTOR('',#6713,10.);
#1905=VECTOR('',#6714,10.);
#1906=VECTOR('',#6715,10.);
#1907=VECTOR('',#6718,10.);
#1908=VECTOR('',#6719,10.);
#1909=VECTOR('',#6720,10.);
#1910=VECTOR('',#6723,10.);
#1911=VECTOR('',#6728,10.);
#1912=VECTOR('',#6729,10.);
#1913=VECTOR('',#6730,10.);
#1914=VECTOR('',#6733,10.);
#1915=VECTOR('',#6738,10.);
#1916=VECTOR('',#6739,10.);
#1917=VECTOR('',#6742,10.);
#1918=VECTOR('',#6743,10.);
#1919=VECTOR('',#6746,10.);
#1920=VECTOR('',#6747,10.);
#1921=VECTOR('',#6750,10.);
#1922=VECTOR('',#6751,10.);
#1923=VECTOR('',#6754,10.);
#1924=VECTOR('',#6755,10.);
#1925=VECTOR('',#6758,10.);
#1926=VECTOR('',#6759,10.);
#1927=VECTOR('',#6762,10.);
#1928=VECTOR('',#6763,10.);
#1929=VECTOR('',#6766,10.);
#1930=VECTOR('',#6767,10.);
#1931=VECTOR('',#6770,10.);
#1932=VECTOR('',#6771,10.);
#1933=VECTOR('',#6774,10.);
#1934=VECTOR('',#6775,10.);
#1935=VECTOR('',#6778,10.);
#1936=VECTOR('',#6779,10.);
#1937=VECTOR('',#6780,10.);
#1938=VECTOR('',#6783,10.);
#1939=VECTOR('',#6784,10.);
#1940=VECTOR('',#6785,10.);
#1941=VECTOR('',#6788,10.);
#1942=VECTOR('',#6789,10.);
#1943=VECTOR('',#6790,10.);
#1944=VECTOR('',#6793,10.);
#1945=VECTOR('',#6794,10.);
#1946=VECTOR('',#6795,10.);
#1947=VECTOR('',#6798,10.);
#1948=VECTOR('',#6799,10.);
#1949=VECTOR('',#6800,10.);
#1950=VECTOR('',#6803,10.);
#1951=VECTOR('',#6804,10.);
#1952=VECTOR('',#6805,10.);
#1953=VECTOR('',#6808,10.);
#1954=VECTOR('',#6809,10.);
#1955=VECTOR('',#6810,10.);
#1956=VECTOR('',#6813,10.);
#1957=VECTOR('',#6814,10.);
#1958=VECTOR('',#6815,10.);
#1959=VECTOR('',#6818,10.);
#1960=VECTOR('',#6819,10.);
#1961=VECTOR('',#6820,10.);
#1962=VECTOR('',#6823,10.);
#1963=VECTOR('',#6824,10.);
#1964=VECTOR('',#6825,10.);
#1965=VECTOR('',#6828,10.);
#1966=VECTOR('',#6829,10.);
#1967=VECTOR('',#6830,10.);
#1968=VECTOR('',#6833,10.);
#1969=VECTOR('',#6834,10.);
#1970=VECTOR('',#6837,10.);
#1971=VECTOR('',#6840,10.);
#1972=VECTOR('',#6841,10.);
#1973=VECTOR('',#6842,10.);
#1974=VECTOR('',#6845,10.);
#1975=VECTOR('',#6846,10.);
#1976=VECTOR('',#6847,10.);
#1977=VECTOR('',#6850,10.);
#1978=VECTOR('',#6851,10.);
#1979=VECTOR('',#6854,10.);
#1980=VECTOR('',#6857,10.);
#1981=VECTOR('',#6858,10.);
#1982=VECTOR('',#6861,10.);
#1983=VECTOR('',#6864,10.);
#1984=VECTOR('',#6865,10.);
#1985=VECTOR('',#6866,10.);
#1986=VECTOR('',#6869,10.);
#1987=VECTOR('',#6870,10.);
#1988=VECTOR('',#6871,10.);
#1989=VECTOR('',#6874,10.);
#1990=VECTOR('',#6875,10.);
#1991=VECTOR('',#6878,10.);
#1992=VECTOR('',#6881,10.);
#1993=VECTOR('',#6882,10.);
#1994=VECTOR('',#6885,10.);
#1995=VECTOR('',#6888,10.);
#1996=VECTOR('',#6889,10.);
#1997=VECTOR('',#6890,10.);
#1998=VECTOR('',#6893,10.);
#1999=VECTOR('',#6894,10.);
#2000=VECTOR('',#6897,10.);
#2001=VECTOR('',#6900,10.);
#2002=VECTOR('',#6901,10.);
#2003=VECTOR('',#6904,10.);
#2004=VECTOR('',#6905,10.);
#2005=VECTOR('',#6908,10.);
#2006=VECTOR('',#6909,10.);
#2007=VECTOR('',#6912,10.);
#2008=VECTOR('',#6915,10.);
#2009=VECTOR('',#6916,10.);
#2010=VECTOR('',#6919,10.);
#2011=VECTOR('',#6922,10.);
#2012=VECTOR('',#6923,10.);
#2013=VECTOR('',#6926,10.);
#2014=VECTOR('',#6927,10.);
#2015=VECTOR('',#6930,10.);
#2016=VECTOR('',#6931,10.);
#2017=VECTOR('',#6934,10.);
#2018=VECTOR('',#6937,10.);
#2019=VECTOR('',#6938,10.);
#2020=VECTOR('',#6941,10.);
#2021=VECTOR('',#6944,10.);
#2022=VECTOR('',#6945,10.);
#2023=VECTOR('',#6948,10.);
#2024=VECTOR('',#6949,10.);
#2025=VECTOR('',#6952,10.);
#2026=VECTOR('',#6953,10.);
#2027=VECTOR('',#6956,10.);
#2028=VECTOR('',#6957,10.);
#2029=VECTOR('',#6960,10.);
#2030=VECTOR('',#6961,10.);
#2031=VECTOR('',#6962,10.);
#2032=VECTOR('',#6971,10.);
#2033=VECTOR('',#6972,10.);
#2034=VECTOR('',#6977,10.);
#2035=VECTOR('',#6978,10.);
#2036=VECTOR('',#6979,10.);
#2037=VECTOR('',#6982,10.);
#2038=VECTOR('',#6985,10.);
#2039=VECTOR('',#6986,10.);
#2040=VECTOR('',#6989,10.);
#2041=VECTOR('',#6990,10.);
#2042=VECTOR('',#6991,10.);
#2043=VECTOR('',#6994,10.);
#2044=VECTOR('',#6995,10.);
#2045=VECTOR('',#6996,10.);
#2046=VECTOR('',#6997,10.);
#2047=VECTOR('',#6998,10.);
#2048=VECTOR('',#6999,10.);
#2049=VECTOR('',#7000,10.);
#2050=VECTOR('',#7001,10.);
#2051=VECTOR('',#7002,10.);
#2052=VECTOR('',#7003,10.);
#2053=VECTOR('',#7004,10.);
#2054=VECTOR('',#7005,10.);
#2055=VECTOR('',#7008,10.);
#2056=VECTOR('',#7011,10.);
#2057=VECTOR('',#7014,10.);
#2058=VECTOR('',#7017,10.);
#2059=VECTOR('',#7020,10.);
#2060=VECTOR('',#7023,10.);
#2061=VECTOR('',#7026,10.);
#2062=VECTOR('',#7029,10.);
#2063=VECTOR('',#7032,10.);
#2064=VECTOR('',#7035,10.);
#2065=VECTOR('',#7038,10.);
#2066=VECTOR('',#7041,10.);
#2067=VECTOR('',#7042,10.);
#2068=VECTOR('',#7043,10.);
#2069=VECTOR('',#7046,10.);
#2070=VECTOR('',#7047,10.);
#2071=VECTOR('',#7050,10.);
#2072=VECTOR('',#7053,10.);
#2073=VECTOR('',#7056,10.);
#2074=VECTOR('',#7059,10.);
#2075=VECTOR('',#7060,10.);
#2076=VECTOR('',#7063,10.);
#2077=VECTOR('',#7064,10.);
#2078=VECTOR('',#7065,10.);
#2079=VECTOR('',#7066,10.);
#2080=VECTOR('',#7067,10.);
#2081=VECTOR('',#7068,10.);
#2082=VECTOR('',#7069,10.);
#2083=VECTOR('',#7070,10.);
#2084=VECTOR('',#7071,10.);
#2085=VECTOR('',#7072,10.);
#2086=VECTOR('',#7073,10.);
#2087=VECTOR('',#7074,10.);
#2088=VECTOR('',#7075,10.);
#2089=VECTOR('',#7076,10.);
#2090=VECTOR('',#7077,10.);
#2091=VECTOR('',#7078,10.);
#2092=VECTOR('',#7079,10.);
#2093=VECTOR('',#7080,10.);
#2094=VECTOR('',#7081,10.);
#2095=VECTOR('',#7082,10.);
#2096=VECTOR('',#7083,10.);
#2097=VECTOR('',#7084,10.);
#2098=VECTOR('',#7085,10.);
#2099=VECTOR('',#7086,10.);
#2100=VECTOR('',#7087,10.);
#2101=VECTOR('',#7088,10.);
#2102=VECTOR('',#7089,10.);
#2103=VECTOR('',#7090,10.);
#2104=VECTOR('',#7093,10.);
#2105=VECTOR('',#7094,10.);
#2106=VECTOR('',#7095,10.);
#2107=VECTOR('',#7096,10.);
#2108=VECTOR('',#7097,10.);
#2109=VECTOR('',#7098,10.);
#2110=VECTOR('',#7099,10.);
#2111=VECTOR('',#7100,10.);
#2112=VECTOR('',#7101,10.);
#2113=VECTOR('',#7102,10.);
#2114=VECTOR('',#7103,10.);
#2115=VECTOR('',#7104,10.);
#2116=VECTOR('',#7105,10.);
#2117=VECTOR('',#7106,10.);
#2118=VECTOR('',#7107,10.);
#2119=VECTOR('',#7108,10.);
#2120=VECTOR('',#7109,10.);
#2121=VECTOR('',#7110,10.);
#2122=VECTOR('',#7111,10.);
#2123=VECTOR('',#7112,10.);
#2124=VECTOR('',#7113,10.);
#2125=VECTOR('',#7114,10.);
#2126=VECTOR('',#7115,10.);
#2127=VECTOR('',#7116,10.);
#2128=VECTOR('',#7117,10.);
#2129=VECTOR('',#7118,10.);
#2130=VECTOR('',#7119,10.);
#2131=VECTOR('',#7120,10.);
#2132=VECTOR('',#7123,10.);
#2133=VECTOR('',#7126,10.);
#2134=VECTOR('',#7127,10.);
#2135=VECTOR('',#7130,10.);
#2136=VECTOR('',#7131,10.);
#2137=VECTOR('',#7132,10.);
#2138=VECTOR('',#7133,10.);
#2139=VECTOR('',#7134,10.);
#2140=VECTOR('',#7135,10.);
#2141=VECTOR('',#7136,10.);
#2142=VECTOR('',#7137,10.);
#2143=VECTOR('',#7138,10.);
#2144=VECTOR('',#7139,10.);
#2145=VECTOR('',#7140,10.);
#2146=VECTOR('',#7141,10.);
#2147=VECTOR('',#7142,10.);
#2148=VECTOR('',#7143,10.);
#2149=VECTOR('',#7144,10.);
#2150=VECTOR('',#7145,10.);
#2151=VECTOR('',#7146,10.);
#2152=VECTOR('',#7147,10.);
#2153=VECTOR('',#7148,10.);
#2154=VECTOR('',#7149,10.);
#2155=VECTOR('',#7150,10.);
#2156=VECTOR('',#7151,10.);
#2157=VECTOR('',#7152,10.);
#2158=VECTOR('',#7153,10.);
#2159=VECTOR('',#7154,10.);
#2160=VECTOR('',#7155,10.);
#2161=VECTOR('',#7156,10.);
#2162=VECTOR('',#7157,10.);
#2163=VECTOR('',#7158,10.);
#2164=VECTOR('',#7159,10.);
#2165=VECTOR('',#7160,10.);
#2166=VECTOR('',#7161,10.);
#2167=VECTOR('',#7162,10.);
#2168=VECTOR('',#7163,10.);
#2169=VECTOR('',#7166,10.);
#2170=VECTOR('',#7167,10.);
#2171=VECTOR('',#7168,10.);
#2172=VECTOR('',#7169,10.);
#2173=VECTOR('',#7170,10.);
#2174=VECTOR('',#7171,10.);
#2175=VECTOR('',#7172,10.);
#2176=VECTOR('',#7173,10.);
#2177=VECTOR('',#7174,10.);
#2178=VECTOR('',#7175,10.);
#2179=VECTOR('',#7176,10.);
#2180=VECTOR('',#7177,10.);
#2181=VECTOR('',#7178,10.);
#2182=VECTOR('',#7179,10.);
#2183=VECTOR('',#7180,10.);
#2184=VECTOR('',#7181,10.);
#2185=VECTOR('',#7182,10.);
#2186=VECTOR('',#7183,10.);
#2187=VECTOR('',#7184,10.);
#2188=VECTOR('',#7185,10.);
#2189=VECTOR('',#7186,10.);
#2190=VECTOR('',#7187,10.);
#2191=VECTOR('',#7188,10.);
#2192=VECTOR('',#7189,10.);
#2193=VECTOR('',#7190,10.);
#2194=VECTOR('',#7191,10.);
#2195=VECTOR('',#7192,10.);
#2196=VECTOR('',#7193,10.);
#2197=VECTOR('',#7194,10.);
#2198=VECTOR('',#7195,10.);
#2199=VECTOR('',#7196,10.);
#2200=VECTOR('',#7197,10.);
#2201=VECTOR('',#7198,10.);
#2202=VECTOR('',#7199,10.);
#2203=VECTOR('',#7200,10.);
#2204=VECTOR('',#7201,10.);
#2205=VECTOR('',#7202,10.);
#2206=VECTOR('',#7203,10.);
#2207=VECTOR('',#7204,10.);
#2208=VECTOR('',#7205,10.);
#2209=VECTOR('',#7206,10.);
#2210=VECTOR('',#7207,10.);
#2211=VECTOR('',#7208,10.);
#2212=VECTOR('',#7209,10.);
#2213=VECTOR('',#7210,10.);
#2214=VECTOR('',#7211,10.);
#2215=VECTOR('',#7212,10.);
#2216=VECTOR('',#7213,10.);
#2217=VECTOR('',#7214,10.);
#2218=VECTOR('',#7215,10.);
#2219=VECTOR('',#7216,10.);
#2220=VECTOR('',#7217,10.);
#2221=VECTOR('',#7218,10.);
#2222=VECTOR('',#7219,10.);
#2223=VECTOR('',#7220,10.);
#2224=VECTOR('',#7221,10.);
#2225=VECTOR('',#7222,10.);
#2226=VECTOR('',#7223,10.);
#2227=VECTOR('',#7224,10.);
#2228=VECTOR('',#7225,10.);
#2229=VECTOR('',#7226,10.);
#2230=VECTOR('',#7227,10.);
#2231=VECTOR('',#7230,10.);
#2232=VECTOR('',#7233,10.);
#2233=VECTOR('',#7236,10.);
#2234=VECTOR('',#7237,10.);
#2235=VECTOR('',#7240,10.);
#2236=VECTOR('',#7241,10.);
#2237=VECTOR('',#7242,10.);
#2238=VECTOR('',#7245,10.);
#2239=VECTOR('',#7246,10.);
#2240=VECTOR('',#7249,10.);
#2241=VECTOR('',#7250,10.);
#2242=VECTOR('',#7251,10.);
#2243=VECTOR('',#7252,10.);
#2244=VECTOR('',#7255,10.);
#2245=VECTOR('',#7258,10.);
#2246=VECTOR('',#7259,10.);
#2247=VECTOR('',#7262,10.);
#2248=VECTOR('',#7263,10.);
#2249=VECTOR('',#7264,10.);
#2250=VECTOR('',#7265,10.);
#2251=VECTOR('',#7266,10.);
#2252=VECTOR('',#7267,10.);
#2253=VECTOR('',#7272,10.);
#2254=VECTOR('',#7273,10.);
#2255=VECTOR('',#7274,10.);
#2256=VECTOR('',#7275,10.);
#2257=VECTOR('',#7276,10.);
#2258=VECTOR('',#7277,10.);
#2259=VECTOR('',#7278,10.);
#2260=VECTOR('',#7279,10.);
#2261=VECTOR('',#7284,10.);
#2262=VECTOR('',#7285,10.);
#2263=VECTOR('',#7292,10.);
#2264=VECTOR('',#7293,10.);
#2265=VECTOR('',#7300,10.);
#2266=VECTOR('',#7301,10.);
#2267=VECTOR('',#7304,10.);
#2268=VECTOR('',#7305,10.);
#2269=VECTOR('',#7308,10.);
#2270=VECTOR('',#7309,10.);
#2271=VECTOR('',#7312,10.);
#2272=VECTOR('',#7313,10.);
#2273=VECTOR('',#7316,10.);
#2274=VECTOR('',#7317,10.);
#2275=VECTOR('',#7320,10.);
#2276=VECTOR('',#7321,10.);
#2277=VECTOR('',#7324,10.);
#2278=VECTOR('',#7325,10.);
#2279=VECTOR('',#7328,10.);
#2280=VECTOR('',#7329,10.);
#2281=VECTOR('',#7332,10.);
#2282=VECTOR('',#7333,10.);
#2283=VECTOR('',#7336,10.);
#2284=VECTOR('',#7337,10.);
#2285=VECTOR('',#7340,10.);
#2286=VECTOR('',#7343,10.);
#2287=VECTOR('',#7344,10.);
#2288=VECTOR('',#7347,10.);
#2289=VECTOR('',#7348,10.);
#2290=VECTOR('',#7351,10.);
#2291=VECTOR('',#7352,10.);
#2292=VECTOR('',#7355,10.);
#2293=VECTOR('',#7356,10.);
#2294=VECTOR('',#7359,10.);
#2295=VECTOR('',#7360,10.);
#2296=VECTOR('',#7363,10.);
#2297=VECTOR('',#7364,10.);
#2298=VECTOR('',#7367,10.);
#2299=VECTOR('',#7368,10.);
#2300=VECTOR('',#7371,10.);
#2301=VECTOR('',#7372,10.);
#2302=VECTOR('',#7375,10.);
#2303=VECTOR('',#7376,10.);
#2304=VECTOR('',#7379,10.);
#2305=VECTOR('',#7380,10.);
#2306=VECTOR('',#7383,10.);
#2307=VECTOR('',#7388,10.);
#2308=VECTOR('',#7391,10.);
#2309=VECTOR('',#7394,10.);
#2310=VECTOR('',#7399,10.);
#2311=VECTOR('',#7404,10.);
#2312=VECTOR('',#7407,10.);
#2313=VECTOR('',#7410,10.);
#2314=VECTOR('',#7415,10.);
#2315=VECTOR('',#7420,10.);
#2316=VECTOR('',#7425,10.);
#2317=VECTOR('',#7430,10.);
#2318=VECTOR('',#7433,10.);
#2319=VECTOR('',#7436,10.);
#2320=VECTOR('',#7441,10.);
#2321=VECTOR('',#7446,10.);
#2322=VECTOR('',#7449,10.);
#2323=VECTOR('',#7452,10.);
#2324=VECTOR('',#7457,10.);
#2325=VECTOR('',#7462,10.);
#2326=VECTOR('',#7465,10.);
#2327=VECTOR('',#7468,10.);
#2328=VECTOR('',#7469,10.);
#2329=VECTOR('',#7472,10.);
#2330=VECTOR('',#7475,10.);
#2331=VECTOR('',#7476,10.);
#2332=VECTOR('',#7483,10.);
#2333=VECTOR('',#7484,10.);
#2334=VECTOR('',#7489,10.);
#2335=VECTOR('',#7496,10.);
#2336=VECTOR('',#7521,10.);
#2337=VECTOR('',#7522,10.);
#2338=VECTOR('',#7525,10.);
#2339=VERTEX_POINT('',#7532);
#2340=VERTEX_POINT('',#7533);
#2341=VERTEX_POINT('',#7535);
#2342=VERTEX_POINT('',#7537);
#2343=VERTEX_POINT('',#7539);
#2344=VERTEX_POINT('',#7541);
#2345=VERTEX_POINT('',#7543);
#2346=VERTEX_POINT('',#7545);
#2347=VERTEX_POINT('',#7547);
#2348=VERTEX_POINT('',#7549);
#2349=VERTEX_POINT('',#7551);
#2350=VERTEX_POINT('',#7553);
#2351=VERTEX_POINT('',#7580);
#2352=VERTEX_POINT('',#7581);
#2353=VERTEX_POINT('',#7586);
#2354=VERTEX_POINT('',#7633);
#2355=VERTEX_POINT('',#7689);
#2356=VERTEX_POINT('',#7694);
#2357=VERTEX_POINT('',#7696);
#2358=VERTEX_POINT('',#7698);
#2359=VERTEX_POINT('',#7700);
#2360=VERTEX_POINT('',#7702);
#2361=VERTEX_POINT('',#7704);
#2362=VERTEX_POINT('',#7706);
#2363=VERTEX_POINT('',#7708);
#2364=VERTEX_POINT('',#7710);
#2365=VERTEX_POINT('',#7712);
#2366=VERTEX_POINT('',#7714);
#2367=VERTEX_POINT('',#7716);
#2368=VERTEX_POINT('',#7718);
#2369=VERTEX_POINT('',#7720);
#2370=VERTEX_POINT('',#7722);
#2371=VERTEX_POINT('',#7724);
#2372=VERTEX_POINT('',#7726);
#2373=VERTEX_POINT('',#7728);
#2374=VERTEX_POINT('',#7730);
#2375=VERTEX_POINT('',#7732);
#2376=VERTEX_POINT('',#7734);
#2377=VERTEX_POINT('',#7736);
#2378=VERTEX_POINT('',#7738);
#2379=VERTEX_POINT('',#7740);
#2380=VERTEX_POINT('',#7742);
#2381=VERTEX_POINT('',#7744);
#2382=VERTEX_POINT('',#7746);
#2383=VERTEX_POINT('',#7748);
#2384=VERTEX_POINT('',#7752);
#2385=VERTEX_POINT('',#7756);
#2386=VERTEX_POINT('',#7758);
#2387=VERTEX_POINT('',#7760);
#2388=VERTEX_POINT('',#7767);
#2389=VERTEX_POINT('',#7769);
#2390=VERTEX_POINT('',#7796);
#2391=VERTEX_POINT('',#7797);
#2392=VERTEX_POINT('',#7802);
#2393=VERTEX_POINT('',#7849);
#2394=VERTEX_POINT('',#7905);
#2395=VERTEX_POINT('',#7910);
#2396=VERTEX_POINT('',#7912);
#2397=VERTEX_POINT('',#7914);
#2398=VERTEX_POINT('',#7916);
#2399=VERTEX_POINT('',#7918);
#2400=VERTEX_POINT('',#7920);
#2401=VERTEX_POINT('',#7922);
#2402=VERTEX_POINT('',#7924);
#2403=VERTEX_POINT('',#7926);
#2404=VERTEX_POINT('',#7928);
#2405=VERTEX_POINT('',#7930);
#2406=VERTEX_POINT('',#7932);
#2407=VERTEX_POINT('',#7934);
#2408=VERTEX_POINT('',#7936);
#2409=VERTEX_POINT('',#7938);
#2410=VERTEX_POINT('',#7940);
#2411=VERTEX_POINT('',#7942);
#2412=VERTEX_POINT('',#7944);
#2413=VERTEX_POINT('',#7946);
#2414=VERTEX_POINT('',#7948);
#2415=VERTEX_POINT('',#7950);
#2416=VERTEX_POINT('',#7952);
#2417=VERTEX_POINT('',#7954);
#2418=VERTEX_POINT('',#7956);
#2419=VERTEX_POINT('',#7958);
#2420=VERTEX_POINT('',#7960);
#2421=VERTEX_POINT('',#7962);
#2422=VERTEX_POINT('',#7964);
#2423=VERTEX_POINT('',#7966);
#2424=VERTEX_POINT('',#7968);
#2425=VERTEX_POINT('',#7970);
#2426=VERTEX_POINT('',#7972);
#2427=VERTEX_POINT('',#7974);
#2428=VERTEX_POINT('',#7976);
#2429=VERTEX_POINT('',#7978);
#2430=VERTEX_POINT('',#7980);
#2431=VERTEX_POINT('',#7984);
#2432=VERTEX_POINT('',#7986);
#2433=VERTEX_POINT('',#7990);
#2434=VERTEX_POINT('',#7991);
#2435=VERTEX_POINT('',#7993);
#2436=VERTEX_POINT('',#7995);
#2437=VERTEX_POINT('',#8006);
#2438=VERTEX_POINT('',#8008);
#2439=VERTEX_POINT('',#8019);
#2440=VERTEX_POINT('',#8021);
#2441=VERTEX_POINT('',#8032);
#2442=VERTEX_POINT('',#8034);
#2443=VERTEX_POINT('',#8045);
#2444=VERTEX_POINT('',#8047);
#2445=VERTEX_POINT('',#8056);
#2446=VERTEX_POINT('',#8058);
#2447=VERTEX_POINT('',#8069);
#2448=VERTEX_POINT('',#8071);
#2449=VERTEX_POINT('',#8080);
#2450=VERTEX_POINT('',#8082);
#2451=VERTEX_POINT('',#8095);
#2452=VERTEX_POINT('',#8096);
#2453=VERTEX_POINT('',#8098);
#2454=VERTEX_POINT('',#8100);
#2455=VERTEX_POINT('',#8104);
#2456=VERTEX_POINT('',#8105);
#2457=VERTEX_POINT('',#8107);
#2458=VERTEX_POINT('',#8109);
#2459=VERTEX_POINT('',#8113);
#2460=VERTEX_POINT('',#8115);
#2461=VERTEX_POINT('',#8117);
#2462=VERTEX_POINT('',#8119);
#2463=VERTEX_POINT('',#8121);
#2464=VERTEX_POINT('',#8130);
#2465=VERTEX_POINT('',#8132);
#2466=VERTEX_POINT('',#8143);
#2467=VERTEX_POINT('',#8145);
#2468=VERTEX_POINT('',#8156);
#2469=VERTEX_POINT('',#8158);
#2470=VERTEX_POINT('',#8167);
#2471=VERTEX_POINT('',#8169);
#2472=VERTEX_POINT('',#8180);
#2473=VERTEX_POINT('',#8182);
#2474=VERTEX_POINT('',#8193);
#2475=VERTEX_POINT('',#8195);
#2476=VERTEX_POINT('',#8197);
#2477=VERTEX_POINT('',#8208);
#2478=VERTEX_POINT('',#8210);
#2479=VERTEX_POINT('',#8221);
#2480=VERTEX_POINT('',#8223);
#2481=VERTEX_POINT('',#8234);
#2482=VERTEX_POINT('',#8236);
#2483=VERTEX_POINT('',#8247);
#2484=VERTEX_POINT('',#8249);
#2485=VERTEX_POINT('',#8258);
#2486=VERTEX_POINT('',#8260);
#2487=VERTEX_POINT('',#8271);
#2488=VERTEX_POINT('',#8273);
#2489=VERTEX_POINT('',#8282);
#2490=VERTEX_POINT('',#8284);
#2491=VERTEX_POINT('',#8295);
#2492=VERTEX_POINT('',#8297);
#2493=VERTEX_POINT('',#8299);
#2494=VERTEX_POINT('',#8301);
#2495=VERTEX_POINT('',#8304);
#2496=VERTEX_POINT('',#8305);
#2497=VERTEX_POINT('',#8307);
#2498=VERTEX_POINT('',#8309);
#2499=VERTEX_POINT('',#8311);
#2500=VERTEX_POINT('',#8313);
#2501=VERTEX_POINT('',#8315);
#2502=VERTEX_POINT('',#8317);
#2503=VERTEX_POINT('',#8319);
#2504=VERTEX_POINT('',#8322);
#2505=VERTEX_POINT('',#8323);
#2506=VERTEX_POINT('',#8325);
#2507=VERTEX_POINT('',#8329);
#2508=VERTEX_POINT('',#8331);
#2509=VERTEX_POINT('',#8335);
#2510=VERTEX_POINT('',#8339);
#2511=VERTEX_POINT('',#8343);
#2512=VERTEX_POINT('',#8347);
#2513=VERTEX_POINT('',#8351);
#2514=VERTEX_POINT('',#8355);
#2515=VERTEX_POINT('',#8359);
#2516=VERTEX_POINT('',#8366);
#2517=VERTEX_POINT('',#8367);
#2518=VERTEX_POINT('',#8369);
#2519=VERTEX_POINT('',#8371);
#2520=VERTEX_POINT('',#8375);
#2521=VERTEX_POINT('',#8377);
#2522=VERTEX_POINT('',#8381);
#2523=VERTEX_POINT('',#8383);
#2524=VERTEX_POINT('',#8387);
#2525=VERTEX_POINT('',#8389);
#2526=VERTEX_POINT('',#8393);
#2527=VERTEX_POINT('',#8395);
#2528=VERTEX_POINT('',#8399);
#2529=VERTEX_POINT('',#8401);
#2530=VERTEX_POINT('',#8405);
#2531=VERTEX_POINT('',#8407);
#2532=VERTEX_POINT('',#8411);
#2533=VERTEX_POINT('',#8413);
#2534=VERTEX_POINT('',#8417);
#2535=VERTEX_POINT('',#8419);
#2536=VERTEX_POINT('',#8423);
#2537=VERTEX_POINT('',#8425);
#2538=VERTEX_POINT('',#8429);
#2539=VERTEX_POINT('',#8431);
#2540=VERTEX_POINT('',#8439);
#2541=VERTEX_POINT('',#8441);
#2542=VERTEX_POINT('',#8445);
#2543=VERTEX_POINT('',#8447);
#2544=VERTEX_POINT('',#8454);
#2545=VERTEX_POINT('',#8456);
#2546=VERTEX_POINT('',#8463);
#2547=VERTEX_POINT('',#8465);
#2548=VERTEX_POINT('',#8469);
#2549=VERTEX_POINT('',#8471);
#2550=VERTEX_POINT('',#8476);
#2551=VERTEX_POINT('',#8481);
#2552=VERTEX_POINT('',#8483);
#2553=VERTEX_POINT('',#8485);
#2554=VERTEX_POINT('',#8487);
#2555=VERTEX_POINT('',#8489);
#2556=VERTEX_POINT('',#8491);
#2557=VERTEX_POINT('',#8493);
#2558=VERTEX_POINT('',#8495);
#2559=VERTEX_POINT('',#8497);
#2560=VERTEX_POINT('',#8499);
#2561=VERTEX_POINT('',#8501);
#2562=VERTEX_POINT('',#8503);
#2563=VERTEX_POINT('',#8505);
#2564=VERTEX_POINT('',#8507);
#2565=VERTEX_POINT('',#8509);
#2566=VERTEX_POINT('',#8511);
#2567=VERTEX_POINT('',#8513);
#2568=VERTEX_POINT('',#8515);
#2569=VERTEX_POINT('',#8517);
#2570=VERTEX_POINT('',#8519);
#2571=VERTEX_POINT('',#8521);
#2572=VERTEX_POINT('',#8523);
#2573=VERTEX_POINT('',#8525);
#2574=VERTEX_POINT('',#8527);
#2575=VERTEX_POINT('',#8529);
#2576=VERTEX_POINT('',#8531);
#2577=VERTEX_POINT('',#8533);
#2578=VERTEX_POINT('',#8538);
#2579=VERTEX_POINT('',#8540);
#2580=VERTEX_POINT('',#8542);
#2581=VERTEX_POINT('',#8544);
#2582=VERTEX_POINT('',#8546);
#2583=VERTEX_POINT('',#8548);
#2584=VERTEX_POINT('',#8550);
#2585=VERTEX_POINT('',#8552);
#2586=VERTEX_POINT('',#8554);
#2587=VERTEX_POINT('',#8556);
#2588=VERTEX_POINT('',#8558);
#2589=VERTEX_POINT('',#8560);
#2590=VERTEX_POINT('',#8562);
#2591=VERTEX_POINT('',#8564);
#2592=VERTEX_POINT('',#8566);
#2593=VERTEX_POINT('',#8568);
#2594=VERTEX_POINT('',#8570);
#2595=VERTEX_POINT('',#8572);
#2596=VERTEX_POINT('',#8574);
#2597=VERTEX_POINT('',#8576);
#2598=VERTEX_POINT('',#8578);
#2599=VERTEX_POINT('',#8580);
#2600=VERTEX_POINT('',#8582);
#2601=VERTEX_POINT('',#8584);
#2602=VERTEX_POINT('',#8586);
#2603=VERTEX_POINT('',#8590);
#2604=VERTEX_POINT('',#8591);
#2605=VERTEX_POINT('',#8593);
#2606=VERTEX_POINT('',#8596);
#2607=VERTEX_POINT('',#8598);
#2608=VERTEX_POINT('',#8600);
#2609=VERTEX_POINT('',#8604);
#2610=VERTEX_POINT('',#8610);
#2611=VERTEX_POINT('',#8617);
#2612=VERTEX_POINT('',#8618);
#2613=VERTEX_POINT('',#8620);
#2614=VERTEX_POINT('',#8622);
#2615=VERTEX_POINT('',#8624);
#2616=VERTEX_POINT('',#8626);
#2617=VERTEX_POINT('',#8631);
#2618=VERTEX_POINT('',#8636);
#2619=VERTEX_POINT('',#8637);
#2620=VERTEX_POINT('',#8642);
#2621=VERTEX_POINT('',#8643);
#2622=VERTEX_POINT('',#8645);
#2623=VERTEX_POINT('',#8647);
#2624=VERTEX_POINT('',#8651);
#2625=VERTEX_POINT('',#8652);
#2626=VERTEX_POINT('',#8657);
#2627=VERTEX_POINT('',#8658);
#2628=VERTEX_POINT('',#8660);
#2629=VERTEX_POINT('',#8662);
#2630=VERTEX_POINT('',#8689);
#2631=VERTEX_POINT('',#8690);
#2632=VERTEX_POINT('',#8710);
#2633=VERTEX_POINT('',#8719);
#2634=VERTEX_POINT('',#8730);
#2635=VERTEX_POINT('',#8732);
#2636=VERTEX_POINT('',#8743);
#2637=VERTEX_POINT('',#8745);
#2638=VERTEX_POINT('',#8754);
#2639=VERTEX_POINT('',#8799);
#2640=VERTEX_POINT('',#8804);
#2641=VERTEX_POINT('',#8834);
#2642=VERTEX_POINT('',#8835);
#2643=VERTEX_POINT('',#8855);
#2644=VERTEX_POINT('',#8859);
#2645=VERTEX_POINT('',#8871);
#2646=VERTEX_POINT('',#8873);
#2647=VERTEX_POINT('',#8875);
#2648=VERTEX_POINT('',#8877);
#2649=VERTEX_POINT('',#8888);
#2650=VERTEX_POINT('',#8890);
#2651=VERTEX_POINT('',#8926);
#2652=VERTEX_POINT('',#8993);
#2653=VERTEX_POINT('',#9100);
#2654=VERTEX_POINT('',#9175);
#2655=VERTEX_POINT('',#9253);
#2656=VERTEX_POINT('',#9305);
#2657=VERTEX_POINT('',#9307);
#2658=VERTEX_POINT('',#9311);
#2659=VERTEX_POINT('',#9325);
#2660=VERTEX_POINT('',#9327);
#2661=VERTEX_POINT('',#9331);
#2662=VERTEX_POINT('',#9375);
#2663=VERTEX_POINT('',#9377);
#2664=VERTEX_POINT('',#9381);
#2665=VERTEX_POINT('',#9383);
#2666=VERTEX_POINT('',#9387);
#2667=VERTEX_POINT('',#9392);
#2668=VERTEX_POINT('',#9397);
#2669=VERTEX_POINT('',#9399);
#2670=VERTEX_POINT('',#9403);
#2671=VERTEX_POINT('',#9405);
#2672=VERTEX_POINT('',#9409);
#2673=VERTEX_POINT('',#9414);
#2674=VERTEX_POINT('',#9419);
#2675=VERTEX_POINT('',#9421);
#2676=VERTEX_POINT('',#9425);
#2677=VERTEX_POINT('',#9427);
#2678=VERTEX_POINT('',#9432);
#2679=VERTEX_POINT('',#9436);
#2680=VERTEX_POINT('',#9442);
#2681=VERTEX_POINT('',#9444);
#2682=VERTEX_POINT('',#9448);
#2683=VERTEX_POINT('',#9450);
#2684=VERTEX_POINT('',#9454);
#2685=VERTEX_POINT('',#9460);
#2686=VERTEX_POINT('',#9466);
#2687=VERTEX_POINT('',#9468);
#2688=VERTEX_POINT('',#9472);
#2689=VERTEX_POINT('',#9474);
#2690=VERTEX_POINT('',#9478);
#2691=VERTEX_POINT('',#9484);
#2692=VERTEX_POINT('',#9490);
#2693=VERTEX_POINT('',#9492);
#2694=VERTEX_POINT('',#9496);
#2695=VERTEX_POINT('',#9502);
#2696=VERTEX_POINT('',#9506);
#2697=VERTEX_POINT('',#9510);
#2698=VERTEX_POINT('',#9516);
#2699=VERTEX_POINT('',#9522);
#2700=VERTEX_POINT('',#9526);
#2701=VERTEX_POINT('',#9530);
#2702=VERTEX_POINT('',#9536);
#2703=VERTEX_POINT('',#9542);
#2704=VERTEX_POINT('',#9546);
#2705=VERTEX_POINT('',#9644);
#2706=VERTEX_POINT('',#9682);
#2707=VERTEX_POINT('',#9693);
#2708=VERTEX_POINT('',#9697);
#2709=VERTEX_POINT('',#9771);
#2710=VERTEX_POINT('',#9778);
#2711=VERTEX_POINT('',#9782);
#2712=VERTEX_POINT('',#9784);
#2713=VERTEX_POINT('',#9789);
#2714=VERTEX_POINT('',#9792);
#2715=VERTEX_POINT('',#9795);
#2716=VERTEX_POINT('',#9799);
#2717=VERTEX_POINT('',#9802);
#2718=VERTEX_POINT('',#9828);
#2719=VERTEX_POINT('',#9829);
#2720=VERTEX_POINT('',#9834);
#2721=VERTEX_POINT('',#9842);
#2722=VERTEX_POINT('',#9849);
#2723=VERTEX_POINT('',#9851);
#2724=VERTEX_POINT('',#9858);
#2725=VERTEX_POINT('',#9860);
#2726=VERTEX_POINT('',#9862);
#2727=VERTEX_POINT('',#9864);
#2728=VERTEX_POINT('',#9866);
#2729=VERTEX_POINT('',#9868);
#2730=VERTEX_POINT('',#9870);
#2731=VERTEX_POINT('',#9872);
#2732=VERTEX_POINT('',#9874);
#2733=VERTEX_POINT('',#9876);
#2734=VERTEX_POINT('',#9878);
#2735=VERTEX_POINT('',#9880);
#2736=VERTEX_POINT('',#9882);
#2737=VERTEX_POINT('',#9884);
#2738=VERTEX_POINT('',#9886);
#2739=VERTEX_POINT('',#9888);
#2740=VERTEX_POINT('',#9890);
#2741=VERTEX_POINT('',#9892);
#2742=VERTEX_POINT('',#9894);
#2743=VERTEX_POINT('',#9896);
#2744=VERTEX_POINT('',#9898);
#2745=VERTEX_POINT('',#9900);
#2746=VERTEX_POINT('',#9902);
#2747=VERTEX_POINT('',#9904);
#2748=VERTEX_POINT('',#9906);
#2749=VERTEX_POINT('',#9908);
#2750=VERTEX_POINT('',#9910);
#2751=VERTEX_POINT('',#9914);
#2752=VERTEX_POINT('',#9919);
#2753=VERTEX_POINT('',#9924);
#2754=VERTEX_POINT('',#9926);
#2755=VERTEX_POINT('',#9928);
#2756=VERTEX_POINT('',#9930);
#2757=VERTEX_POINT('',#9932);
#2758=VERTEX_POINT('',#9934);
#2759=VERTEX_POINT('',#9936);
#2760=VERTEX_POINT('',#9938);
#2761=VERTEX_POINT('',#9940);
#2762=VERTEX_POINT('',#9942);
#2763=VERTEX_POINT('',#9944);
#2764=VERTEX_POINT('',#9946);
#2765=VERTEX_POINT('',#9948);
#2766=VERTEX_POINT('',#9950);
#2767=VERTEX_POINT('',#9952);
#2768=VERTEX_POINT('',#9954);
#2769=VERTEX_POINT('',#9956);
#2770=VERTEX_POINT('',#9958);
#2771=VERTEX_POINT('',#9960);
#2772=VERTEX_POINT('',#9962);
#2773=VERTEX_POINT('',#9964);
#2774=VERTEX_POINT('',#9966);
#2775=VERTEX_POINT('',#9968);
#2776=VERTEX_POINT('',#9970);
#2777=VERTEX_POINT('',#9972);
#2778=VERTEX_POINT('',#9974);
#2779=VERTEX_POINT('',#9976);
#2780=VERTEX_POINT('',#9982);
#2781=VERTEX_POINT('',#9988);
#2782=VERTEX_POINT('',#9996);
#2783=VERTEX_POINT('',#9998);
#2784=VERTEX_POINT('',#10000);
#2785=VERTEX_POINT('',#10002);
#2786=VERTEX_POINT('',#10004);
#2787=VERTEX_POINT('',#10006);
#2788=VERTEX_POINT('',#10008);
#2789=VERTEX_POINT('',#10010);
#2790=VERTEX_POINT('',#10012);
#2791=VERTEX_POINT('',#10014);
#2792=VERTEX_POINT('',#10016);
#2793=VERTEX_POINT('',#10018);
#2794=VERTEX_POINT('',#10020);
#2795=VERTEX_POINT('',#10022);
#2796=VERTEX_POINT('',#10024);
#2797=VERTEX_POINT('',#10026);
#2798=VERTEX_POINT('',#10028);
#2799=VERTEX_POINT('',#10030);
#2800=VERTEX_POINT('',#10032);
#2801=VERTEX_POINT('',#10034);
#2802=VERTEX_POINT('',#10036);
#2803=VERTEX_POINT('',#10038);
#2804=VERTEX_POINT('',#10040);
#2805=VERTEX_POINT('',#10042);
#2806=VERTEX_POINT('',#10044);
#2807=VERTEX_POINT('',#10046);
#2808=VERTEX_POINT('',#10049);
#2809=VERTEX_POINT('',#10051);
#2810=VERTEX_POINT('',#10054);
#2811=VERTEX_POINT('',#10056);
#2812=VERTEX_POINT('',#10060);
#2813=VERTEX_POINT('',#10071);
#2814=VERTEX_POINT('',#10083);
#2815=VERTEX_POINT('',#10094);
#2816=VERTEX_POINT('',#10107);
#2817=VERTEX_POINT('',#10111);
#2818=VERTEX_POINT('',#10112);
#2819=VERTEX_POINT('',#10114);
#2820=VERTEX_POINT('',#10123);
#2821=VERTEX_POINT('',#10125);
#2822=VERTEX_POINT('',#10128);
#2823=VERTEX_POINT('',#10176);
#2824=VERTEX_POINT('',#10179);
#2825=VERTEX_POINT('',#10182);
#2826=VERTEX_POINT('',#10185);
#2827=VERTEX_POINT('',#10188);
#2828=VERTEX_POINT('',#10191);
#2829=VERTEX_POINT('',#10194);
#2830=VERTEX_POINT('',#10197);
#2831=VERTEX_POINT('',#10200);
#2832=VERTEX_POINT('',#10203);
#2833=VERTEX_POINT('',#10206);
#2834=VERTEX_POINT('',#10207);
#2835=VERTEX_POINT('',#10209);
#2836=VERTEX_POINT('',#10213);
#2837=VERTEX_POINT('',#10214);
#2838=VERTEX_POINT('',#10216);
#2839=VERTEX_POINT('',#10225);
#2840=VERTEX_POINT('',#10227);
#2841=VERTEX_POINT('',#10230);
#2842=VERTEX_POINT('',#10278);
#2843=VERTEX_POINT('',#10281);
#2844=VERTEX_POINT('',#10284);
#2845=VERTEX_POINT('',#10287);
#2846=VERTEX_POINT('',#10290);
#2847=VERTEX_POINT('',#10293);
#2848=VERTEX_POINT('',#10296);
#2849=VERTEX_POINT('',#10299);
#2850=VERTEX_POINT('',#10302);
#2851=VERTEX_POINT('',#10305);
#2852=VERTEX_POINT('',#10308);
#2853=VERTEX_POINT('',#10316);
#2854=VERTEX_POINT('',#10347);
#2855=VERTEX_POINT('',#10348);
#2856=VERTEX_POINT('',#10359);
#2857=VERTEX_POINT('',#10364);
#2858=VERTEX_POINT('',#10380);
#2859=VERTEX_POINT('',#10382);
#2860=VERTEX_POINT('',#10390);
#2861=VERTEX_POINT('',#10401);
#2862=VERTEX_POINT('',#10403);
#2863=VERTEX_POINT('',#10414);
#2864=VERTEX_POINT('',#10416);
#2865=VERTEX_POINT('',#10425);
#2866=VERTEX_POINT('',#10461);
#2867=VERTEX_POINT('',#10466);
#2868=VERTEX_POINT('',#10482);
#2869=VERTEX_POINT('',#10516);
#2870=VERTEX_POINT('',#10517);
#2871=VERTEX_POINT('',#10537);
#2872=VERTEX_POINT('',#10541);
#2873=VERTEX_POINT('',#10553);
#2874=VERTEX_POINT('',#10555);
#2875=VERTEX_POINT('',#10557);
#2876=VERTEX_POINT('',#10559);
#2877=VERTEX_POINT('',#10570);
#2878=VERTEX_POINT('',#10572);
#2879=VERTEX_POINT('',#10614);
#2880=VERTEX_POINT('',#10616);
#2881=VERTEX_POINT('',#10618);
#2882=VERTEX_POINT('',#10628);
#2883=VERTEX_POINT('',#10639);
#2884=VERTEX_POINT('',#10641);
#2885=VERTEX_POINT('',#10661);
#2886=VERTEX_POINT('',#10662);
#2887=VERTEX_POINT('',#10664);
#2888=VERTEX_POINT('',#10823);
#2889=VERTEX_POINT('',#10907);
#2890=VERTEX_POINT('',#10923);
#2891=EDGE_CURVE('',#2339,#2340,#857,.T.);
#2892=EDGE_CURVE('',#2339,#2341,#858,.T.);
#2893=EDGE_CURVE('',#2341,#2342,#859,.T.);
#2894=EDGE_CURVE('',#2343,#2342,#860,.T.);
#2895=EDGE_CURVE('',#2343,#2344,#861,.T.);
#2896=EDGE_CURVE('',#2344,#2345,#862,.T.);
#2897=EDGE_CURVE('',#2346,#2345,#863,.T.);
#2898=EDGE_CURVE('',#2346,#2347,#864,.T.);
#2899=EDGE_CURVE('',#2347,#2348,#865,.T.);
#2900=EDGE_CURVE('',#2349,#2348,#866,.T.);
#2901=EDGE_CURVE('',#2349,#2350,#867,.T.);
#2902=EDGE_CURVE('',#2350,#2340,#868,.T.);
#2903=EDGE_CURVE('',#2351,#2352,#71,.T.);
#2904=EDGE_CURVE('',#2352,#2353,#72,.T.);
#2905=EDGE_CURVE('',#2353,#2354,#73,.T.);
#2906=EDGE_CURVE('',#2354,#2351,#74,.T.);
#2907=EDGE_CURVE('',#2352,#2339,#869,.T.);
#2908=EDGE_CURVE('',#2355,#2351,#75,.T.);
#2909=EDGE_CURVE('',#2356,#2355,#870,.T.);
#2910=EDGE_CURVE('',#2356,#2357,#871,.T.);
#2911=EDGE_CURVE('',#2357,#2358,#872,.T.);
#2912=EDGE_CURVE('',#2359,#2358,#873,.T.);
#2913=EDGE_CURVE('',#2359,#2360,#874,.T.);
#2914=EDGE_CURVE('',#2360,#2361,#875,.T.);
#2915=EDGE_CURVE('',#2361,#2362,#876,.T.);
#2916=EDGE_CURVE('',#2362,#2363,#877,.T.);
#2917=EDGE_CURVE('',#2363,#2364,#878,.T.);
#2918=EDGE_CURVE('',#2365,#2364,#879,.T.);
#2919=EDGE_CURVE('',#2365,#2366,#880,.T.);
#2920=EDGE_CURVE('',#2366,#2367,#881,.T.);
#2921=EDGE_CURVE('',#2367,#2368,#882,.T.);
#2922=EDGE_CURVE('',#2369,#2368,#883,.T.);
#2923=EDGE_CURVE('',#2369,#2370,#884,.T.);
#2924=EDGE_CURVE('',#2370,#2371,#885,.T.);
#2925=EDGE_CURVE('',#2371,#2372,#886,.T.);
#2926=EDGE_CURVE('',#2372,#2373,#887,.T.);
#2927=EDGE_CURVE('',#2373,#2374,#888,.T.);
#2928=EDGE_CURVE('',#2375,#2374,#889,.T.);
#2929=EDGE_CURVE('',#2375,#2376,#890,.T.);
#2930=EDGE_CURVE('',#2376,#2377,#891,.T.);
#2931=EDGE_CURVE('',#2377,#2378,#892,.T.);
#2932=EDGE_CURVE('',#2379,#2378,#893,.T.);
#2933=EDGE_CURVE('',#2379,#2380,#894,.T.);
#2934=EDGE_CURVE('',#2380,#2381,#895,.T.);
#2935=EDGE_CURVE('',#2381,#2382,#896,.T.);
#2936=EDGE_CURVE('',#2382,#2383,#897,.T.);
#2937=EDGE_CURVE('',#2383,#2341,#898,.T.);
#2938=EDGE_CURVE('',#2340,#2384,#899,.T.);
#2939=EDGE_CURVE('',#2353,#2384,#900,.T.);
#2940=EDGE_CURVE('',#2350,#2385,#901,.T.);
#2941=EDGE_CURVE('',#2386,#2385,#902,.T.);
#2942=EDGE_CURVE('',#2387,#2386,#76,.T.);
#2943=EDGE_CURVE('',#2384,#2387,#903,.T.);
#2944=EDGE_CURVE('',#2348,#2388,#904,.T.);
#2945=EDGE_CURVE('',#2389,#2388,#905,.T.);
#2946=EDGE_CURVE('',#2389,#2349,#906,.T.);
#2947=EDGE_CURVE('',#2390,#2391,#77,.T.);
#2948=EDGE_CURVE('',#2391,#2392,#78,.T.);
#2949=EDGE_CURVE('',#2392,#2393,#79,.T.);
#2950=EDGE_CURVE('',#2393,#2390,#80,.T.);
#2951=EDGE_CURVE('',#2391,#2343,#907,.T.);
#2952=EDGE_CURVE('',#2394,#2390,#81,.T.);
#2953=EDGE_CURVE('',#2395,#2394,#908,.T.);
#2954=EDGE_CURVE('',#2395,#2396,#909,.T.);
#2955=EDGE_CURVE('',#2396,#2397,#910,.T.);
#2956=EDGE_CURVE('',#2398,#2397,#911,.T.);
#2957=EDGE_CURVE('',#2398,#2399,#912,.T.);
#2958=EDGE_CURVE('',#2399,#2400,#913,.T.);
#2959=EDGE_CURVE('',#2400,#2401,#914,.T.);
#2960=EDGE_CURVE('',#2401,#2402,#915,.T.);
#2961=EDGE_CURVE('',#2402,#2403,#916,.T.);
#2962=EDGE_CURVE('',#2404,#2403,#917,.T.);
#2963=EDGE_CURVE('',#2404,#2405,#918,.T.);
#2964=EDGE_CURVE('',#2405,#2406,#919,.T.);
#2965=EDGE_CURVE('',#2406,#2407,#920,.T.);
#2966=EDGE_CURVE('',#2408,#2407,#921,.T.);
#2967=EDGE_CURVE('',#2408,#2409,#922,.T.);
#2968=EDGE_CURVE('',#2409,#2410,#923,.T.);
#2969=EDGE_CURVE('',#2410,#2411,#924,.T.);
#2970=EDGE_CURVE('',#2411,#2412,#925,.T.);
#2971=EDGE_CURVE('',#2412,#2413,#926,.T.);
#2972=EDGE_CURVE('',#2414,#2413,#927,.T.);
#2973=EDGE_CURVE('',#2414,#2415,#928,.T.);
#2974=EDGE_CURVE('',#2415,#2416,#929,.T.);
#2975=EDGE_CURVE('',#2416,#2417,#930,.T.);
#2976=EDGE_CURVE('',#2418,#2417,#931,.T.);
#2977=EDGE_CURVE('',#2418,#2419,#932,.T.);
#2978=EDGE_CURVE('',#2419,#2420,#933,.T.);
#2979=EDGE_CURVE('',#2420,#2421,#934,.T.);
#2980=EDGE_CURVE('',#2421,#2422,#935,.T.);
#2981=EDGE_CURVE('',#2423,#2422,#936,.T.);
#2982=EDGE_CURVE('',#2424,#2423,#937,.T.);
#2983=EDGE_CURVE('',#2425,#2424,#938,.T.);
#2984=EDGE_CURVE('',#2425,#2426,#939,.T.);
#2985=EDGE_CURVE('',#2427,#2426,#940,.T.);
#2986=EDGE_CURVE('',#2427,#2428,#941,.T.);
#2987=EDGE_CURVE('',#2429,#2428,#942,.T.);
#2988=EDGE_CURVE('',#2430,#2429,#943,.T.);
#2989=EDGE_CURVE('',#2344,#2430,#944,.T.);
#2990=EDGE_CURVE('',#2345,#2431,#945,.T.);
#2991=EDGE_CURVE('',#2432,#2431,#946,.T.);
#2992=EDGE_CURVE('',#2432,#2346,#947,.T.);
#2993=EDGE_CURVE('',#2433,#2434,#948,.T.);
#2994=EDGE_CURVE('',#2434,#2435,#949,.T.);
#2995=EDGE_CURVE('',#2436,#2435,#82,.T.);
#2996=EDGE_CURVE('',#2436,#2437,#950,.T.);
#2997=EDGE_CURVE('',#2438,#2437,#83,.T.);
#2998=EDGE_CURVE('',#2438,#2439,#951,.T.);
#2999=EDGE_CURVE('',#2440,#2439,#84,.F.);
#3000=EDGE_CURVE('',#2440,#2441,#952,.T.);
#3001=EDGE_CURVE('',#2442,#2441,#85,.F.);
#3002=EDGE_CURVE('',#2442,#2443,#953,.T.);
#3003=EDGE_CURVE('',#2444,#2443,#86,.F.);
#3004=EDGE_CURVE('',#2444,#2445,#954,.T.);
#3005=EDGE_CURVE('',#2446,#2445,#87,.F.);
#3006=EDGE_CURVE('',#2446,#2447,#955,.T.);
#3007=EDGE_CURVE('',#2448,#2447,#88,.T.);
#3008=EDGE_CURVE('',#2448,#2449,#956,.T.);
#3009=EDGE_CURVE('',#2450,#2449,#89,.T.);
#3010=EDGE_CURVE('',#2450,#2433,#957,.T.);
#3011=EDGE_CURVE('',#2451,#2452,#958,.T.);
#3012=EDGE_CURVE('',#2452,#2453,#959,.T.);
#3013=EDGE_CURVE('',#2453,#2454,#960,.T.);
#3014=EDGE_CURVE('',#2454,#2451,#961,.T.);
#3015=EDGE_CURVE('',#2455,#2456,#962,.T.);
#3016=EDGE_CURVE('',#2456,#2457,#963,.T.);
#3017=EDGE_CURVE('',#2457,#2458,#964,.T.);
#3018=EDGE_CURVE('',#2458,#2455,#965,.T.);
#3019=EDGE_CURVE('',#2423,#2459,#966,.T.);
#3020=EDGE_CURVE('',#2459,#2460,#967,.T.);
#3021=EDGE_CURVE('',#2460,#2461,#968,.T.);
#3022=EDGE_CURVE('',#2461,#2462,#969,.T.);
#3023=EDGE_CURVE('',#2463,#2462,#90,.F.);
#3024=EDGE_CURVE('',#2463,#2464,#970,.T.);
#3025=EDGE_CURVE('',#2465,#2464,#91,.F.);
#3026=EDGE_CURVE('',#2465,#2466,#971,.T.);
#3027=EDGE_CURVE('',#2467,#2466,#92,.F.);
#3028=EDGE_CURVE('',#2467,#2468,#972,.T.);
#3029=EDGE_CURVE('',#2469,#2468,#93,.T.);
#3030=EDGE_CURVE('',#2469,#2470,#973,.T.);
#3031=EDGE_CURVE('',#2471,#2470,#94,.F.);
#3032=EDGE_CURVE('',#2471,#2472,#974,.T.);
#3033=EDGE_CURVE('',#2473,#2472,#95,.T.);
#3034=EDGE_CURVE('',#2473,#2474,#975,.T.);
#3035=EDGE_CURVE('',#2474,#2475,#976,.T.);
#3036=EDGE_CURVE('',#2476,#2475,#96,.T.);
#3037=EDGE_CURVE('',#2476,#2477,#977,.T.);
#3038=EDGE_CURVE('',#2478,#2477,#97,.T.);
#3039=EDGE_CURVE('',#2478,#2479,#978,.T.);
#3040=EDGE_CURVE('',#2480,#2479,#98,.F.);
#3041=EDGE_CURVE('',#2480,#2481,#979,.T.);
#3042=EDGE_CURVE('',#2482,#2481,#99,.F.);
#3043=EDGE_CURVE('',#2482,#2483,#980,.T.);
#3044=EDGE_CURVE('',#2484,#2483,#100,.F.);
#3045=EDGE_CURVE('',#2484,#2485,#981,.T.);
#3046=EDGE_CURVE('',#2486,#2485,#101,.F.);
#3047=EDGE_CURVE('',#2486,#2487,#982,.T.);
#3048=EDGE_CURVE('',#2488,#2487,#102,.T.);
#3049=EDGE_CURVE('',#2488,#2489,#983,.T.);
#3050=EDGE_CURVE('',#2490,#2489,#103,.T.);
#3051=EDGE_CURVE('',#2490,#2491,#984,.T.);
#3052=EDGE_CURVE('',#2491,#2492,#985,.T.);
#3053=EDGE_CURVE('',#2492,#2493,#986,.T.);
#3054=EDGE_CURVE('',#2493,#2494,#987,.T.);
#3055=EDGE_CURVE('',#2494,#2424,#988,.T.);
#3056=EDGE_CURVE('',#2495,#2496,#989,.T.);
#3057=EDGE_CURVE('',#2496,#2497,#990,.T.);
#3058=EDGE_CURVE('',#2497,#2498,#991,.T.);
#3059=EDGE_CURVE('',#2498,#2499,#992,.T.);
#3060=EDGE_CURVE('',#2499,#2500,#993,.T.);
#3061=EDGE_CURVE('',#2500,#2501,#994,.T.);
#3062=EDGE_CURVE('',#2501,#2502,#995,.T.);
#3063=EDGE_CURVE('',#2502,#2503,#996,.T.);
#3064=EDGE_CURVE('',#2503,#2495,#997,.T.);
#3065=EDGE_CURVE('',#2504,#2505,#998,.T.);
#3066=EDGE_CURVE('',#2505,#2506,#999,.T.);
#3067=EDGE_CURVE('',#2506,#2504,#1000,.T.);
#3068=EDGE_CURVE('',#2495,#2507,#1001,.T.);
#3069=EDGE_CURVE('',#2507,#2508,#1002,.T.);
#3070=EDGE_CURVE('',#2496,#2508,#1003,.T.);
#3071=EDGE_CURVE('',#2503,#2509,#1004,.T.);
#3072=EDGE_CURVE('',#2509,#2507,#1005,.T.);
#3073=EDGE_CURVE('',#2502,#2510,#1006,.T.);
#3074=EDGE_CURVE('',#2510,#2509,#1007,.T.);
#3075=EDGE_CURVE('',#2501,#2511,#1008,.T.);
#3076=EDGE_CURVE('',#2511,#2510,#1009,.T.);
#3077=EDGE_CURVE('',#2500,#2512,#1010,.T.);
#3078=EDGE_CURVE('',#2512,#2511,#1011,.T.);
#3079=EDGE_CURVE('',#2499,#2513,#1012,.T.);
#3080=EDGE_CURVE('',#2513,#2512,#1013,.T.);
#3081=EDGE_CURVE('',#2498,#2514,#1014,.T.);
#3082=EDGE_CURVE('',#2514,#2513,#1015,.T.);
#3083=EDGE_CURVE('',#2497,#2515,#1016,.T.);
#3084=EDGE_CURVE('',#2515,#2514,#1017,.T.);
#3085=EDGE_CURVE('',#2508,#2515,#1018,.T.);
#3086=EDGE_CURVE('',#2516,#2517,#1019,.T.);
#3087=EDGE_CURVE('',#2516,#2518,#1020,.T.);
#3088=EDGE_CURVE('',#2518,#2519,#1021,.T.);
#3089=EDGE_CURVE('',#2517,#2519,#1022,.T.);
#3090=EDGE_CURVE('',#2520,#2516,#1023,.T.);
#3091=EDGE_CURVE('',#2520,#2521,#1024,.T.);
#3092=EDGE_CURVE('',#2521,#2518,#1025,.T.);
#3093=EDGE_CURVE('',#2522,#2520,#1026,.T.);
#3094=EDGE_CURVE('',#2522,#2523,#1027,.T.);
#3095=EDGE_CURVE('',#2523,#2521,#1028,.T.);
#3096=EDGE_CURVE('',#2524,#2522,#1029,.T.);
#3097=EDGE_CURVE('',#2524,#2525,#1030,.T.);
#3098=EDGE_CURVE('',#2525,#2523,#1031,.T.);
#3099=EDGE_CURVE('',#2526,#2524,#1032,.T.);
#3100=EDGE_CURVE('',#2526,#2527,#1033,.T.);
#3101=EDGE_CURVE('',#2527,#2525,#1034,.T.);
#3102=EDGE_CURVE('',#2528,#2526,#1035,.T.);
#3103=EDGE_CURVE('',#2528,#2529,#1036,.T.);
#3104=EDGE_CURVE('',#2529,#2527,#1037,.T.);
#3105=EDGE_CURVE('',#2530,#2528,#1038,.T.);
#3106=EDGE_CURVE('',#2530,#2531,#1039,.T.);
#3107=EDGE_CURVE('',#2531,#2529,#1040,.T.);
#3108=EDGE_CURVE('',#2532,#2530,#1041,.T.);
#3109=EDGE_CURVE('',#2532,#2533,#1042,.T.);
#3110=EDGE_CURVE('',#2533,#2531,#1043,.T.);
#3111=EDGE_CURVE('',#2534,#2532,#1044,.T.);
#3112=EDGE_CURVE('',#2534,#2535,#1045,.T.);
#3113=EDGE_CURVE('',#2535,#2533,#1046,.T.);
#3114=EDGE_CURVE('',#2536,#2534,#1047,.T.);
#3115=EDGE_CURVE('',#2536,#2537,#1048,.T.);
#3116=EDGE_CURVE('',#2537,#2535,#1049,.T.);
#3117=EDGE_CURVE('',#2538,#2536,#1050,.T.);
#3118=EDGE_CURVE('',#2538,#2539,#1051,.T.);
#3119=EDGE_CURVE('',#2539,#2537,#1052,.T.);
#3120=EDGE_CURVE('',#2517,#2538,#1053,.T.);
#3121=EDGE_CURVE('',#2519,#2539,#1054,.T.);
#3122=EDGE_CURVE('',#2422,#2540,#1055,.T.);
#3123=EDGE_CURVE('',#2541,#2421,#1056,.T.);
#3124=EDGE_CURVE('',#2540,#2541,#1057,.T.);
#3125=EDGE_CURVE('',#2542,#2434,#1058,.T.);
#3126=EDGE_CURVE('',#2543,#2542,#1059,.T.);
#3127=EDGE_CURVE('',#2435,#2543,#104,.T.);
#3128=EDGE_CURVE('',#2474,#2544,#1060,.T.);
#3129=EDGE_CURVE('',#2545,#2473,#105,.T.);
#3130=EDGE_CURVE('',#2544,#2545,#1061,.T.);
#3131=EDGE_CURVE('',#2546,#2491,#1062,.T.);
#3132=EDGE_CURVE('',#2547,#2546,#1063,.T.);
#3133=EDGE_CURVE('',#2492,#2547,#1064,.T.);
#3134=EDGE_CURVE('',#2433,#2548,#1065,.T.);
#3135=EDGE_CURVE('',#2549,#2450,#106,.T.);
#3136=EDGE_CURVE('',#2550,#2549,#107,.T.);
#3137=EDGE_CURVE('',#2551,#2550,#1066,.T.);
#3138=EDGE_CURVE('',#2551,#2552,#1067,.T.);
#3139=EDGE_CURVE('',#2552,#2553,#1068,.T.);
#3140=EDGE_CURVE('',#2554,#2553,#1069,.T.);
#3141=EDGE_CURVE('',#2554,#2555,#1070,.T.);
#3142=EDGE_CURVE('',#2555,#2556,#1071,.T.);
#3143=EDGE_CURVE('',#2556,#2557,#1072,.T.);
#3144=EDGE_CURVE('',#2557,#2558,#1073,.T.);
#3145=EDGE_CURVE('',#2558,#2559,#1074,.T.);
#3146=EDGE_CURVE('',#2560,#2559,#1075,.T.);
#3147=EDGE_CURVE('',#2560,#2561,#1076,.T.);
#3148=EDGE_CURVE('',#2561,#2562,#1077,.T.);
#3149=EDGE_CURVE('',#2562,#2563,#1078,.T.);
#3150=EDGE_CURVE('',#2564,#2563,#1079,.T.);
#3151=EDGE_CURVE('',#2564,#2565,#1080,.T.);
#3152=EDGE_CURVE('',#2565,#2566,#1081,.T.);
#3153=EDGE_CURVE('',#2566,#2567,#1082,.T.);
#3154=EDGE_CURVE('',#2567,#2568,#1083,.T.);
#3155=EDGE_CURVE('',#2568,#2569,#1084,.T.);
#3156=EDGE_CURVE('',#2570,#2569,#1085,.T.);
#3157=EDGE_CURVE('',#2570,#2571,#1086,.T.);
#3158=EDGE_CURVE('',#2571,#2572,#1087,.T.);
#3159=EDGE_CURVE('',#2572,#2573,#1088,.T.);
#3160=EDGE_CURVE('',#2574,#2573,#1089,.T.);
#3161=EDGE_CURVE('',#2574,#2575,#1090,.T.);
#3162=EDGE_CURVE('',#2575,#2576,#1091,.T.);
#3163=EDGE_CURVE('',#2576,#2577,#1092,.T.);
#3164=EDGE_CURVE('',#2577,#2548,#1093,.T.);
#3165=EDGE_CURVE('',#2540,#2459,#1094,.T.);
#3166=EDGE_CURVE('',#2578,#2541,#1095,.T.);
#3167=EDGE_CURVE('',#2578,#2579,#1096,.T.);
#3168=EDGE_CURVE('',#2579,#2580,#1097,.T.);
#3169=EDGE_CURVE('',#2580,#2581,#1098,.T.);
#3170=EDGE_CURVE('',#2581,#2582,#1099,.T.);
#3171=EDGE_CURVE('',#2582,#2583,#1100,.T.);
#3172=EDGE_CURVE('',#2584,#2583,#1101,.T.);
#3173=EDGE_CURVE('',#2584,#2585,#1102,.T.);
#3174=EDGE_CURVE('',#2585,#2586,#1103,.T.);
#3175=EDGE_CURVE('',#2586,#2587,#1104,.T.);
#3176=EDGE_CURVE('',#2588,#2587,#1105,.T.);
#3177=EDGE_CURVE('',#2588,#2589,#1106,.T.);
#3178=EDGE_CURVE('',#2589,#2590,#1107,.T.);
#3179=EDGE_CURVE('',#2590,#2591,#1108,.T.);
#3180=EDGE_CURVE('',#2591,#2592,#1109,.T.);
#3181=EDGE_CURVE('',#2592,#2593,#1110,.T.);
#3182=EDGE_CURVE('',#2594,#2593,#1111,.T.);
#3183=EDGE_CURVE('',#2594,#2595,#1112,.T.);
#3184=EDGE_CURVE('',#2595,#2596,#1113,.T.);
#3185=EDGE_CURVE('',#2596,#2597,#1114,.T.);
#3186=EDGE_CURVE('',#2598,#2597,#1115,.T.);
#3187=EDGE_CURVE('',#2598,#2599,#1116,.T.);
#3188=EDGE_CURVE('',#2599,#2600,#1117,.T.);
#3189=EDGE_CURVE('',#2600,#2601,#1118,.T.);
#3190=EDGE_CURVE('',#2601,#2602,#1119,.T.);
#3191=EDGE_CURVE('',#2602,#2460,#1120,.T.);
#3192=EDGE_CURVE('',#2603,#2604,#1121,.T.);
#3193=EDGE_CURVE('',#2605,#2603,#1122,.T.);
#3194=EDGE_CURVE('',#2494,#2605,#1123,.T.);
#3195=EDGE_CURVE('',#2606,#2493,#1124,.T.);
#3196=EDGE_CURVE('',#2606,#2607,#1125,.T.);
#3197=EDGE_CURVE('',#2608,#2607,#1126,.T.);
#3198=EDGE_CURVE('',#2608,#2604,#1127,.T.);
#3199=EDGE_CURVE('',#2609,#2389,#1128,.T.);
#3200=EDGE_CURVE('',#2439,#2609,#108,.T.);
#3201=EDGE_CURVE('',#2610,#2438,#109,.T.);
#3202=EDGE_CURVE('',#2385,#2610,#1129,.T.);
#3203=EDGE_CURVE('',#2611,#2612,#1130,.T.);
#3204=EDGE_CURVE('',#2613,#2611,#1131,.T.);
#3205=EDGE_CURVE('',#2614,#2613,#1132,.T.);
#3206=EDGE_CURVE('',#2615,#2614,#1133,.T.);
#3207=EDGE_CURVE('',#2616,#2615,#110,.T.);
#3208=EDGE_CURVE('',#2617,#2616,#1134,.T.);
#3209=EDGE_CURVE('',#2342,#2617,#1135,.T.);
#3210=EDGE_CURVE('',#2612,#2383,#1136,.T.);
#3211=EDGE_CURVE('',#2618,#2619,#1137,.T.);
#3212=EDGE_CURVE('',#2618,#2608,#1138,.T.);
#3213=EDGE_CURVE('',#2607,#2619,#1139,.T.);
#3214=EDGE_CURVE('',#2620,#2621,#1140,.T.);
#3215=EDGE_CURVE('',#2620,#2622,#1141,.T.);
#3216=EDGE_CURVE('',#2623,#2622,#1142,.T.);
#3217=EDGE_CURVE('',#2623,#2621,#1143,.T.);
#3218=EDGE_CURVE('',#2624,#2625,#1144,.T.);
#3219=EDGE_CURVE('',#2624,#2427,#1145,.T.);
#3220=EDGE_CURVE('',#2426,#2625,#1146,.T.);
#3221=EDGE_CURVE('',#2626,#2627,#1147,.T.);
#3222=EDGE_CURVE('',#2626,#2628,#1148,.T.);
#3223=EDGE_CURVE('',#2629,#2628,#1149,.T.);
#3224=EDGE_CURVE('',#2629,#2627,#1150,.T.);
#3225=EDGE_CURVE('',#2630,#2631,#111,.T.);
#3226=EDGE_CURVE('',#2631,#2465,#112,.T.);
#3227=EDGE_CURVE('',#2464,#2630,#113,.T.);
#3228=EDGE_CURVE('',#2632,#2631,#1151,.T.);
#3229=EDGE_CURVE('',#2466,#2632,#114,.T.);
#3230=EDGE_CURVE('',#2630,#2392,#1152,.T.);
#3231=EDGE_CURVE('',#2392,#2617,#1153,.T.);
#3232=EDGE_CURVE('',#2633,#2616,#115,.T.);
#3233=EDGE_CURVE('',#2633,#2634,#1154,.T.);
#3234=EDGE_CURVE('',#2635,#2634,#116,.T.);
#3235=EDGE_CURVE('',#2635,#2636,#1155,.T.);
#3236=EDGE_CURVE('',#2636,#2637,#117,.T.);
#3237=EDGE_CURVE('',#2637,#2638,#1156,.T.);
#3238=EDGE_CURVE('',#2632,#2638,#118,.T.);
#3239=EDGE_CURVE('',#2634,#2471,#119,.T.);
#3240=EDGE_CURVE('',#2470,#2635,#120,.T.);
#3241=EDGE_CURVE('',#2639,#2633,#121,.T.);
#3242=EDGE_CURVE('',#2640,#2639,#1157,.T.);
#3243=EDGE_CURVE('',#2472,#2640,#122,.T.);
#3244=EDGE_CURVE('',#2641,#2642,#123,.T.);
#3245=EDGE_CURVE('',#2642,#2442,#124,.T.);
#3246=EDGE_CURVE('',#2441,#2641,#125,.T.);
#3247=EDGE_CURVE('',#2643,#2642,#1158,.T.);
#3248=EDGE_CURVE('',#2443,#2643,#1159,.T.);
#3249=EDGE_CURVE('',#2641,#2644,#1160,.T.);
#3250=EDGE_CURVE('',#2609,#2644,#126,.T.);
#3251=EDGE_CURVE('',#2388,#2645,#1161,.T.);
#3252=EDGE_CURVE('',#2645,#2646,#1162,.T.);
#3253=EDGE_CURVE('',#2646,#2647,#1163,.T.);
#3254=EDGE_CURVE('',#2648,#2647,#127,.T.);
#3255=EDGE_CURVE('',#2648,#2649,#1164,.T.);
#3256=EDGE_CURVE('',#2649,#2650,#1165,.T.);
#3257=EDGE_CURVE('',#2643,#2650,#128,.T.);
#3258=EDGE_CURVE('',#2543,#2651,#129,.T.);
#3259=EDGE_CURVE('',#2651,#2436,#130,.T.);
#3260=EDGE_CURVE('',#2644,#2440,#131,.T.);
#3261=EDGE_CURVE('',#2437,#2652,#132,.T.);
#3262=EDGE_CURVE('',#2652,#2610,#133,.T.);
#3263=EDGE_CURVE('',#2615,#2639,#134,.T.);
#3264=EDGE_CURVE('',#2640,#2545,#135,.T.);
#3265=EDGE_CURVE('',#2393,#2653,#136,.T.);
#3266=EDGE_CURVE('',#2653,#2394,#137,.T.);
#3267=EDGE_CURVE('',#2449,#2654,#138,.T.);
#3268=EDGE_CURVE('',#2654,#2549,#139,.T.);
#3269=EDGE_CURVE('',#2654,#2655,#140,.T.);
#3270=EDGE_CURVE('',#2655,#2550,#141,.T.);
#3271=EDGE_CURVE('',#2656,#2654,#1166,.T.);
#3272=EDGE_CURVE('',#2656,#2657,#1167,.T.);
#3273=EDGE_CURVE('',#2655,#2657,#1168,.T.);
#3274=EDGE_CURVE('',#2657,#2658,#1169,.T.);
#3275=EDGE_CURVE('',#2656,#2658,#142,.T.);
#3276=EDGE_CURVE('',#2448,#2656,#143,.T.);
#3277=EDGE_CURVE('',#2659,#2393,#1170,.T.);
#3278=EDGE_CURVE('',#2659,#2660,#1171,.T.);
#3279=EDGE_CURVE('',#2653,#2660,#1172,.T.);
#3280=EDGE_CURVE('',#2660,#2661,#1173,.T.);
#3281=EDGE_CURVE('',#2659,#2661,#144,.T.);
#3282=EDGE_CURVE('',#2463,#2659,#145,.T.);
#3283=EDGE_CURVE('',#2397,#2601,#1174,.T.);
#3284=EDGE_CURVE('',#2602,#2396,#1175,.T.);
#3285=EDGE_CURVE('',#2401,#2600,#1176,.T.);
#3286=EDGE_CURVE('',#2601,#2400,#1177,.T.);
#3287=EDGE_CURVE('',#2402,#2596,#1178,.T.);
#3288=EDGE_CURVE('',#2597,#2401,#1179,.T.);
#3289=EDGE_CURVE('',#2403,#2592,#1180,.T.);
#3290=EDGE_CURVE('',#2593,#2402,#1181,.T.);
#3291=EDGE_CURVE('',#2407,#2591,#1182,.T.);
#3292=EDGE_CURVE('',#2592,#2406,#1183,.T.);
#3293=EDGE_CURVE('',#2411,#2590,#1184,.T.);
#3294=EDGE_CURVE('',#2591,#2410,#1185,.T.);
#3295=EDGE_CURVE('',#2412,#2586,#1186,.T.);
#3296=EDGE_CURVE('',#2587,#2411,#1187,.T.);
#3297=EDGE_CURVE('',#2413,#2582,#1188,.T.);
#3298=EDGE_CURVE('',#2583,#2412,#1189,.T.);
#3299=EDGE_CURVE('',#2417,#2581,#1190,.T.);
#3300=EDGE_CURVE('',#2582,#2416,#1191,.T.);
#3301=EDGE_CURVE('',#2421,#2580,#1192,.T.);
#3302=EDGE_CURVE('',#2581,#2420,#1193,.T.);
#3303=EDGE_CURVE('',#2548,#2662,#1194,.T.);
#3304=EDGE_CURVE('',#2663,#2577,#1195,.T.);
#3305=EDGE_CURVE('',#2662,#2663,#1196,.T.);
#3306=EDGE_CURVE('',#2664,#2576,#1197,.T.);
#3307=EDGE_CURVE('',#2665,#2664,#1198,.T.);
#3308=EDGE_CURVE('',#2577,#2665,#1199,.T.);
#3309=EDGE_CURVE('',#2666,#2572,#1200,.T.);
#3310=EDGE_CURVE('',#2664,#2666,#1201,.T.);
#3311=EDGE_CURVE('',#2573,#2664,#1202,.T.);
#3312=EDGE_CURVE('',#2667,#2568,#1203,.T.);
#3313=EDGE_CURVE('',#2666,#2667,#1204,.T.);
#3314=EDGE_CURVE('',#2569,#2666,#1205,.T.);
#3315=EDGE_CURVE('',#2668,#2567,#1206,.T.);
#3316=EDGE_CURVE('',#2669,#2668,#1207,.T.);
#3317=EDGE_CURVE('',#2568,#2669,#1208,.T.);
#3318=EDGE_CURVE('',#2670,#2566,#1209,.T.);
#3319=EDGE_CURVE('',#2671,#2670,#1210,.T.);
#3320=EDGE_CURVE('',#2567,#2671,#1211,.T.);
#3321=EDGE_CURVE('',#2672,#2562,#1212,.T.);
#3322=EDGE_CURVE('',#2670,#2672,#1213,.T.);
#3323=EDGE_CURVE('',#2563,#2670,#1214,.T.);
#3324=EDGE_CURVE('',#2673,#2558,#1215,.T.);
#3325=EDGE_CURVE('',#2672,#2673,#1216,.T.);
#3326=EDGE_CURVE('',#2559,#2672,#1217,.T.);
#3327=EDGE_CURVE('',#2674,#2557,#1218,.T.);
#3328=EDGE_CURVE('',#2675,#2674,#1219,.T.);
#3329=EDGE_CURVE('',#2558,#2675,#1220,.T.);
#3330=EDGE_CURVE('',#2676,#2556,#1221,.T.);
#3331=EDGE_CURVE('',#2677,#2676,#1222,.T.);
#3332=EDGE_CURVE('',#2557,#2677,#1223,.T.);
#3333=EDGE_CURVE('',#2553,#2676,#1224,.T.);
#3334=EDGE_CURVE('',#2678,#2552,#1225,.T.);
#3335=EDGE_CURVE('',#2676,#2678,#1226,.T.);
#3336=EDGE_CURVE('',#2679,#2676,#1227,.T.);
#3337=EDGE_CURVE('',#2679,#2554,#1228,.T.);
#3338=EDGE_CURVE('',#2555,#2679,#1229,.T.);
#3339=EDGE_CURVE('',#2680,#2557,#1230,.T.);
#3340=EDGE_CURVE('',#2680,#2681,#1231,.T.);
#3341=EDGE_CURVE('',#2681,#2674,#1232,.T.);
#3342=EDGE_CURVE('',#2682,#2558,#1233,.T.);
#3343=EDGE_CURVE('',#2682,#2683,#1234,.T.);
#3344=EDGE_CURVE('',#2683,#2673,#1235,.T.);
#3345=EDGE_CURVE('',#2684,#2672,#1236,.T.);
#3346=EDGE_CURVE('',#2684,#2560,#1237,.T.);
#3347=EDGE_CURVE('',#2561,#2684,#1238,.T.);
#3348=EDGE_CURVE('',#2685,#2670,#1239,.T.);
#3349=EDGE_CURVE('',#2685,#2564,#1240,.T.);
#3350=EDGE_CURVE('',#2565,#2685,#1241,.T.);
#3351=EDGE_CURVE('',#2686,#2567,#1242,.T.);
#3352=EDGE_CURVE('',#2686,#2687,#1243,.T.);
#3353=EDGE_CURVE('',#2687,#2668,#1244,.T.);
#3354=EDGE_CURVE('',#2688,#2568,#1245,.T.);
#3355=EDGE_CURVE('',#2688,#2689,#1246,.T.);
#3356=EDGE_CURVE('',#2689,#2667,#1247,.T.);
#3357=EDGE_CURVE('',#2690,#2666,#1248,.T.);
#3358=EDGE_CURVE('',#2690,#2570,#1249,.T.);
#3359=EDGE_CURVE('',#2571,#2690,#1250,.T.);
#3360=EDGE_CURVE('',#2691,#2664,#1251,.T.);
#3361=EDGE_CURVE('',#2691,#2574,#1252,.T.);
#3362=EDGE_CURVE('',#2575,#2691,#1253,.T.);
#3363=EDGE_CURVE('',#2692,#2577,#1254,.T.);
#3364=EDGE_CURVE('',#2692,#2693,#1255,.T.);
#3365=EDGE_CURVE('',#2693,#2663,#1256,.T.);
#3366=EDGE_CURVE('',#2694,#2421,#1257,.T.);
#3367=EDGE_CURVE('',#2694,#2578,#1258,.T.);
#3368=EDGE_CURVE('',#2579,#2694,#1259,.T.);
#3369=EDGE_CURVE('',#2695,#2581,#1260,.T.);
#3370=EDGE_CURVE('',#2695,#2418,#1261,.T.);
#3371=EDGE_CURVE('',#2696,#2582,#1262,.T.);
#3372=EDGE_CURVE('',#2696,#2414,#1263,.T.);
#3373=EDGE_CURVE('',#2697,#2412,#1264,.T.);
#3374=EDGE_CURVE('',#2697,#2584,#1265,.T.);
#3375=EDGE_CURVE('',#2585,#2697,#1266,.T.);
#3376=EDGE_CURVE('',#2698,#2411,#1267,.T.);
#3377=EDGE_CURVE('',#2698,#2588,#1268,.T.);
#3378=EDGE_CURVE('',#2589,#2698,#1269,.T.);
#3379=EDGE_CURVE('',#2699,#2591,#1270,.T.);
#3380=EDGE_CURVE('',#2699,#2408,#1271,.T.);
#3381=EDGE_CURVE('',#2700,#2592,#1272,.T.);
#3382=EDGE_CURVE('',#2700,#2404,#1273,.T.);
#3383=EDGE_CURVE('',#2701,#2402,#1274,.T.);
#3384=EDGE_CURVE('',#2701,#2594,#1275,.T.);
#3385=EDGE_CURVE('',#2595,#2701,#1276,.T.);
#3386=EDGE_CURVE('',#2702,#2401,#1277,.T.);
#3387=EDGE_CURVE('',#2702,#2598,#1278,.T.);
#3388=EDGE_CURVE('',#2599,#2702,#1279,.T.);
#3389=EDGE_CURVE('',#2703,#2601,#1280,.T.);
#3390=EDGE_CURVE('',#2703,#2398,#1281,.T.);
#3391=EDGE_CURVE('',#2395,#2704,#1282,.T.);
#3392=EDGE_CURVE('',#2704,#2602,#1283,.T.);
#3393=EDGE_CURVE('',#2638,#2467,#146,.T.);
#3394=EDGE_CURVE('',#2647,#2446,#147,.T.);
#3395=EDGE_CURVE('',#2445,#2648,#148,.T.);
#3396=EDGE_CURVE('',#2444,#2649,#149,.T.);
#3397=EDGE_CURVE('',#2462,#2705,#1284,.T.);
#3398=EDGE_CURVE('',#2705,#2661,#150,.F.);
#3399=EDGE_CURVE('',#2447,#2706,#1285,.T.);
#3400=EDGE_CURVE('',#2706,#2658,#151,.T.);
#3401=EDGE_CURVE('',#2707,#2646,#1286,.T.);
#3402=EDGE_CURVE('',#2707,#2706,#1287,.T.);
#3403=EDGE_CURVE('',#2708,#2461,#1288,.T.);
#3404=EDGE_CURVE('',#2708,#2705,#1289,.T.);
#3405=EDGE_CURVE('',#2637,#2468,#152,.T.);
#3406=EDGE_CURVE('',#2636,#2469,#1290,.T.);
#3407=EDGE_CURVE('',#2457,#2646,#1291,.T.);
#3408=EDGE_CURVE('',#2645,#2458,#1292,.T.);
#3409=EDGE_CURVE('',#2709,#2707,#1293,.T.);
#3410=EDGE_CURVE('',#2678,#2456,#1294,.T.);
#3411=EDGE_CURVE('',#2709,#2678,#1295,.T.);
#3412=EDGE_CURVE('',#2551,#2709,#1296,.T.);
#3413=EDGE_CURVE('',#2710,#2675,#1297,.T.);
#3414=EDGE_CURVE('',#2710,#2682,#1298,.T.);
#3415=EDGE_CURVE('',#2711,#2645,#1299,.T.);
#3416=EDGE_CURVE('',#2712,#2388,#1300,.T.);
#3417=EDGE_CURVE('',#2712,#2711,#1301,.T.);
#3418=EDGE_CURVE('',#2662,#2347,#1302,.T.);
#3419=EDGE_CURVE('',#2693,#2713,#1303,.T.);
#3420=EDGE_CURVE('',#2713,#2665,#1304,.T.);
#3421=EDGE_CURVE('',#2689,#2714,#1305,.T.);
#3422=EDGE_CURVE('',#2714,#2669,#1306,.T.);
#3423=EDGE_CURVE('',#2687,#2715,#1307,.T.);
#3424=EDGE_CURVE('',#2715,#2671,#1308,.T.);
#3425=EDGE_CURVE('',#2683,#2710,#1309,.T.);
#3426=EDGE_CURVE('',#2681,#2716,#1310,.T.);
#3427=EDGE_CURVE('',#2716,#2677,#1311,.T.);
#3428=EDGE_CURVE('',#2717,#2455,#1312,.T.);
#3429=EDGE_CURVE('',#2717,#2712,#1313,.T.);
#3430=EDGE_CURVE('',#2711,#2717,#1314,.T.);
#3431=EDGE_CURVE('',#2409,#2699,#1315,.T.);
#3432=EDGE_CURVE('',#2716,#2680,#1316,.T.);
#3433=EDGE_CURVE('',#2714,#2688,#1317,.T.);
#3434=EDGE_CURVE('',#2405,#2700,#1318,.T.);
#3435=EDGE_CURVE('',#2715,#2686,#1319,.T.);
#3436=EDGE_CURVE('',#2704,#2708,#1320,.T.);
#3437=EDGE_CURVE('',#2419,#2695,#1321,.T.);
#3438=EDGE_CURVE('',#2415,#2696,#1322,.T.);
#3439=EDGE_CURVE('',#2713,#2692,#1323,.T.);
#3440=EDGE_CURVE('',#2399,#2703,#1324,.T.);
#3441=EDGE_CURVE('',#2718,#2719,#1325,.T.);
#3442=EDGE_CURVE('',#2719,#2504,#1326,.T.);
#3443=EDGE_CURVE('',#2718,#2506,#1327,.T.);
#3444=EDGE_CURVE('',#2720,#2718,#1328,.T.);
#3445=EDGE_CURVE('',#2720,#2505,#1329,.T.);
#3446=EDGE_CURVE('',#2719,#2720,#1330,.T.);
#3447=EDGE_CURVE('',#2652,#2651,#1331,.T.);
#3448=EDGE_CURVE('',#2721,#2544,#1332,.T.);
#3449=EDGE_CURVE('',#2475,#2721,#153,.T.);
#3450=EDGE_CURVE('',#2722,#2613,#1333,.T.);
#3451=EDGE_CURVE('',#2723,#2722,#154,.T.);
#3452=EDGE_CURVE('',#2614,#2723,#1334,.T.);
#3453=EDGE_CURVE('',#2612,#2724,#1335,.T.);
#3454=EDGE_CURVE('',#2725,#2724,#1336,.T.);
#3455=EDGE_CURVE('',#2725,#2726,#1337,.T.);
#3456=EDGE_CURVE('',#2726,#2727,#1338,.T.);
#3457=EDGE_CURVE('',#2727,#2728,#1339,.T.);
#3458=EDGE_CURVE('',#2728,#2729,#1340,.T.);
#3459=EDGE_CURVE('',#2729,#2730,#1341,.T.);
#3460=EDGE_CURVE('',#2731,#2730,#1342,.T.);
#3461=EDGE_CURVE('',#2731,#2732,#1343,.T.);
#3462=EDGE_CURVE('',#2732,#2733,#1344,.T.);
#3463=EDGE_CURVE('',#2733,#2734,#1345,.T.);
#3464=EDGE_CURVE('',#2735,#2734,#1346,.T.);
#3465=EDGE_CURVE('',#2735,#2736,#1347,.T.);
#3466=EDGE_CURVE('',#2736,#2737,#1348,.T.);
#3467=EDGE_CURVE('',#2737,#2738,#1349,.T.);
#3468=EDGE_CURVE('',#2738,#2739,#1350,.T.);
#3469=EDGE_CURVE('',#2739,#2740,#1351,.T.);
#3470=EDGE_CURVE('',#2741,#2740,#1352,.T.);
#3471=EDGE_CURVE('',#2741,#2742,#1353,.T.);
#3472=EDGE_CURVE('',#2742,#2743,#1354,.T.);
#3473=EDGE_CURVE('',#2743,#2744,#1355,.T.);
#3474=EDGE_CURVE('',#2745,#2744,#1356,.T.);
#3475=EDGE_CURVE('',#2745,#2746,#1357,.T.);
#3476=EDGE_CURVE('',#2746,#2747,#1358,.T.);
#3477=EDGE_CURVE('',#2747,#2748,#1359,.T.);
#3478=EDGE_CURVE('',#2748,#2749,#1360,.T.);
#3479=EDGE_CURVE('',#2749,#2750,#1361,.T.);
#3480=EDGE_CURVE('',#2611,#2750,#1362,.T.);
#3481=EDGE_CURVE('',#2751,#2490,#155,.T.);
#3482=EDGE_CURVE('',#2752,#2751,#156,.T.);
#3483=EDGE_CURVE('',#2753,#2752,#1363,.T.);
#3484=EDGE_CURVE('',#2753,#2754,#1364,.T.);
#3485=EDGE_CURVE('',#2754,#2755,#1365,.T.);
#3486=EDGE_CURVE('',#2756,#2755,#1366,.T.);
#3487=EDGE_CURVE('',#2756,#2757,#1367,.T.);
#3488=EDGE_CURVE('',#2757,#2758,#1368,.T.);
#3489=EDGE_CURVE('',#2758,#2759,#1369,.T.);
#3490=EDGE_CURVE('',#2759,#2760,#1370,.T.);
#3491=EDGE_CURVE('',#2760,#2761,#1371,.T.);
#3492=EDGE_CURVE('',#2762,#2761,#1372,.T.);
#3493=EDGE_CURVE('',#2762,#2763,#1373,.T.);
#3494=EDGE_CURVE('',#2763,#2764,#1374,.T.);
#3495=EDGE_CURVE('',#2764,#2765,#1375,.T.);
#3496=EDGE_CURVE('',#2766,#2765,#1376,.T.);
#3497=EDGE_CURVE('',#2766,#2767,#1377,.T.);
#3498=EDGE_CURVE('',#2767,#2768,#1378,.T.);
#3499=EDGE_CURVE('',#2768,#2769,#1379,.T.);
#3500=EDGE_CURVE('',#2769,#2770,#1380,.T.);
#3501=EDGE_CURVE('',#2770,#2771,#1381,.T.);
#3502=EDGE_CURVE('',#2772,#2771,#1382,.T.);
#3503=EDGE_CURVE('',#2772,#2773,#1383,.T.);
#3504=EDGE_CURVE('',#2773,#2774,#1384,.T.);
#3505=EDGE_CURVE('',#2774,#2775,#1385,.T.);
#3506=EDGE_CURVE('',#2776,#2775,#1386,.T.);
#3507=EDGE_CURVE('',#2776,#2777,#1387,.T.);
#3508=EDGE_CURVE('',#2777,#2778,#1388,.T.);
#3509=EDGE_CURVE('',#2778,#2779,#1389,.T.);
#3510=EDGE_CURVE('',#2779,#2546,#1390,.T.);
#3511=EDGE_CURVE('',#2724,#2382,#1391,.T.);
#3512=EDGE_CURVE('',#2780,#2432,#1392,.T.);
#3513=EDGE_CURVE('',#2479,#2780,#157,.T.);
#3514=EDGE_CURVE('',#2781,#2478,#158,.T.);
#3515=EDGE_CURVE('',#2542,#2781,#1393,.T.);
#3516=EDGE_CURVE('',#2627,#2606,#1394,.T.);
#3517=EDGE_CURVE('',#2547,#2782,#1395,.T.);
#3518=EDGE_CURVE('',#2783,#2782,#1396,.T.);
#3519=EDGE_CURVE('',#2783,#2784,#1397,.T.);
#3520=EDGE_CURVE('',#2784,#2785,#1398,.T.);
#3521=EDGE_CURVE('',#2785,#2786,#1399,.T.);
#3522=EDGE_CURVE('',#2786,#2787,#1400,.T.);
#3523=EDGE_CURVE('',#2787,#2788,#1401,.T.);
#3524=EDGE_CURVE('',#2789,#2788,#1402,.T.);
#3525=EDGE_CURVE('',#2789,#2790,#1403,.T.);
#3526=EDGE_CURVE('',#2790,#2791,#1404,.T.);
#3527=EDGE_CURVE('',#2791,#2792,#1405,.T.);
#3528=EDGE_CURVE('',#2793,#2792,#1406,.T.);
#3529=EDGE_CURVE('',#2793,#2794,#1407,.T.);
#3530=EDGE_CURVE('',#2794,#2795,#1408,.T.);
#3531=EDGE_CURVE('',#2795,#2796,#1409,.T.);
#3532=EDGE_CURVE('',#2796,#2797,#1410,.T.);
#3533=EDGE_CURVE('',#2797,#2798,#1411,.T.);
#3534=EDGE_CURVE('',#2799,#2798,#1412,.T.);
#3535=EDGE_CURVE('',#2799,#2800,#1413,.T.);
#3536=EDGE_CURVE('',#2800,#2801,#1414,.T.);
#3537=EDGE_CURVE('',#2801,#2802,#1415,.T.);
#3538=EDGE_CURVE('',#2803,#2802,#1416,.T.);
#3539=EDGE_CURVE('',#2803,#2804,#1417,.T.);
#3540=EDGE_CURVE('',#2804,#2805,#1418,.T.);
#3541=EDGE_CURVE('',#2805,#2806,#1419,.T.);
#3542=EDGE_CURVE('',#2806,#2807,#1420,.T.);
#3543=EDGE_CURVE('',#2807,#2452,#1421,.T.);
#3544=EDGE_CURVE('',#2808,#2451,#1422,.T.);
#3545=EDGE_CURVE('',#2808,#2809,#1423,.T.);
#3546=EDGE_CURVE('',#2809,#2431,#1424,.T.);
#3547=EDGE_CURVE('',#2430,#2810,#1425,.T.);
#3548=EDGE_CURVE('',#2811,#2810,#1426,.T.);
#3549=EDGE_CURVE('',#2811,#2626,#1427,.T.);
#3550=EDGE_CURVE('',#2812,#2781,#159,.T.);
#3551=EDGE_CURVE('',#2812,#2813,#1428,.T.);
#3552=EDGE_CURVE('',#2721,#2813,#160,.T.);
#3553=EDGE_CURVE('',#2814,#2723,#161,.T.);
#3554=EDGE_CURVE('',#2814,#2815,#1429,.T.);
#3555=EDGE_CURVE('',#2386,#2815,#162,.T.);
#3556=EDGE_CURVE('',#2628,#2811,#1430,.T.);
#3557=EDGE_CURVE('',#2816,#2620,#1431,.T.);
#3558=EDGE_CURVE('',#2622,#2816,#1432,.T.);
#3559=EDGE_CURVE('',#2428,#2624,#1433,.T.);
#3560=EDGE_CURVE('',#2817,#2818,#1434,.T.);
#3561=EDGE_CURVE('',#2819,#2818,#163,.F.);
#3562=EDGE_CURVE('',#2820,#2819,#1435,.T.);
#3563=EDGE_CURVE('',#2821,#2820,#1436,.T.);
#3564=EDGE_CURVE('',#2356,#2821,#1437,.T.);
#3565=EDGE_CURVE('',#2822,#2355,#164,.T.);
#3566=EDGE_CURVE('',#2822,#2817,#1438,.T.);
#3567=EDGE_CURVE('',#2823,#2735,#1439,.T.);
#3568=EDGE_CURVE('',#2736,#2823,#1440,.T.);
#3569=EDGE_CURVE('',#2370,#2824,#1441,.T.);
#3570=EDGE_CURVE('',#2824,#2369,#1442,.T.);
#3571=EDGE_CURVE('',#2825,#2745,#1443,.T.);
#3572=EDGE_CURVE('',#2746,#2825,#1444,.T.);
#3573=EDGE_CURVE('',#2826,#2365,#1445,.T.);
#3574=EDGE_CURVE('',#2366,#2826,#1446,.T.);
#3575=EDGE_CURVE('',#2827,#2741,#1447,.T.);
#3576=EDGE_CURVE('',#2742,#2827,#1448,.T.);
#3577=EDGE_CURVE('',#2828,#2725,#1449,.T.);
#3578=EDGE_CURVE('',#2726,#2828,#1450,.T.);
#3579=EDGE_CURVE('',#2829,#2731,#1451,.T.);
#3580=EDGE_CURVE('',#2732,#2829,#1452,.T.);
#3581=EDGE_CURVE('',#2380,#2830,#1453,.T.);
#3582=EDGE_CURVE('',#2830,#2379,#1454,.T.);
#3583=EDGE_CURVE('',#2831,#2375,#1455,.T.);
#3584=EDGE_CURVE('',#2376,#2831,#1456,.T.);
#3585=EDGE_CURVE('',#2360,#2832,#1457,.T.);
#3586=EDGE_CURVE('',#2832,#2359,#1458,.T.);
#3587=EDGE_CURVE('',#2833,#2834,#1459,.T.);
#3588=EDGE_CURVE('',#2835,#2833,#1460,.T.);
#3589=EDGE_CURVE('',#2834,#2835,#1461,.T.);
#3590=EDGE_CURVE('',#2604,#2618,#1462,.T.);
#3591=EDGE_CURVE('',#2836,#2837,#1463,.T.);
#3592=EDGE_CURVE('',#2838,#2837,#165,.T.);
#3593=EDGE_CURVE('',#2839,#2838,#1464,.T.);
#3594=EDGE_CURVE('',#2840,#2839,#1465,.T.);
#3595=EDGE_CURVE('',#2753,#2840,#1466,.T.);
#3596=EDGE_CURVE('',#2841,#2752,#166,.T.);
#3597=EDGE_CURVE('',#2841,#2836,#1467,.T.);
#3598=EDGE_CURVE('',#2767,#2842,#1468,.T.);
#3599=EDGE_CURVE('',#2842,#2766,#1469,.T.);
#3600=EDGE_CURVE('',#2843,#2762,#1470,.T.);
#3601=EDGE_CURVE('',#2763,#2843,#1471,.T.);
#3602=EDGE_CURVE('',#2757,#2844,#1472,.T.);
#3603=EDGE_CURVE('',#2844,#2756,#1473,.T.);
#3604=EDGE_CURVE('',#2845,#2799,#1474,.T.);
#3605=EDGE_CURVE('',#2800,#2845,#1475,.T.);
#3606=EDGE_CURVE('',#2846,#2808,#1476,.T.);
#3607=EDGE_CURVE('',#2809,#2846,#1477,.T.);
#3608=EDGE_CURVE('',#2847,#2803,#1478,.T.);
#3609=EDGE_CURVE('',#2804,#2847,#1479,.T.);
#3610=EDGE_CURVE('',#2848,#2789,#1480,.T.);
#3611=EDGE_CURVE('',#2790,#2848,#1481,.T.);
#3612=EDGE_CURVE('',#2849,#2793,#1482,.T.);
#3613=EDGE_CURVE('',#2794,#2849,#1483,.T.);
#3614=EDGE_CURVE('',#2777,#2850,#1484,.T.);
#3615=EDGE_CURVE('',#2850,#2776,#1485,.T.);
#3616=EDGE_CURVE('',#2851,#2772,#1486,.T.);
#3617=EDGE_CURVE('',#2773,#2851,#1487,.T.);
#3618=EDGE_CURVE('',#2852,#2783,#1488,.T.);
#3619=EDGE_CURVE('',#2784,#2852,#1489,.T.);
#3620=EDGE_CURVE('',#2810,#2629,#1490,.T.);
#3621=EDGE_CURVE('',#2619,#2603,#1491,.T.);
#3622=EDGE_CURVE('',#2816,#2853,#1492,.T.);
#3623=EDGE_CURVE('',#2853,#2623,#1493,.T.);
#3624=EDGE_CURVE('',#2625,#2429,#1494,.T.);
#3625=EDGE_CURVE('',#2621,#2425,#1495,.T.);
#3626=EDGE_CURVE('',#2605,#2853,#1496,.T.);
#3627=EDGE_CURVE('',#2854,#2855,#167,.T.);
#3628=EDGE_CURVE('',#2855,#2856,#168,.T.);
#3629=EDGE_CURVE('',#2856,#2857,#169,.F.);
#3630=EDGE_CURVE('',#2857,#2854,#170,.T.);
#3631=EDGE_CURVE('',#2858,#2855,#1497,.T.);
#3632=EDGE_CURVE('',#2859,#2858,#171,.T.);
#3633=EDGE_CURVE('',#2856,#2859,#1498,.T.);
#3634=EDGE_CURVE('',#2854,#2353,#1499,.T.);
#3635=EDGE_CURVE('',#2860,#2387,#172,.T.);
#3636=EDGE_CURVE('',#2860,#2861,#1500,.T.);
#3637=EDGE_CURVE('',#2862,#2861,#173,.T.);
#3638=EDGE_CURVE('',#2862,#2863,#1501,.T.);
#3639=EDGE_CURVE('',#2863,#2864,#174,.T.);
#3640=EDGE_CURVE('',#2864,#2865,#1502,.T.);
#3641=EDGE_CURVE('',#2858,#2865,#175,.T.);
#3642=EDGE_CURVE('',#2861,#2866,#176,.T.);
#3643=EDGE_CURVE('',#2866,#2867,#177,.F.);
#3644=EDGE_CURVE('',#2867,#2862,#178,.T.);
#3645=EDGE_CURVE('',#2866,#2868,#1503,.T.);
#3646=EDGE_CURVE('',#2815,#2860,#179,.T.);
#3647=EDGE_CURVE('',#2868,#2814,#180,.T.);
#3648=EDGE_CURVE('',#2869,#2870,#181,.T.);
#3649=EDGE_CURVE('',#2870,#2482,#182,.T.);
#3650=EDGE_CURVE('',#2481,#2869,#183,.T.);
#3651=EDGE_CURVE('',#2871,#2870,#1504,.T.);
#3652=EDGE_CURVE('',#2483,#2871,#1505,.T.);
#3653=EDGE_CURVE('',#2869,#2872,#1506,.T.);
#3654=EDGE_CURVE('',#2780,#2872,#184,.T.);
#3655=EDGE_CURVE('',#2431,#2873,#1507,.T.);
#3656=EDGE_CURVE('',#2873,#2874,#1508,.T.);
#3657=EDGE_CURVE('',#2874,#2875,#1509,.T.);
#3658=EDGE_CURVE('',#2876,#2875,#185,.T.);
#3659=EDGE_CURVE('',#2876,#2877,#1510,.T.);
#3660=EDGE_CURVE('',#2877,#2878,#1511,.T.);
#3661=EDGE_CURVE('',#2871,#2878,#186,.T.);
#3662=EDGE_CURVE('',#2813,#2476,#187,.T.);
#3663=EDGE_CURVE('',#2750,#2879,#1512,.T.);
#3664=EDGE_CURVE('',#2879,#2880,#1513,.T.);
#3665=EDGE_CURVE('',#2881,#2880,#188,.F.);
#3666=EDGE_CURVE('',#2881,#2857,#1514,.T.);
#3667=EDGE_CURVE('',#2882,#2859,#189,.F.);
#3668=EDGE_CURVE('',#2882,#2883,#1515,.T.);
#3669=EDGE_CURVE('',#2884,#2883,#190,.T.);
#3670=EDGE_CURVE('',#2884,#2867,#1516,.T.);
#3671=EDGE_CURVE('',#2722,#2868,#191,.T.);
#3672=EDGE_CURVE('',#2885,#2886,#1517,.T.);
#3673=EDGE_CURVE('',#2886,#2887,#1518,.T.);
#3674=EDGE_CURVE('',#2887,#2885,#1519,.T.);
#3675=EDGE_CURVE('',#2872,#2480,#192,.T.);
#3676=EDGE_CURVE('',#2477,#2812,#193,.T.);
#3677=EDGE_CURVE('',#2354,#2822,#194,.T.);
#3678=EDGE_CURVE('',#2489,#2888,#195,.T.);
#3679=EDGE_CURVE('',#2888,#2751,#196,.T.);
#3680=EDGE_CURVE('',#2888,#2841,#197,.T.);
#3681=EDGE_CURVE('',#2889,#2888,#1520,.T.);
#3682=EDGE_CURVE('',#2889,#2836,#1521,.T.);
#3683=EDGE_CURVE('',#2889,#2837,#198,.T.);
#3684=EDGE_CURVE('',#2488,#2889,#199,.T.);
#3685=EDGE_CURVE('',#2890,#2354,#1522,.T.);
#3686=EDGE_CURVE('',#2890,#2817,#1523,.T.);
#3687=EDGE_CURVE('',#2890,#2818,#200,.T.);
#3688=EDGE_CURVE('',#2881,#2890,#201,.T.);
#3689=EDGE_CURVE('',#2358,#2748,#1524,.T.);
#3690=EDGE_CURVE('',#2749,#2357,#1525,.T.);
#3691=EDGE_CURVE('',#2362,#2747,#1526,.T.);
#3692=EDGE_CURVE('',#2748,#2361,#1527,.T.);
#3693=EDGE_CURVE('',#2363,#2743,#1528,.T.);
#3694=EDGE_CURVE('',#2744,#2362,#1529,.T.);
#3695=EDGE_CURVE('',#2364,#2739,#1530,.T.);
#3696=EDGE_CURVE('',#2740,#2363,#1531,.T.);
#3697=EDGE_CURVE('',#2368,#2738,#1532,.T.);
#3698=EDGE_CURVE('',#2739,#2367,#1533,.T.);
#3699=EDGE_CURVE('',#2372,#2737,#1534,.T.);
#3700=EDGE_CURVE('',#2738,#2371,#1535,.T.);
#3701=EDGE_CURVE('',#2373,#2733,#1536,.T.);
#3702=EDGE_CURVE('',#2734,#2372,#1537,.T.);
#3703=EDGE_CURVE('',#2374,#2729,#1538,.T.);
#3704=EDGE_CURVE('',#2730,#2373,#1539,.T.);
#3705=EDGE_CURVE('',#2378,#2728,#1540,.T.);
#3706=EDGE_CURVE('',#2729,#2377,#1541,.T.);
#3707=EDGE_CURVE('',#2382,#2727,#1542,.T.);
#3708=EDGE_CURVE('',#2728,#2381,#1543,.T.);
#3709=EDGE_CURVE('',#2782,#2779,#1544,.T.);
#3710=EDGE_CURVE('',#2786,#2778,#1545,.T.);
#3711=EDGE_CURVE('',#2779,#2785,#1546,.T.);
#3712=EDGE_CURVE('',#2787,#2774,#1547,.T.);
#3713=EDGE_CURVE('',#2775,#2786,#1548,.T.);
#3714=EDGE_CURVE('',#2788,#2770,#1549,.T.);
#3715=EDGE_CURVE('',#2771,#2787,#1550,.T.);
#3716=EDGE_CURVE('',#2792,#2769,#1551,.T.);
#3717=EDGE_CURVE('',#2770,#2791,#1552,.T.);
#3718=EDGE_CURVE('',#2796,#2768,#1553,.T.);
#3719=EDGE_CURVE('',#2769,#2795,#1554,.T.);
#3720=EDGE_CURVE('',#2797,#2764,#1555,.T.);
#3721=EDGE_CURVE('',#2765,#2796,#1556,.T.);
#3722=EDGE_CURVE('',#2798,#2760,#1557,.T.);
#3723=EDGE_CURVE('',#2761,#2797,#1558,.T.);
#3724=EDGE_CURVE('',#2802,#2759,#1559,.T.);
#3725=EDGE_CURVE('',#2760,#2801,#1560,.T.);
#3726=EDGE_CURVE('',#2806,#2758,#1561,.T.);
#3727=EDGE_CURVE('',#2759,#2805,#1562,.T.);
#3728=EDGE_CURVE('',#2755,#2806,#1563,.T.);
#3729=EDGE_CURVE('',#2807,#2754,#1564,.T.);
#3730=EDGE_CURVE('',#2844,#2806,#1565,.T.);
#3731=EDGE_CURVE('',#2847,#2759,#1566,.T.);
#3732=EDGE_CURVE('',#2845,#2760,#1567,.T.);
#3733=EDGE_CURVE('',#2843,#2797,#1568,.T.);
#3734=EDGE_CURVE('',#2842,#2796,#1569,.T.);
#3735=EDGE_CURVE('',#2849,#2769,#1570,.T.);
#3736=EDGE_CURVE('',#2848,#2770,#1571,.T.);
#3737=EDGE_CURVE('',#2851,#2787,#1572,.T.);
#3738=EDGE_CURVE('',#2850,#2786,#1573,.T.);
#3739=EDGE_CURVE('',#2852,#2779,#1574,.T.);
#3740=EDGE_CURVE('',#2828,#2382,#1575,.T.);
#3741=EDGE_CURVE('',#2830,#2728,#1576,.T.);
#3742=EDGE_CURVE('',#2831,#2729,#1577,.T.);
#3743=EDGE_CURVE('',#2829,#2373,#1578,.T.);
#3744=EDGE_CURVE('',#2823,#2372,#1579,.T.);
#3745=EDGE_CURVE('',#2824,#2738,#1580,.T.);
#3746=EDGE_CURVE('',#2826,#2739,#1581,.T.);
#3747=EDGE_CURVE('',#2827,#2363,#1582,.T.);
#3748=EDGE_CURVE('',#2825,#2362,#1583,.T.);
#3749=EDGE_CURVE('',#2832,#2748,#1584,.T.);
#3750=EDGE_CURVE('',#2821,#2749,#1585,.T.);
#3751=EDGE_CURVE('',#2865,#2882,#202,.T.);
#3752=EDGE_CURVE('',#2875,#2486,#203,.T.);
#3753=EDGE_CURVE('',#2485,#2876,#204,.T.);
#3754=EDGE_CURVE('',#2484,#2877,#205,.T.);
#3755=EDGE_CURVE('',#2880,#2819,#1586,.T.);
#3756=EDGE_CURVE('',#2487,#2838,#1587,.T.);
#3757=EDGE_CURVE('',#2839,#2874,#1588,.T.);
#3758=EDGE_CURVE('',#2820,#2879,#1589,.T.);
#3759=EDGE_CURVE('',#2864,#2883,#206,.T.);
#3760=EDGE_CURVE('',#2863,#2884,#1590,.T.);
#3761=EDGE_CURVE('',#2453,#2874,#1591,.T.);
#3762=EDGE_CURVE('',#2873,#2454,#1592,.T.);
#3763=EDGE_CURVE('',#2840,#2807,#1593,.T.);
#3764=EDGE_CURVE('',#2846,#2873,#1594,.T.);
#3765=EDGE_CURVE('',#2833,#2885,#1595,.T.);
#3766=EDGE_CURVE('',#2835,#2887,#1596,.T.);
#3767=EDGE_CURVE('',#2834,#2886,#1597,.T.);
#3768=ORIENTED_EDGE('',*,*,#2891,.F.);
#3769=ORIENTED_EDGE('',*,*,#2892,.T.);
#3770=ORIENTED_EDGE('',*,*,#2893,.T.);
#3771=ORIENTED_EDGE('',*,*,#2894,.F.);
#3772=ORIENTED_EDGE('',*,*,#2895,.T.);
#3773=ORIENTED_EDGE('',*,*,#2896,.T.);
#3774=ORIENTED_EDGE('',*,*,#2897,.F.);
#3775=ORIENTED_EDGE('',*,*,#2898,.T.);
#3776=ORIENTED_EDGE('',*,*,#2899,.T.);
#3777=ORIENTED_EDGE('',*,*,#2900,.F.);
#3778=ORIENTED_EDGE('',*,*,#2901,.T.);
#3779=ORIENTED_EDGE('',*,*,#2902,.T.);
#3780=ORIENTED_EDGE('',*,*,#2903,.T.);
#3781=ORIENTED_EDGE('',*,*,#2904,.T.);
#3782=ORIENTED_EDGE('',*,*,#2905,.T.);
#3783=ORIENTED_EDGE('',*,*,#2906,.T.);
#3784=ORIENTED_EDGE('',*,*,#2907,.F.);
#3785=ORIENTED_EDGE('',*,*,#2903,.F.);
#3786=ORIENTED_EDGE('',*,*,#2908,.F.);
#3787=ORIENTED_EDGE('',*,*,#2909,.F.);
#3788=ORIENTED_EDGE('',*,*,#2910,.T.);
#3789=ORIENTED_EDGE('',*,*,#2911,.T.);
#3790=ORIENTED_EDGE('',*,*,#2912,.F.);
#3791=ORIENTED_EDGE('',*,*,#2913,.T.);
#3792=ORIENTED_EDGE('',*,*,#2914,.T.);
#3793=ORIENTED_EDGE('',*,*,#2915,.T.);
#3794=ORIENTED_EDGE('',*,*,#2916,.T.);
#3795=ORIENTED_EDGE('',*,*,#2917,.T.);
#3796=ORIENTED_EDGE('',*,*,#2918,.F.);
#3797=ORIENTED_EDGE('',*,*,#2919,.T.);
#3798=ORIENTED_EDGE('',*,*,#2920,.T.);
#3799=ORIENTED_EDGE('',*,*,#2921,.T.);
#3800=ORIENTED_EDGE('',*,*,#2922,.F.);
#3801=ORIENTED_EDGE('',*,*,#2923,.T.);
#3802=ORIENTED_EDGE('',*,*,#2924,.T.);
#3803=ORIENTED_EDGE('',*,*,#2925,.T.);
#3804=ORIENTED_EDGE('',*,*,#2926,.T.);
#3805=ORIENTED_EDGE('',*,*,#2927,.T.);
#3806=ORIENTED_EDGE('',*,*,#2928,.F.);
#3807=ORIENTED_EDGE('',*,*,#2929,.T.);
#3808=ORIENTED_EDGE('',*,*,#2930,.T.);
#3809=ORIENTED_EDGE('',*,*,#2931,.T.);
#3810=ORIENTED_EDGE('',*,*,#2932,.F.);
#3811=ORIENTED_EDGE('',*,*,#2933,.T.);
#3812=ORIENTED_EDGE('',*,*,#2934,.T.);
#3813=ORIENTED_EDGE('',*,*,#2935,.T.);
#3814=ORIENTED_EDGE('',*,*,#2936,.T.);
#3815=ORIENTED_EDGE('',*,*,#2937,.T.);
#3816=ORIENTED_EDGE('',*,*,#2892,.F.);
#3817=ORIENTED_EDGE('',*,*,#2891,.T.);
#3818=ORIENTED_EDGE('',*,*,#2938,.T.);
#3819=ORIENTED_EDGE('',*,*,#2939,.F.);
#3820=ORIENTED_EDGE('',*,*,#2904,.F.);
#3821=ORIENTED_EDGE('',*,*,#2907,.T.);
#3822=ORIENTED_EDGE('',*,*,#2940,.T.);
#3823=ORIENTED_EDGE('',*,*,#2941,.F.);
#3824=ORIENTED_EDGE('',*,*,#2942,.F.);
#3825=ORIENTED_EDGE('',*,*,#2943,.F.);
#3826=ORIENTED_EDGE('',*,*,#2938,.F.);
#3827=ORIENTED_EDGE('',*,*,#2902,.F.);
#3828=ORIENTED_EDGE('',*,*,#2900,.T.);
#3829=ORIENTED_EDGE('',*,*,#2944,.T.);
#3830=ORIENTED_EDGE('',*,*,#2945,.F.);
#3831=ORIENTED_EDGE('',*,*,#2946,.T.);
#3832=ORIENTED_EDGE('',*,*,#2947,.T.);
#3833=ORIENTED_EDGE('',*,*,#2948,.T.);
#3834=ORIENTED_EDGE('',*,*,#2949,.T.);
#3835=ORIENTED_EDGE('',*,*,#2950,.T.);
#3836=ORIENTED_EDGE('',*,*,#2951,.F.);
#3837=ORIENTED_EDGE('',*,*,#2947,.F.);
#3838=ORIENTED_EDGE('',*,*,#2952,.F.);
#3839=ORIENTED_EDGE('',*,*,#2953,.F.);
#3840=ORIENTED_EDGE('',*,*,#2954,.T.);
#3841=ORIENTED_EDGE('',*,*,#2955,.T.);
#3842=ORIENTED_EDGE('',*,*,#2956,.F.);
#3843=ORIENTED_EDGE('',*,*,#2957,.T.);
#3844=ORIENTED_EDGE('',*,*,#2958,.T.);
#3845=ORIENTED_EDGE('',*,*,#2959,.T.);
#3846=ORIENTED_EDGE('',*,*,#2960,.T.);
#3847=ORIENTED_EDGE('',*,*,#2961,.T.);
#3848=ORIENTED_EDGE('',*,*,#2962,.F.);
#3849=ORIENTED_EDGE('',*,*,#2963,.T.);
#3850=ORIENTED_EDGE('',*,*,#2964,.T.);
#3851=ORIENTED_EDGE('',*,*,#2965,.T.);
#3852=ORIENTED_EDGE('',*,*,#2966,.F.);
#3853=ORIENTED_EDGE('',*,*,#2967,.T.);
#3854=ORIENTED_EDGE('',*,*,#2968,.T.);
#3855=ORIENTED_EDGE('',*,*,#2969,.T.);
#3856=ORIENTED_EDGE('',*,*,#2970,.T.);
#3857=ORIENTED_EDGE('',*,*,#2971,.T.);
#3858=ORIENTED_EDGE('',*,*,#2972,.F.);
#3859=ORIENTED_EDGE('',*,*,#2973,.T.);
#3860=ORIENTED_EDGE('',*,*,#2974,.T.);
#3861=ORIENTED_EDGE('',*,*,#2975,.T.);
#3862=ORIENTED_EDGE('',*,*,#2976,.F.);
#3863=ORIENTED_EDGE('',*,*,#2977,.T.);
#3864=ORIENTED_EDGE('',*,*,#2978,.T.);
#3865=ORIENTED_EDGE('',*,*,#2979,.T.);
#3866=ORIENTED_EDGE('',*,*,#2980,.T.);
#3867=ORIENTED_EDGE('',*,*,#2981,.F.);
#3868=ORIENTED_EDGE('',*,*,#2982,.F.);
#3869=ORIENTED_EDGE('',*,*,#2983,.F.);
#3870=ORIENTED_EDGE('',*,*,#2984,.T.);
#3871=ORIENTED_EDGE('',*,*,#2985,.F.);
#3872=ORIENTED_EDGE('',*,*,#2986,.T.);
#3873=ORIENTED_EDGE('',*,*,#2987,.F.);
#3874=ORIENTED_EDGE('',*,*,#2988,.F.);
#3875=ORIENTED_EDGE('',*,*,#2989,.F.);
#3876=ORIENTED_EDGE('',*,*,#2895,.F.);
#3877=ORIENTED_EDGE('',*,*,#2897,.T.);
#3878=ORIENTED_EDGE('',*,*,#2990,.T.);
#3879=ORIENTED_EDGE('',*,*,#2991,.F.);
#3880=ORIENTED_EDGE('',*,*,#2992,.T.);
#3881=ORIENTED_EDGE('',*,*,#2993,.T.);
#3882=ORIENTED_EDGE('',*,*,#2994,.T.);
#3883=ORIENTED_EDGE('',*,*,#2995,.F.);
#3884=ORIENTED_EDGE('',*,*,#2996,.T.);
#3885=ORIENTED_EDGE('',*,*,#2997,.F.);
#3886=ORIENTED_EDGE('',*,*,#2998,.T.);
#3887=ORIENTED_EDGE('',*,*,#2999,.F.);
#3888=ORIENTED_EDGE('',*,*,#3000,.T.);
#3889=ORIENTED_EDGE('',*,*,#3001,.F.);
#3890=ORIENTED_EDGE('',*,*,#3002,.T.);
#3891=ORIENTED_EDGE('',*,*,#3003,.F.);
#3892=ORIENTED_EDGE('',*,*,#3004,.T.);
#3893=ORIENTED_EDGE('',*,*,#3005,.F.);
#3894=ORIENTED_EDGE('',*,*,#3006,.T.);
#3895=ORIENTED_EDGE('',*,*,#3007,.F.);
#3896=ORIENTED_EDGE('',*,*,#3008,.T.);
#3897=ORIENTED_EDGE('',*,*,#3009,.F.);
#3898=ORIENTED_EDGE('',*,*,#3010,.T.);
#3899=ORIENTED_EDGE('',*,*,#3011,.T.);
#3900=ORIENTED_EDGE('',*,*,#3012,.T.);
#3901=ORIENTED_EDGE('',*,*,#3013,.T.);
#3902=ORIENTED_EDGE('',*,*,#3014,.T.);
#3903=ORIENTED_EDGE('',*,*,#3015,.T.);
#3904=ORIENTED_EDGE('',*,*,#3016,.T.);
#3905=ORIENTED_EDGE('',*,*,#3017,.T.);
#3906=ORIENTED_EDGE('',*,*,#3018,.T.);
#3907=ORIENTED_EDGE('',*,*,#2982,.T.);
#3908=ORIENTED_EDGE('',*,*,#3019,.T.);
#3909=ORIENTED_EDGE('',*,*,#3020,.T.);
#3910=ORIENTED_EDGE('',*,*,#3021,.T.);
#3911=ORIENTED_EDGE('',*,*,#3022,.T.);
#3912=ORIENTED_EDGE('',*,*,#3023,.F.);
#3913=ORIENTED_EDGE('',*,*,#3024,.T.);
#3914=ORIENTED_EDGE('',*,*,#3025,.F.);
#3915=ORIENTED_EDGE('',*,*,#3026,.T.);
#3916=ORIENTED_EDGE('',*,*,#3027,.F.);
#3917=ORIENTED_EDGE('',*,*,#3028,.T.);
#3918=ORIENTED_EDGE('',*,*,#3029,.F.);
#3919=ORIENTED_EDGE('',*,*,#3030,.T.);
#3920=ORIENTED_EDGE('',*,*,#3031,.F.);
#3921=ORIENTED_EDGE('',*,*,#3032,.T.);
#3922=ORIENTED_EDGE('',*,*,#3033,.F.);
#3923=ORIENTED_EDGE('',*,*,#3034,.T.);
#3924=ORIENTED_EDGE('',*,*,#3035,.T.);
#3925=ORIENTED_EDGE('',*,*,#3036,.F.);
#3926=ORIENTED_EDGE('',*,*,#3037,.T.);
#3927=ORIENTED_EDGE('',*,*,#3038,.F.);
#3928=ORIENTED_EDGE('',*,*,#3039,.T.);
#3929=ORIENTED_EDGE('',*,*,#3040,.F.);
#3930=ORIENTED_EDGE('',*,*,#3041,.T.);
#3931=ORIENTED_EDGE('',*,*,#3042,.F.);
#3932=ORIENTED_EDGE('',*,*,#3043,.T.);
#3933=ORIENTED_EDGE('',*,*,#3044,.F.);
#3934=ORIENTED_EDGE('',*,*,#3045,.T.);
#3935=ORIENTED_EDGE('',*,*,#3046,.F.);
#3936=ORIENTED_EDGE('',*,*,#3047,.T.);
#3937=ORIENTED_EDGE('',*,*,#3048,.F.);
#3938=ORIENTED_EDGE('',*,*,#3049,.T.);
#3939=ORIENTED_EDGE('',*,*,#3050,.F.);
#3940=ORIENTED_EDGE('',*,*,#3051,.T.);
#3941=ORIENTED_EDGE('',*,*,#3052,.T.);
#3942=ORIENTED_EDGE('',*,*,#3053,.T.);
#3943=ORIENTED_EDGE('',*,*,#3054,.T.);
#3944=ORIENTED_EDGE('',*,*,#3055,.T.);
#3945=ORIENTED_EDGE('',*,*,#3056,.T.);
#3946=ORIENTED_EDGE('',*,*,#3057,.T.);
#3947=ORIENTED_EDGE('',*,*,#3058,.T.);
#3948=ORIENTED_EDGE('',*,*,#3059,.T.);
#3949=ORIENTED_EDGE('',*,*,#3060,.T.);
#3950=ORIENTED_EDGE('',*,*,#3061,.T.);
#3951=ORIENTED_EDGE('',*,*,#3062,.T.);
#3952=ORIENTED_EDGE('',*,*,#3063,.T.);
#3953=ORIENTED_EDGE('',*,*,#3064,.T.);
#3954=ORIENTED_EDGE('',*,*,#3065,.T.);
#3955=ORIENTED_EDGE('',*,*,#3066,.T.);
#3956=ORIENTED_EDGE('',*,*,#3067,.T.);
#3957=ORIENTED_EDGE('',*,*,#3056,.F.);
#3958=ORIENTED_EDGE('',*,*,#3068,.T.);
#3959=ORIENTED_EDGE('',*,*,#3069,.T.);
#3960=ORIENTED_EDGE('',*,*,#3070,.F.);
#3961=ORIENTED_EDGE('',*,*,#3064,.F.);
#3962=ORIENTED_EDGE('',*,*,#3071,.T.);
#3963=ORIENTED_EDGE('',*,*,#3072,.T.);
#3964=ORIENTED_EDGE('',*,*,#3068,.F.);
#3965=ORIENTED_EDGE('',*,*,#3063,.F.);
#3966=ORIENTED_EDGE('',*,*,#3073,.T.);
#3967=ORIENTED_EDGE('',*,*,#3074,.T.);
#3968=ORIENTED_EDGE('',*,*,#3071,.F.);
#3969=ORIENTED_EDGE('',*,*,#3062,.F.);
#3970=ORIENTED_EDGE('',*,*,#3075,.T.);
#3971=ORIENTED_EDGE('',*,*,#3076,.T.);
#3972=ORIENTED_EDGE('',*,*,#3073,.F.);
#3973=ORIENTED_EDGE('',*,*,#3061,.F.);
#3974=ORIENTED_EDGE('',*,*,#3077,.T.);
#3975=ORIENTED_EDGE('',*,*,#3078,.T.);
#3976=ORIENTED_EDGE('',*,*,#3075,.F.);
#3977=ORIENTED_EDGE('',*,*,#3060,.F.);
#3978=ORIENTED_EDGE('',*,*,#3079,.T.);
#3979=ORIENTED_EDGE('',*,*,#3080,.T.);
#3980=ORIENTED_EDGE('',*,*,#3077,.F.);
#3981=ORIENTED_EDGE('',*,*,#3059,.F.);
#3982=ORIENTED_EDGE('',*,*,#3081,.T.);
#3983=ORIENTED_EDGE('',*,*,#3082,.T.);
#3984=ORIENTED_EDGE('',*,*,#3079,.F.);
#3985=ORIENTED_EDGE('',*,*,#3058,.F.);
#3986=ORIENTED_EDGE('',*,*,#3083,.T.);
#3987=ORIENTED_EDGE('',*,*,#3084,.T.);
#3988=ORIENTED_EDGE('',*,*,#3081,.F.);
#3989=ORIENTED_EDGE('',*,*,#3057,.F.);
#3990=ORIENTED_EDGE('',*,*,#3070,.T.);
#3991=ORIENTED_EDGE('',*,*,#3085,.T.);
#3992=ORIENTED_EDGE('',*,*,#3083,.F.);
#3993=ORIENTED_EDGE('',*,*,#3085,.F.);
#3994=ORIENTED_EDGE('',*,*,#3069,.F.);
#3995=ORIENTED_EDGE('',*,*,#3072,.F.);
#3996=ORIENTED_EDGE('',*,*,#3074,.F.);
#3997=ORIENTED_EDGE('',*,*,#3076,.F.);
#3998=ORIENTED_EDGE('',*,*,#3078,.F.);
#3999=ORIENTED_EDGE('',*,*,#3080,.F.);
#4000=ORIENTED_EDGE('',*,*,#3082,.F.);
#4001=ORIENTED_EDGE('',*,*,#3084,.F.);
#4002=ORIENTED_EDGE('',*,*,#3086,.F.);
#4003=ORIENTED_EDGE('',*,*,#3087,.T.);
#4004=ORIENTED_EDGE('',*,*,#3088,.T.);
#4005=ORIENTED_EDGE('',*,*,#3089,.F.);
#4006=ORIENTED_EDGE('',*,*,#3090,.F.);
#4007=ORIENTED_EDGE('',*,*,#3091,.T.);
#4008=ORIENTED_EDGE('',*,*,#3092,.T.);
#4009=ORIENTED_EDGE('',*,*,#3087,.F.);
#4010=ORIENTED_EDGE('',*,*,#3093,.F.);
#4011=ORIENTED_EDGE('',*,*,#3094,.T.);
#4012=ORIENTED_EDGE('',*,*,#3095,.T.);
#4013=ORIENTED_EDGE('',*,*,#3091,.F.);
#4014=ORIENTED_EDGE('',*,*,#3096,.F.);
#4015=ORIENTED_EDGE('',*,*,#3097,.T.);
#4016=ORIENTED_EDGE('',*,*,#3098,.T.);
#4017=ORIENTED_EDGE('',*,*,#3094,.F.);
#4018=ORIENTED_EDGE('',*,*,#3099,.F.);
#4019=ORIENTED_EDGE('',*,*,#3100,.T.);
#4020=ORIENTED_EDGE('',*,*,#3101,.T.);
#4021=ORIENTED_EDGE('',*,*,#3097,.F.);
#4022=ORIENTED_EDGE('',*,*,#3102,.F.);
#4023=ORIENTED_EDGE('',*,*,#3103,.T.);
#4024=ORIENTED_EDGE('',*,*,#3104,.T.);
#4025=ORIENTED_EDGE('',*,*,#3100,.F.);
#4026=ORIENTED_EDGE('',*,*,#3105,.F.);
#4027=ORIENTED_EDGE('',*,*,#3106,.T.);
#4028=ORIENTED_EDGE('',*,*,#3107,.T.);
#4029=ORIENTED_EDGE('',*,*,#3103,.F.);
#4030=ORIENTED_EDGE('',*,*,#3108,.F.);
#4031=ORIENTED_EDGE('',*,*,#3109,.T.);
#4032=ORIENTED_EDGE('',*,*,#3110,.T.);
#4033=ORIENTED_EDGE('',*,*,#3106,.F.);
#4034=ORIENTED_EDGE('',*,*,#3111,.F.);
#4035=ORIENTED_EDGE('',*,*,#3112,.T.);
#4036=ORIENTED_EDGE('',*,*,#3113,.T.);
#4037=ORIENTED_EDGE('',*,*,#3109,.F.);
#4038=ORIENTED_EDGE('',*,*,#3114,.F.);
#4039=ORIENTED_EDGE('',*,*,#3115,.T.);
#4040=ORIENTED_EDGE('',*,*,#3116,.T.);
#4041=ORIENTED_EDGE('',*,*,#3112,.F.);
#4042=ORIENTED_EDGE('',*,*,#3117,.F.);
#4043=ORIENTED_EDGE('',*,*,#3118,.T.);
#4044=ORIENTED_EDGE('',*,*,#3119,.T.);
#4045=ORIENTED_EDGE('',*,*,#3115,.F.);
#4046=ORIENTED_EDGE('',*,*,#3120,.F.);
#4047=ORIENTED_EDGE('',*,*,#3089,.T.);
#4048=ORIENTED_EDGE('',*,*,#3121,.T.);
#4049=ORIENTED_EDGE('',*,*,#3118,.F.);
#4050=ORIENTED_EDGE('',*,*,#3121,.F.);
#4051=ORIENTED_EDGE('',*,*,#3088,.F.);
#4052=ORIENTED_EDGE('',*,*,#3092,.F.);
#4053=ORIENTED_EDGE('',*,*,#3095,.F.);
#4054=ORIENTED_EDGE('',*,*,#3098,.F.);
#4055=ORIENTED_EDGE('',*,*,#3101,.F.);
#4056=ORIENTED_EDGE('',*,*,#3104,.F.);
#4057=ORIENTED_EDGE('',*,*,#3107,.F.);
#4058=ORIENTED_EDGE('',*,*,#3110,.F.);
#4059=ORIENTED_EDGE('',*,*,#3113,.F.);
#4060=ORIENTED_EDGE('',*,*,#3116,.F.);
#4061=ORIENTED_EDGE('',*,*,#3119,.F.);
#4062=ORIENTED_EDGE('',*,*,#3122,.F.);
#4063=ORIENTED_EDGE('',*,*,#2980,.F.);
#4064=ORIENTED_EDGE('',*,*,#3123,.F.);
#4065=ORIENTED_EDGE('',*,*,#3124,.F.);
#4066=ORIENTED_EDGE('',*,*,#3125,.F.);
#4067=ORIENTED_EDGE('',*,*,#3126,.F.);
#4068=ORIENTED_EDGE('',*,*,#3127,.F.);
#4069=ORIENTED_EDGE('',*,*,#2994,.F.);
#4070=ORIENTED_EDGE('',*,*,#3128,.F.);
#4071=ORIENTED_EDGE('',*,*,#3034,.F.);
#4072=ORIENTED_EDGE('',*,*,#3129,.F.);
#4073=ORIENTED_EDGE('',*,*,#3130,.F.);
#4074=ORIENTED_EDGE('',*,*,#3131,.F.);
#4075=ORIENTED_EDGE('',*,*,#3132,.F.);
#4076=ORIENTED_EDGE('',*,*,#3133,.F.);
#4077=ORIENTED_EDGE('',*,*,#3052,.F.);
#4078=ORIENTED_EDGE('',*,*,#3134,.F.);
#4079=ORIENTED_EDGE('',*,*,#3010,.F.);
#4080=ORIENTED_EDGE('',*,*,#3135,.F.);
#4081=ORIENTED_EDGE('',*,*,#3136,.F.);
#4082=ORIENTED_EDGE('',*,*,#3137,.F.);
#4083=ORIENTED_EDGE('',*,*,#3138,.T.);
#4084=ORIENTED_EDGE('',*,*,#3139,.T.);
#4085=ORIENTED_EDGE('',*,*,#3140,.F.);
#4086=ORIENTED_EDGE('',*,*,#3141,.T.);
#4087=ORIENTED_EDGE('',*,*,#3142,.T.);
#4088=ORIENTED_EDGE('',*,*,#3143,.T.);
#4089=ORIENTED_EDGE('',*,*,#3144,.T.);
#4090=ORIENTED_EDGE('',*,*,#3145,.T.);
#4091=ORIENTED_EDGE('',*,*,#3146,.F.);
#4092=ORIENTED_EDGE('',*,*,#3147,.T.);
#4093=ORIENTED_EDGE('',*,*,#3148,.T.);
#4094=ORIENTED_EDGE('',*,*,#3149,.T.);
#4095=ORIENTED_EDGE('',*,*,#3150,.F.);
#4096=ORIENTED_EDGE('',*,*,#3151,.T.);
#4097=ORIENTED_EDGE('',*,*,#3152,.T.);
#4098=ORIENTED_EDGE('',*,*,#3153,.T.);
#4099=ORIENTED_EDGE('',*,*,#3154,.T.);
#4100=ORIENTED_EDGE('',*,*,#3155,.T.);
#4101=ORIENTED_EDGE('',*,*,#3156,.F.);
#4102=ORIENTED_EDGE('',*,*,#3157,.T.);
#4103=ORIENTED_EDGE('',*,*,#3158,.T.);
#4104=ORIENTED_EDGE('',*,*,#3159,.T.);
#4105=ORIENTED_EDGE('',*,*,#3160,.F.);
#4106=ORIENTED_EDGE('',*,*,#3161,.T.);
#4107=ORIENTED_EDGE('',*,*,#3162,.T.);
#4108=ORIENTED_EDGE('',*,*,#3163,.T.);
#4109=ORIENTED_EDGE('',*,*,#3164,.T.);
#4110=ORIENTED_EDGE('',*,*,#3165,.F.);
#4111=ORIENTED_EDGE('',*,*,#3124,.T.);
#4112=ORIENTED_EDGE('',*,*,#3166,.F.);
#4113=ORIENTED_EDGE('',*,*,#3167,.T.);
#4114=ORIENTED_EDGE('',*,*,#3168,.T.);
#4115=ORIENTED_EDGE('',*,*,#3169,.T.);
#4116=ORIENTED_EDGE('',*,*,#3170,.T.);
#4117=ORIENTED_EDGE('',*,*,#3171,.T.);
#4118=ORIENTED_EDGE('',*,*,#3172,.F.);
#4119=ORIENTED_EDGE('',*,*,#3173,.T.);
#4120=ORIENTED_EDGE('',*,*,#3174,.T.);
#4121=ORIENTED_EDGE('',*,*,#3175,.T.);
#4122=ORIENTED_EDGE('',*,*,#3176,.F.);
#4123=ORIENTED_EDGE('',*,*,#3177,.T.);
#4124=ORIENTED_EDGE('',*,*,#3178,.T.);
#4125=ORIENTED_EDGE('',*,*,#3179,.T.);
#4126=ORIENTED_EDGE('',*,*,#3180,.T.);
#4127=ORIENTED_EDGE('',*,*,#3181,.T.);
#4128=ORIENTED_EDGE('',*,*,#3182,.F.);
#4129=ORIENTED_EDGE('',*,*,#3183,.T.);
#4130=ORIENTED_EDGE('',*,*,#3184,.T.);
#4131=ORIENTED_EDGE('',*,*,#3185,.T.);
#4132=ORIENTED_EDGE('',*,*,#3186,.F.);
#4133=ORIENTED_EDGE('',*,*,#3187,.T.);
#4134=ORIENTED_EDGE('',*,*,#3188,.T.);
#4135=ORIENTED_EDGE('',*,*,#3189,.T.);
#4136=ORIENTED_EDGE('',*,*,#3190,.T.);
#4137=ORIENTED_EDGE('',*,*,#3191,.T.);
#4138=ORIENTED_EDGE('',*,*,#3020,.F.);
#4139=ORIENTED_EDGE('',*,*,#3192,.F.);
#4140=ORIENTED_EDGE('',*,*,#3193,.F.);
#4141=ORIENTED_EDGE('',*,*,#3194,.F.);
#4142=ORIENTED_EDGE('',*,*,#3054,.F.);
#4143=ORIENTED_EDGE('',*,*,#3195,.F.);
#4144=ORIENTED_EDGE('',*,*,#3196,.T.);
#4145=ORIENTED_EDGE('',*,*,#3197,.F.);
#4146=ORIENTED_EDGE('',*,*,#3198,.T.);
#4147=ORIENTED_EDGE('',*,*,#2946,.F.);
#4148=ORIENTED_EDGE('',*,*,#3199,.F.);
#4149=ORIENTED_EDGE('',*,*,#3200,.F.);
#4150=ORIENTED_EDGE('',*,*,#2998,.F.);
#4151=ORIENTED_EDGE('',*,*,#3201,.F.);
#4152=ORIENTED_EDGE('',*,*,#3202,.F.);
#4153=ORIENTED_EDGE('',*,*,#2940,.F.);
#4154=ORIENTED_EDGE('',*,*,#2901,.F.);
#4155=ORIENTED_EDGE('',*,*,#3203,.F.);
#4156=ORIENTED_EDGE('',*,*,#3204,.F.);
#4157=ORIENTED_EDGE('',*,*,#3205,.F.);
#4158=ORIENTED_EDGE('',*,*,#3206,.F.);
#4159=ORIENTED_EDGE('',*,*,#3207,.F.);
#4160=ORIENTED_EDGE('',*,*,#3208,.F.);
#4161=ORIENTED_EDGE('',*,*,#3209,.F.);
#4162=ORIENTED_EDGE('',*,*,#2893,.F.);
#4163=ORIENTED_EDGE('',*,*,#2937,.F.);
#4164=ORIENTED_EDGE('',*,*,#3210,.F.);
#4165=ORIENTED_EDGE('',*,*,#3211,.F.);
#4166=ORIENTED_EDGE('',*,*,#3212,.T.);
#4167=ORIENTED_EDGE('',*,*,#3197,.T.);
#4168=ORIENTED_EDGE('',*,*,#3213,.T.);
#4169=ORIENTED_EDGE('',*,*,#3214,.F.);
#4170=ORIENTED_EDGE('',*,*,#3215,.T.);
#4171=ORIENTED_EDGE('',*,*,#3216,.F.);
#4172=ORIENTED_EDGE('',*,*,#3217,.T.);
#4173=ORIENTED_EDGE('',*,*,#3218,.F.);
#4174=ORIENTED_EDGE('',*,*,#3219,.T.);
#4175=ORIENTED_EDGE('',*,*,#2985,.T.);
#4176=ORIENTED_EDGE('',*,*,#3220,.T.);
#4177=ORIENTED_EDGE('',*,*,#3221,.F.);
#4178=ORIENTED_EDGE('',*,*,#3222,.T.);
#4179=ORIENTED_EDGE('',*,*,#3223,.F.);
#4180=ORIENTED_EDGE('',*,*,#3224,.T.);
#4181=ORIENTED_EDGE('',*,*,#3225,.T.);
#4182=ORIENTED_EDGE('',*,*,#3226,.T.);
#4183=ORIENTED_EDGE('',*,*,#3025,.T.);
#4184=ORIENTED_EDGE('',*,*,#3227,.T.);
#4185=ORIENTED_EDGE('',*,*,#3226,.F.);
#4186=ORIENTED_EDGE('',*,*,#3228,.F.);
#4187=ORIENTED_EDGE('',*,*,#3229,.F.);
#4188=ORIENTED_EDGE('',*,*,#3026,.F.);
#4189=ORIENTED_EDGE('',*,*,#3225,.F.);
#4190=ORIENTED_EDGE('',*,*,#3230,.T.);
#4191=ORIENTED_EDGE('',*,*,#3231,.T.);
#4192=ORIENTED_EDGE('',*,*,#3208,.T.);
#4193=ORIENTED_EDGE('',*,*,#3232,.F.);
#4194=ORIENTED_EDGE('',*,*,#3233,.T.);
#4195=ORIENTED_EDGE('',*,*,#3234,.F.);
#4196=ORIENTED_EDGE('',*,*,#3235,.T.);
#4197=ORIENTED_EDGE('',*,*,#3236,.T.);
#4198=ORIENTED_EDGE('',*,*,#3237,.T.);
#4199=ORIENTED_EDGE('',*,*,#3238,.F.);
#4200=ORIENTED_EDGE('',*,*,#3228,.T.);
#4201=ORIENTED_EDGE('',*,*,#3234,.T.);
#4202=ORIENTED_EDGE('',*,*,#3239,.T.);
#4203=ORIENTED_EDGE('',*,*,#3031,.T.);
#4204=ORIENTED_EDGE('',*,*,#3240,.T.);
#4205=ORIENTED_EDGE('',*,*,#3032,.F.);
#4206=ORIENTED_EDGE('',*,*,#3239,.F.);
#4207=ORIENTED_EDGE('',*,*,#3233,.F.);
#4208=ORIENTED_EDGE('',*,*,#3241,.F.);
#4209=ORIENTED_EDGE('',*,*,#3242,.F.);
#4210=ORIENTED_EDGE('',*,*,#3243,.F.);
#4211=ORIENTED_EDGE('',*,*,#3244,.T.);
#4212=ORIENTED_EDGE('',*,*,#3245,.T.);
#4213=ORIENTED_EDGE('',*,*,#3001,.T.);
#4214=ORIENTED_EDGE('',*,*,#3246,.T.);
#4215=ORIENTED_EDGE('',*,*,#3245,.F.);
#4216=ORIENTED_EDGE('',*,*,#3247,.F.);
#4217=ORIENTED_EDGE('',*,*,#3248,.F.);
#4218=ORIENTED_EDGE('',*,*,#3002,.F.);
#4219=ORIENTED_EDGE('',*,*,#3244,.F.);
#4220=ORIENTED_EDGE('',*,*,#3249,.T.);
#4221=ORIENTED_EDGE('',*,*,#3250,.F.);
#4222=ORIENTED_EDGE('',*,*,#3199,.T.);
#4223=ORIENTED_EDGE('',*,*,#2945,.T.);
#4224=ORIENTED_EDGE('',*,*,#3251,.T.);
#4225=ORIENTED_EDGE('',*,*,#3252,.T.);
#4226=ORIENTED_EDGE('',*,*,#3253,.T.);
#4227=ORIENTED_EDGE('',*,*,#3254,.F.);
#4228=ORIENTED_EDGE('',*,*,#3255,.T.);
#4229=ORIENTED_EDGE('',*,*,#3256,.T.);
#4230=ORIENTED_EDGE('',*,*,#3257,.F.);
#4231=ORIENTED_EDGE('',*,*,#3247,.T.);
#4232=ORIENTED_EDGE('',*,*,#2995,.T.);
#4233=ORIENTED_EDGE('',*,*,#3127,.T.);
#4234=ORIENTED_EDGE('',*,*,#3258,.T.);
#4235=ORIENTED_EDGE('',*,*,#3259,.T.);
#4236=ORIENTED_EDGE('',*,*,#3250,.T.);
#4237=ORIENTED_EDGE('',*,*,#3260,.T.);
#4238=ORIENTED_EDGE('',*,*,#2999,.T.);
#4239=ORIENTED_EDGE('',*,*,#3200,.T.);
#4240=ORIENTED_EDGE('',*,*,#2997,.T.);
#4241=ORIENTED_EDGE('',*,*,#3261,.T.);
#4242=ORIENTED_EDGE('',*,*,#3262,.T.);
#4243=ORIENTED_EDGE('',*,*,#3201,.T.);
#4244=ORIENTED_EDGE('',*,*,#3232,.T.);
#4245=ORIENTED_EDGE('',*,*,#3207,.T.);
#4246=ORIENTED_EDGE('',*,*,#3263,.T.);
#4247=ORIENTED_EDGE('',*,*,#3241,.T.);
#4248=ORIENTED_EDGE('',*,*,#3033,.T.);
#4249=ORIENTED_EDGE('',*,*,#3243,.T.);
#4250=ORIENTED_EDGE('',*,*,#3264,.T.);
#4251=ORIENTED_EDGE('',*,*,#3129,.T.);
#4252=ORIENTED_EDGE('',*,*,#3265,.T.);
#4253=ORIENTED_EDGE('',*,*,#3266,.T.);
#4254=ORIENTED_EDGE('',*,*,#2952,.T.);
#4255=ORIENTED_EDGE('',*,*,#2950,.F.);
#4256=ORIENTED_EDGE('',*,*,#3135,.T.);
#4257=ORIENTED_EDGE('',*,*,#3009,.T.);
#4258=ORIENTED_EDGE('',*,*,#3267,.T.);
#4259=ORIENTED_EDGE('',*,*,#3268,.T.);
#4260=ORIENTED_EDGE('',*,*,#3269,.T.);
#4261=ORIENTED_EDGE('',*,*,#3270,.T.);
#4262=ORIENTED_EDGE('',*,*,#3136,.T.);
#4263=ORIENTED_EDGE('',*,*,#3268,.F.);
#4264=ORIENTED_EDGE('',*,*,#3269,.F.);
#4265=ORIENTED_EDGE('',*,*,#3271,.F.);
#4266=ORIENTED_EDGE('',*,*,#3272,.T.);
#4267=ORIENTED_EDGE('',*,*,#3273,.F.);
#4268=ORIENTED_EDGE('',*,*,#3274,.F.);
#4269=ORIENTED_EDGE('',*,*,#3272,.F.);
#4270=ORIENTED_EDGE('',*,*,#3275,.T.);
#4271=ORIENTED_EDGE('',*,*,#3267,.F.);
#4272=ORIENTED_EDGE('',*,*,#3008,.F.);
#4273=ORIENTED_EDGE('',*,*,#3276,.T.);
#4274=ORIENTED_EDGE('',*,*,#3271,.T.);
#4275=ORIENTED_EDGE('',*,*,#3265,.F.);
#4276=ORIENTED_EDGE('',*,*,#3277,.F.);
#4277=ORIENTED_EDGE('',*,*,#3278,.T.);
#4278=ORIENTED_EDGE('',*,*,#3279,.F.);
#4279=ORIENTED_EDGE('',*,*,#3280,.F.);
#4280=ORIENTED_EDGE('',*,*,#3278,.F.);
#4281=ORIENTED_EDGE('',*,*,#3281,.T.);
#4282=ORIENTED_EDGE('',*,*,#3024,.F.);
#4283=ORIENTED_EDGE('',*,*,#3282,.T.);
#4284=ORIENTED_EDGE('',*,*,#3277,.T.);
#4285=ORIENTED_EDGE('',*,*,#2949,.F.);
#4286=ORIENTED_EDGE('',*,*,#3230,.F.);
#4287=ORIENTED_EDGE('',*,*,#3227,.F.);
#4288=ORIENTED_EDGE('',*,*,#3283,.F.);
#4289=ORIENTED_EDGE('',*,*,#2955,.F.);
#4290=ORIENTED_EDGE('',*,*,#3284,.F.);
#4291=ORIENTED_EDGE('',*,*,#3190,.F.);
#4292=ORIENTED_EDGE('',*,*,#3285,.F.);
#4293=ORIENTED_EDGE('',*,*,#2959,.F.);
#4294=ORIENTED_EDGE('',*,*,#3286,.F.);
#4295=ORIENTED_EDGE('',*,*,#3189,.F.);
#4296=ORIENTED_EDGE('',*,*,#3287,.F.);
#4297=ORIENTED_EDGE('',*,*,#2960,.F.);
#4298=ORIENTED_EDGE('',*,*,#3288,.F.);
#4299=ORIENTED_EDGE('',*,*,#3185,.F.);
#4300=ORIENTED_EDGE('',*,*,#3289,.F.);
#4301=ORIENTED_EDGE('',*,*,#2961,.F.);
#4302=ORIENTED_EDGE('',*,*,#3290,.F.);
#4303=ORIENTED_EDGE('',*,*,#3181,.F.);
#4304=ORIENTED_EDGE('',*,*,#3291,.F.);
#4305=ORIENTED_EDGE('',*,*,#2965,.F.);
#4306=ORIENTED_EDGE('',*,*,#3292,.F.);
#4307=ORIENTED_EDGE('',*,*,#3180,.F.);
#4308=ORIENTED_EDGE('',*,*,#3293,.F.);
#4309=ORIENTED_EDGE('',*,*,#2969,.F.);
#4310=ORIENTED_EDGE('',*,*,#3294,.F.);
#4311=ORIENTED_EDGE('',*,*,#3179,.F.);
#4312=ORIENTED_EDGE('',*,*,#3295,.F.);
#4313=ORIENTED_EDGE('',*,*,#2970,.F.);
#4314=ORIENTED_EDGE('',*,*,#3296,.F.);
#4315=ORIENTED_EDGE('',*,*,#3175,.F.);
#4316=ORIENTED_EDGE('',*,*,#3297,.F.);
#4317=ORIENTED_EDGE('',*,*,#2971,.F.);
#4318=ORIENTED_EDGE('',*,*,#3298,.F.);
#4319=ORIENTED_EDGE('',*,*,#3171,.F.);
#4320=ORIENTED_EDGE('',*,*,#3299,.F.);
#4321=ORIENTED_EDGE('',*,*,#2975,.F.);
#4322=ORIENTED_EDGE('',*,*,#3300,.F.);
#4323=ORIENTED_EDGE('',*,*,#3170,.F.);
#4324=ORIENTED_EDGE('',*,*,#3301,.F.);
#4325=ORIENTED_EDGE('',*,*,#2979,.F.);
#4326=ORIENTED_EDGE('',*,*,#3302,.F.);
#4327=ORIENTED_EDGE('',*,*,#3169,.F.);
#4328=ORIENTED_EDGE('',*,*,#3303,.F.);
#4329=ORIENTED_EDGE('',*,*,#3164,.F.);
#4330=ORIENTED_EDGE('',*,*,#3304,.F.);
#4331=ORIENTED_EDGE('',*,*,#3305,.F.);
#4332=ORIENTED_EDGE('',*,*,#3306,.F.);
#4333=ORIENTED_EDGE('',*,*,#3307,.F.);
#4334=ORIENTED_EDGE('',*,*,#3308,.F.);
#4335=ORIENTED_EDGE('',*,*,#3163,.F.);
#4336=ORIENTED_EDGE('',*,*,#3309,.F.);
#4337=ORIENTED_EDGE('',*,*,#3310,.F.);
#4338=ORIENTED_EDGE('',*,*,#3311,.F.);
#4339=ORIENTED_EDGE('',*,*,#3159,.F.);
#4340=ORIENTED_EDGE('',*,*,#3312,.F.);
#4341=ORIENTED_EDGE('',*,*,#3313,.F.);
#4342=ORIENTED_EDGE('',*,*,#3314,.F.);
#4343=ORIENTED_EDGE('',*,*,#3155,.F.);
#4344=ORIENTED_EDGE('',*,*,#3315,.F.);
#4345=ORIENTED_EDGE('',*,*,#3316,.F.);
#4346=ORIENTED_EDGE('',*,*,#3317,.F.);
#4347=ORIENTED_EDGE('',*,*,#3154,.F.);
#4348=ORIENTED_EDGE('',*,*,#3318,.F.);
#4349=ORIENTED_EDGE('',*,*,#3319,.F.);
#4350=ORIENTED_EDGE('',*,*,#3320,.F.);
#4351=ORIENTED_EDGE('',*,*,#3153,.F.);
#4352=ORIENTED_EDGE('',*,*,#3321,.F.);
#4353=ORIENTED_EDGE('',*,*,#3322,.F.);
#4354=ORIENTED_EDGE('',*,*,#3323,.F.);
#4355=ORIENTED_EDGE('',*,*,#3149,.F.);
#4356=ORIENTED_EDGE('',*,*,#3324,.F.);
#4357=ORIENTED_EDGE('',*,*,#3325,.F.);
#4358=ORIENTED_EDGE('',*,*,#3326,.F.);
#4359=ORIENTED_EDGE('',*,*,#3145,.F.);
#4360=ORIENTED_EDGE('',*,*,#3327,.F.);
#4361=ORIENTED_EDGE('',*,*,#3328,.F.);
#4362=ORIENTED_EDGE('',*,*,#3329,.F.);
#4363=ORIENTED_EDGE('',*,*,#3144,.F.);
#4364=ORIENTED_EDGE('',*,*,#3330,.F.);
#4365=ORIENTED_EDGE('',*,*,#3331,.F.);
#4366=ORIENTED_EDGE('',*,*,#3332,.F.);
#4367=ORIENTED_EDGE('',*,*,#3143,.F.);
#4368=ORIENTED_EDGE('',*,*,#3333,.F.);
#4369=ORIENTED_EDGE('',*,*,#3139,.F.);
#4370=ORIENTED_EDGE('',*,*,#3334,.F.);
#4371=ORIENTED_EDGE('',*,*,#3335,.F.);
#4372=ORIENTED_EDGE('',*,*,#3333,.T.);
#4373=ORIENTED_EDGE('',*,*,#3336,.F.);
#4374=ORIENTED_EDGE('',*,*,#3337,.T.);
#4375=ORIENTED_EDGE('',*,*,#3140,.T.);
#4376=ORIENTED_EDGE('',*,*,#3330,.T.);
#4377=ORIENTED_EDGE('',*,*,#3142,.F.);
#4378=ORIENTED_EDGE('',*,*,#3338,.T.);
#4379=ORIENTED_EDGE('',*,*,#3336,.T.);
#4380=ORIENTED_EDGE('',*,*,#3327,.T.);
#4381=ORIENTED_EDGE('',*,*,#3339,.F.);
#4382=ORIENTED_EDGE('',*,*,#3340,.T.);
#4383=ORIENTED_EDGE('',*,*,#3341,.T.);
#4384=ORIENTED_EDGE('',*,*,#3324,.T.);
#4385=ORIENTED_EDGE('',*,*,#3342,.F.);
#4386=ORIENTED_EDGE('',*,*,#3343,.T.);
#4387=ORIENTED_EDGE('',*,*,#3344,.T.);
#4388=ORIENTED_EDGE('',*,*,#3326,.T.);
#4389=ORIENTED_EDGE('',*,*,#3345,.F.);
#4390=ORIENTED_EDGE('',*,*,#3346,.T.);
#4391=ORIENTED_EDGE('',*,*,#3146,.T.);
#4392=ORIENTED_EDGE('',*,*,#3321,.T.);
#4393=ORIENTED_EDGE('',*,*,#3148,.F.);
#4394=ORIENTED_EDGE('',*,*,#3347,.T.);
#4395=ORIENTED_EDGE('',*,*,#3345,.T.);
#4396=ORIENTED_EDGE('',*,*,#3323,.T.);
#4397=ORIENTED_EDGE('',*,*,#3348,.F.);
#4398=ORIENTED_EDGE('',*,*,#3349,.T.);
#4399=ORIENTED_EDGE('',*,*,#3150,.T.);
#4400=ORIENTED_EDGE('',*,*,#3318,.T.);
#4401=ORIENTED_EDGE('',*,*,#3152,.F.);
#4402=ORIENTED_EDGE('',*,*,#3350,.T.);
#4403=ORIENTED_EDGE('',*,*,#3348,.T.);
#4404=ORIENTED_EDGE('',*,*,#3315,.T.);
#4405=ORIENTED_EDGE('',*,*,#3351,.F.);
#4406=ORIENTED_EDGE('',*,*,#3352,.T.);
#4407=ORIENTED_EDGE('',*,*,#3353,.T.);
#4408=ORIENTED_EDGE('',*,*,#3312,.T.);
#4409=ORIENTED_EDGE('',*,*,#3354,.F.);
#4410=ORIENTED_EDGE('',*,*,#3355,.T.);
#4411=ORIENTED_EDGE('',*,*,#3356,.T.);
#4412=ORIENTED_EDGE('',*,*,#3314,.T.);
#4413=ORIENTED_EDGE('',*,*,#3357,.F.);
#4414=ORIENTED_EDGE('',*,*,#3358,.T.);
#4415=ORIENTED_EDGE('',*,*,#3156,.T.);
#4416=ORIENTED_EDGE('',*,*,#3309,.T.);
#4417=ORIENTED_EDGE('',*,*,#3158,.F.);
#4418=ORIENTED_EDGE('',*,*,#3359,.T.);
#4419=ORIENTED_EDGE('',*,*,#3357,.T.);
#4420=ORIENTED_EDGE('',*,*,#3311,.T.);
#4421=ORIENTED_EDGE('',*,*,#3360,.F.);
#4422=ORIENTED_EDGE('',*,*,#3361,.T.);
#4423=ORIENTED_EDGE('',*,*,#3160,.T.);
#4424=ORIENTED_EDGE('',*,*,#3306,.T.);
#4425=ORIENTED_EDGE('',*,*,#3162,.F.);
#4426=ORIENTED_EDGE('',*,*,#3362,.T.);
#4427=ORIENTED_EDGE('',*,*,#3360,.T.);
#4428=ORIENTED_EDGE('',*,*,#3304,.T.);
#4429=ORIENTED_EDGE('',*,*,#3363,.F.);
#4430=ORIENTED_EDGE('',*,*,#3364,.T.);
#4431=ORIENTED_EDGE('',*,*,#3365,.T.);
#4432=ORIENTED_EDGE('',*,*,#3123,.T.);
#4433=ORIENTED_EDGE('',*,*,#3366,.F.);
#4434=ORIENTED_EDGE('',*,*,#3367,.T.);
#4435=ORIENTED_EDGE('',*,*,#3166,.T.);
#4436=ORIENTED_EDGE('',*,*,#3301,.T.);
#4437=ORIENTED_EDGE('',*,*,#3168,.F.);
#4438=ORIENTED_EDGE('',*,*,#3368,.T.);
#4439=ORIENTED_EDGE('',*,*,#3366,.T.);
#4440=ORIENTED_EDGE('',*,*,#3299,.T.);
#4441=ORIENTED_EDGE('',*,*,#3369,.F.);
#4442=ORIENTED_EDGE('',*,*,#3370,.T.);
#4443=ORIENTED_EDGE('',*,*,#2976,.T.);
#4444=ORIENTED_EDGE('',*,*,#3297,.T.);
#4445=ORIENTED_EDGE('',*,*,#3371,.F.);
#4446=ORIENTED_EDGE('',*,*,#3372,.T.);
#4447=ORIENTED_EDGE('',*,*,#2972,.T.);
#4448=ORIENTED_EDGE('',*,*,#3298,.T.);
#4449=ORIENTED_EDGE('',*,*,#3373,.F.);
#4450=ORIENTED_EDGE('',*,*,#3374,.T.);
#4451=ORIENTED_EDGE('',*,*,#3172,.T.);
#4452=ORIENTED_EDGE('',*,*,#3295,.T.);
#4453=ORIENTED_EDGE('',*,*,#3174,.F.);
#4454=ORIENTED_EDGE('',*,*,#3375,.T.);
#4455=ORIENTED_EDGE('',*,*,#3373,.T.);
#4456=ORIENTED_EDGE('',*,*,#3296,.T.);
#4457=ORIENTED_EDGE('',*,*,#3376,.F.);
#4458=ORIENTED_EDGE('',*,*,#3377,.T.);
#4459=ORIENTED_EDGE('',*,*,#3176,.T.);
#4460=ORIENTED_EDGE('',*,*,#3293,.T.);
#4461=ORIENTED_EDGE('',*,*,#3178,.F.);
#4462=ORIENTED_EDGE('',*,*,#3378,.T.);
#4463=ORIENTED_EDGE('',*,*,#3376,.T.);
#4464=ORIENTED_EDGE('',*,*,#3291,.T.);
#4465=ORIENTED_EDGE('',*,*,#3379,.F.);
#4466=ORIENTED_EDGE('',*,*,#3380,.T.);
#4467=ORIENTED_EDGE('',*,*,#2966,.T.);
#4468=ORIENTED_EDGE('',*,*,#3289,.T.);
#4469=ORIENTED_EDGE('',*,*,#3381,.F.);
#4470=ORIENTED_EDGE('',*,*,#3382,.T.);
#4471=ORIENTED_EDGE('',*,*,#2962,.T.);
#4472=ORIENTED_EDGE('',*,*,#3290,.T.);
#4473=ORIENTED_EDGE('',*,*,#3383,.F.);
#4474=ORIENTED_EDGE('',*,*,#3384,.T.);
#4475=ORIENTED_EDGE('',*,*,#3182,.T.);
#4476=ORIENTED_EDGE('',*,*,#3287,.T.);
#4477=ORIENTED_EDGE('',*,*,#3184,.F.);
#4478=ORIENTED_EDGE('',*,*,#3385,.T.);
#4479=ORIENTED_EDGE('',*,*,#3383,.T.);
#4480=ORIENTED_EDGE('',*,*,#3288,.T.);
#4481=ORIENTED_EDGE('',*,*,#3386,.F.);
#4482=ORIENTED_EDGE('',*,*,#3387,.T.);
#4483=ORIENTED_EDGE('',*,*,#3186,.T.);
#4484=ORIENTED_EDGE('',*,*,#3285,.T.);
#4485=ORIENTED_EDGE('',*,*,#3188,.F.);
#4486=ORIENTED_EDGE('',*,*,#3388,.T.);
#4487=ORIENTED_EDGE('',*,*,#3386,.T.);
#4488=ORIENTED_EDGE('',*,*,#3283,.T.);
#4489=ORIENTED_EDGE('',*,*,#3389,.F.);
#4490=ORIENTED_EDGE('',*,*,#3390,.T.);
#4491=ORIENTED_EDGE('',*,*,#2956,.T.);
#4492=ORIENTED_EDGE('',*,*,#3284,.T.);
#4493=ORIENTED_EDGE('',*,*,#2954,.F.);
#4494=ORIENTED_EDGE('',*,*,#3391,.T.);
#4495=ORIENTED_EDGE('',*,*,#3392,.T.);
#4496=ORIENTED_EDGE('',*,*,#3238,.T.);
#4497=ORIENTED_EDGE('',*,*,#3393,.T.);
#4498=ORIENTED_EDGE('',*,*,#3027,.T.);
#4499=ORIENTED_EDGE('',*,*,#3229,.T.);
#4500=ORIENTED_EDGE('',*,*,#3254,.T.);
#4501=ORIENTED_EDGE('',*,*,#3394,.T.);
#4502=ORIENTED_EDGE('',*,*,#3005,.T.);
#4503=ORIENTED_EDGE('',*,*,#3395,.T.);
#4504=ORIENTED_EDGE('',*,*,#3395,.F.);
#4505=ORIENTED_EDGE('',*,*,#3004,.F.);
#4506=ORIENTED_EDGE('',*,*,#3396,.T.);
#4507=ORIENTED_EDGE('',*,*,#3255,.F.);
#4508=ORIENTED_EDGE('',*,*,#3282,.F.);
#4509=ORIENTED_EDGE('',*,*,#3023,.T.);
#4510=ORIENTED_EDGE('',*,*,#3397,.T.);
#4511=ORIENTED_EDGE('',*,*,#3398,.T.);
#4512=ORIENTED_EDGE('',*,*,#3281,.F.);
#4513=ORIENTED_EDGE('',*,*,#3007,.T.);
#4514=ORIENTED_EDGE('',*,*,#3399,.T.);
#4515=ORIENTED_EDGE('',*,*,#3400,.T.);
#4516=ORIENTED_EDGE('',*,*,#3275,.F.);
#4517=ORIENTED_EDGE('',*,*,#3276,.F.);
#4518=ORIENTED_EDGE('',*,*,#3394,.F.);
#4519=ORIENTED_EDGE('',*,*,#3253,.F.);
#4520=ORIENTED_EDGE('',*,*,#3401,.F.);
#4521=ORIENTED_EDGE('',*,*,#3402,.T.);
#4522=ORIENTED_EDGE('',*,*,#3399,.F.);
#4523=ORIENTED_EDGE('',*,*,#3006,.F.);
#4524=ORIENTED_EDGE('',*,*,#3397,.F.);
#4525=ORIENTED_EDGE('',*,*,#3022,.F.);
#4526=ORIENTED_EDGE('',*,*,#3403,.F.);
#4527=ORIENTED_EDGE('',*,*,#3404,.T.);
#4528=ORIENTED_EDGE('',*,*,#3405,.F.);
#4529=ORIENTED_EDGE('',*,*,#3236,.F.);
#4530=ORIENTED_EDGE('',*,*,#3406,.T.);
#4531=ORIENTED_EDGE('',*,*,#3029,.T.);
#4532=ORIENTED_EDGE('',*,*,#3393,.F.);
#4533=ORIENTED_EDGE('',*,*,#3237,.F.);
#4534=ORIENTED_EDGE('',*,*,#3405,.T.);
#4535=ORIENTED_EDGE('',*,*,#3028,.F.);
#4536=ORIENTED_EDGE('',*,*,#3003,.T.);
#4537=ORIENTED_EDGE('',*,*,#3248,.T.);
#4538=ORIENTED_EDGE('',*,*,#3257,.T.);
#4539=ORIENTED_EDGE('',*,*,#3256,.F.);
#4540=ORIENTED_EDGE('',*,*,#3396,.F.);
#4541=ORIENTED_EDGE('',*,*,#3240,.F.);
#4542=ORIENTED_EDGE('',*,*,#3030,.F.);
#4543=ORIENTED_EDGE('',*,*,#3406,.F.);
#4544=ORIENTED_EDGE('',*,*,#3235,.F.);
#4545=ORIENTED_EDGE('',*,*,#2894,.T.);
#4546=ORIENTED_EDGE('',*,*,#3209,.T.);
#4547=ORIENTED_EDGE('',*,*,#3231,.F.);
#4548=ORIENTED_EDGE('',*,*,#2948,.F.);
#4549=ORIENTED_EDGE('',*,*,#2951,.T.);
#4550=ORIENTED_EDGE('',*,*,#3017,.F.);
#4551=ORIENTED_EDGE('',*,*,#3407,.T.);
#4552=ORIENTED_EDGE('',*,*,#3252,.F.);
#4553=ORIENTED_EDGE('',*,*,#3408,.T.);
#4554=ORIENTED_EDGE('',*,*,#3246,.F.);
#4555=ORIENTED_EDGE('',*,*,#3000,.F.);
#4556=ORIENTED_EDGE('',*,*,#3260,.F.);
#4557=ORIENTED_EDGE('',*,*,#3249,.F.);
#4558=ORIENTED_EDGE('',*,*,#3409,.T.);
#4559=ORIENTED_EDGE('',*,*,#3401,.T.);
#4560=ORIENTED_EDGE('',*,*,#3407,.F.);
#4561=ORIENTED_EDGE('',*,*,#3016,.F.);
#4562=ORIENTED_EDGE('',*,*,#3410,.F.);
#4563=ORIENTED_EDGE('',*,*,#3411,.F.);
#4564=ORIENTED_EDGE('',*,*,#3334,.T.);
#4565=ORIENTED_EDGE('',*,*,#3138,.F.);
#4566=ORIENTED_EDGE('',*,*,#3412,.T.);
#4567=ORIENTED_EDGE('',*,*,#3411,.T.);
#4568=ORIENTED_EDGE('',*,*,#3329,.T.);
#4569=ORIENTED_EDGE('',*,*,#3413,.F.);
#4570=ORIENTED_EDGE('',*,*,#3414,.T.);
#4571=ORIENTED_EDGE('',*,*,#3342,.T.);
#4572=ORIENTED_EDGE('',*,*,#3415,.T.);
#4573=ORIENTED_EDGE('',*,*,#3251,.F.);
#4574=ORIENTED_EDGE('',*,*,#3416,.F.);
#4575=ORIENTED_EDGE('',*,*,#3417,.T.);
#4576=ORIENTED_EDGE('',*,*,#3416,.T.);
#4577=ORIENTED_EDGE('',*,*,#2944,.F.);
#4578=ORIENTED_EDGE('',*,*,#2899,.F.);
#4579=ORIENTED_EDGE('',*,*,#3418,.F.);
#4580=ORIENTED_EDGE('',*,*,#3305,.T.);
#4581=ORIENTED_EDGE('',*,*,#3365,.F.);
#4582=ORIENTED_EDGE('',*,*,#3419,.T.);
#4583=ORIENTED_EDGE('',*,*,#3420,.T.);
#4584=ORIENTED_EDGE('',*,*,#3307,.T.);
#4585=ORIENTED_EDGE('',*,*,#3310,.T.);
#4586=ORIENTED_EDGE('',*,*,#3313,.T.);
#4587=ORIENTED_EDGE('',*,*,#3356,.F.);
#4588=ORIENTED_EDGE('',*,*,#3421,.T.);
#4589=ORIENTED_EDGE('',*,*,#3422,.T.);
#4590=ORIENTED_EDGE('',*,*,#3316,.T.);
#4591=ORIENTED_EDGE('',*,*,#3353,.F.);
#4592=ORIENTED_EDGE('',*,*,#3423,.T.);
#4593=ORIENTED_EDGE('',*,*,#3424,.T.);
#4594=ORIENTED_EDGE('',*,*,#3319,.T.);
#4595=ORIENTED_EDGE('',*,*,#3322,.T.);
#4596=ORIENTED_EDGE('',*,*,#3325,.T.);
#4597=ORIENTED_EDGE('',*,*,#3344,.F.);
#4598=ORIENTED_EDGE('',*,*,#3425,.T.);
#4599=ORIENTED_EDGE('',*,*,#3413,.T.);
#4600=ORIENTED_EDGE('',*,*,#3328,.T.);
#4601=ORIENTED_EDGE('',*,*,#3341,.F.);
#4602=ORIENTED_EDGE('',*,*,#3426,.T.);
#4603=ORIENTED_EDGE('',*,*,#3427,.T.);
#4604=ORIENTED_EDGE('',*,*,#3331,.T.);
#4605=ORIENTED_EDGE('',*,*,#3335,.T.);
#4606=ORIENTED_EDGE('',*,*,#3410,.T.);
#4607=ORIENTED_EDGE('',*,*,#3015,.F.);
#4608=ORIENTED_EDGE('',*,*,#3428,.F.);
#4609=ORIENTED_EDGE('',*,*,#3429,.T.);
#4610=ORIENTED_EDGE('',*,*,#3430,.T.);
#4611=ORIENTED_EDGE('',*,*,#3428,.T.);
#4612=ORIENTED_EDGE('',*,*,#3018,.F.);
#4613=ORIENTED_EDGE('',*,*,#3408,.F.);
#4614=ORIENTED_EDGE('',*,*,#3415,.F.);
#4615=ORIENTED_EDGE('',*,*,#3294,.T.);
#4616=ORIENTED_EDGE('',*,*,#2968,.F.);
#4617=ORIENTED_EDGE('',*,*,#3431,.T.);
#4618=ORIENTED_EDGE('',*,*,#3379,.T.);
#4619=ORIENTED_EDGE('',*,*,#3332,.T.);
#4620=ORIENTED_EDGE('',*,*,#3427,.F.);
#4621=ORIENTED_EDGE('',*,*,#3432,.T.);
#4622=ORIENTED_EDGE('',*,*,#3339,.T.);
#4623=ORIENTED_EDGE('',*,*,#3317,.T.);
#4624=ORIENTED_EDGE('',*,*,#3422,.F.);
#4625=ORIENTED_EDGE('',*,*,#3433,.T.);
#4626=ORIENTED_EDGE('',*,*,#3354,.T.);
#4627=ORIENTED_EDGE('',*,*,#3292,.T.);
#4628=ORIENTED_EDGE('',*,*,#2964,.F.);
#4629=ORIENTED_EDGE('',*,*,#3434,.T.);
#4630=ORIENTED_EDGE('',*,*,#3381,.T.);
#4631=ORIENTED_EDGE('',*,*,#3320,.T.);
#4632=ORIENTED_EDGE('',*,*,#3424,.F.);
#4633=ORIENTED_EDGE('',*,*,#3435,.T.);
#4634=ORIENTED_EDGE('',*,*,#3351,.T.);
#4635=ORIENTED_EDGE('',*,*,#3436,.T.);
#4636=ORIENTED_EDGE('',*,*,#3403,.T.);
#4637=ORIENTED_EDGE('',*,*,#3021,.F.);
#4638=ORIENTED_EDGE('',*,*,#3191,.F.);
#4639=ORIENTED_EDGE('',*,*,#3392,.F.);
#4640=ORIENTED_EDGE('',*,*,#3302,.T.);
#4641=ORIENTED_EDGE('',*,*,#2978,.F.);
#4642=ORIENTED_EDGE('',*,*,#3437,.T.);
#4643=ORIENTED_EDGE('',*,*,#3369,.T.);
#4644=ORIENTED_EDGE('',*,*,#3300,.T.);
#4645=ORIENTED_EDGE('',*,*,#2974,.F.);
#4646=ORIENTED_EDGE('',*,*,#3438,.T.);
#4647=ORIENTED_EDGE('',*,*,#3371,.T.);
#4648=ORIENTED_EDGE('',*,*,#3308,.T.);
#4649=ORIENTED_EDGE('',*,*,#3420,.F.);
#4650=ORIENTED_EDGE('',*,*,#3439,.T.);
#4651=ORIENTED_EDGE('',*,*,#3363,.T.);
#4652=ORIENTED_EDGE('',*,*,#3286,.T.);
#4653=ORIENTED_EDGE('',*,*,#2958,.F.);
#4654=ORIENTED_EDGE('',*,*,#3440,.T.);
#4655=ORIENTED_EDGE('',*,*,#3389,.T.);
#4656=ORIENTED_EDGE('',*,*,#3441,.T.);
#4657=ORIENTED_EDGE('',*,*,#3442,.T.);
#4658=ORIENTED_EDGE('',*,*,#3067,.F.);
#4659=ORIENTED_EDGE('',*,*,#3443,.F.);
#4660=ORIENTED_EDGE('',*,*,#3444,.T.);
#4661=ORIENTED_EDGE('',*,*,#3443,.T.);
#4662=ORIENTED_EDGE('',*,*,#3066,.F.);
#4663=ORIENTED_EDGE('',*,*,#3445,.F.);
#4664=ORIENTED_EDGE('',*,*,#3446,.T.);
#4665=ORIENTED_EDGE('',*,*,#3445,.T.);
#4666=ORIENTED_EDGE('',*,*,#3065,.F.);
#4667=ORIENTED_EDGE('',*,*,#3442,.F.);
#4668=ORIENTED_EDGE('',*,*,#3259,.F.);
#4669=ORIENTED_EDGE('',*,*,#3447,.F.);
#4670=ORIENTED_EDGE('',*,*,#3261,.F.);
#4671=ORIENTED_EDGE('',*,*,#2996,.F.);
#4672=ORIENTED_EDGE('',*,*,#3128,.T.);
#4673=ORIENTED_EDGE('',*,*,#3448,.F.);
#4674=ORIENTED_EDGE('',*,*,#3449,.F.);
#4675=ORIENTED_EDGE('',*,*,#3035,.F.);
#4676=ORIENTED_EDGE('',*,*,#3205,.T.);
#4677=ORIENTED_EDGE('',*,*,#3450,.F.);
#4678=ORIENTED_EDGE('',*,*,#3451,.F.);
#4679=ORIENTED_EDGE('',*,*,#3452,.F.);
#4680=ORIENTED_EDGE('',*,*,#3203,.T.);
#4681=ORIENTED_EDGE('',*,*,#3453,.T.);
#4682=ORIENTED_EDGE('',*,*,#3454,.F.);
#4683=ORIENTED_EDGE('',*,*,#3455,.T.);
#4684=ORIENTED_EDGE('',*,*,#3456,.T.);
#4685=ORIENTED_EDGE('',*,*,#3457,.T.);
#4686=ORIENTED_EDGE('',*,*,#3458,.T.);
#4687=ORIENTED_EDGE('',*,*,#3459,.T.);
#4688=ORIENTED_EDGE('',*,*,#3460,.F.);
#4689=ORIENTED_EDGE('',*,*,#3461,.T.);
#4690=ORIENTED_EDGE('',*,*,#3462,.T.);
#4691=ORIENTED_EDGE('',*,*,#3463,.T.);
#4692=ORIENTED_EDGE('',*,*,#3464,.F.);
#4693=ORIENTED_EDGE('',*,*,#3465,.T.);
#4694=ORIENTED_EDGE('',*,*,#3466,.T.);
#4695=ORIENTED_EDGE('',*,*,#3467,.T.);
#4696=ORIENTED_EDGE('',*,*,#3468,.T.);
#4697=ORIENTED_EDGE('',*,*,#3469,.T.);
#4698=ORIENTED_EDGE('',*,*,#3470,.F.);
#4699=ORIENTED_EDGE('',*,*,#3471,.T.);
#4700=ORIENTED_EDGE('',*,*,#3472,.T.);
#4701=ORIENTED_EDGE('',*,*,#3473,.T.);
#4702=ORIENTED_EDGE('',*,*,#3474,.F.);
#4703=ORIENTED_EDGE('',*,*,#3475,.T.);
#4704=ORIENTED_EDGE('',*,*,#3476,.T.);
#4705=ORIENTED_EDGE('',*,*,#3477,.T.);
#4706=ORIENTED_EDGE('',*,*,#3478,.T.);
#4707=ORIENTED_EDGE('',*,*,#3479,.T.);
#4708=ORIENTED_EDGE('',*,*,#3480,.F.);
#4709=ORIENTED_EDGE('',*,*,#3131,.T.);
#4710=ORIENTED_EDGE('',*,*,#3051,.F.);
#4711=ORIENTED_EDGE('',*,*,#3481,.F.);
#4712=ORIENTED_EDGE('',*,*,#3482,.F.);
#4713=ORIENTED_EDGE('',*,*,#3483,.F.);
#4714=ORIENTED_EDGE('',*,*,#3484,.T.);
#4715=ORIENTED_EDGE('',*,*,#3485,.T.);
#4716=ORIENTED_EDGE('',*,*,#3486,.F.);
#4717=ORIENTED_EDGE('',*,*,#3487,.T.);
#4718=ORIENTED_EDGE('',*,*,#3488,.T.);
#4719=ORIENTED_EDGE('',*,*,#3489,.T.);
#4720=ORIENTED_EDGE('',*,*,#3490,.T.);
#4721=ORIENTED_EDGE('',*,*,#3491,.T.);
#4722=ORIENTED_EDGE('',*,*,#3492,.F.);
#4723=ORIENTED_EDGE('',*,*,#3493,.T.);
#4724=ORIENTED_EDGE('',*,*,#3494,.T.);
#4725=ORIENTED_EDGE('',*,*,#3495,.T.);
#4726=ORIENTED_EDGE('',*,*,#3496,.F.);
#4727=ORIENTED_EDGE('',*,*,#3497,.T.);
#4728=ORIENTED_EDGE('',*,*,#3498,.T.);
#4729=ORIENTED_EDGE('',*,*,#3499,.T.);
#4730=ORIENTED_EDGE('',*,*,#3500,.T.);
#4731=ORIENTED_EDGE('',*,*,#3501,.T.);
#4732=ORIENTED_EDGE('',*,*,#3502,.F.);
#4733=ORIENTED_EDGE('',*,*,#3503,.T.);
#4734=ORIENTED_EDGE('',*,*,#3504,.T.);
#4735=ORIENTED_EDGE('',*,*,#3505,.T.);
#4736=ORIENTED_EDGE('',*,*,#3506,.F.);
#4737=ORIENTED_EDGE('',*,*,#3507,.T.);
#4738=ORIENTED_EDGE('',*,*,#3508,.T.);
#4739=ORIENTED_EDGE('',*,*,#3509,.T.);
#4740=ORIENTED_EDGE('',*,*,#3510,.T.);
#4741=ORIENTED_EDGE('',*,*,#3210,.T.);
#4742=ORIENTED_EDGE('',*,*,#2936,.F.);
#4743=ORIENTED_EDGE('',*,*,#3511,.F.);
#4744=ORIENTED_EDGE('',*,*,#3453,.F.);
#4745=ORIENTED_EDGE('',*,*,#3134,.T.);
#4746=ORIENTED_EDGE('',*,*,#3303,.T.);
#4747=ORIENTED_EDGE('',*,*,#3418,.T.);
#4748=ORIENTED_EDGE('',*,*,#2898,.F.);
#4749=ORIENTED_EDGE('',*,*,#2992,.F.);
#4750=ORIENTED_EDGE('',*,*,#3512,.F.);
#4751=ORIENTED_EDGE('',*,*,#3513,.F.);
#4752=ORIENTED_EDGE('',*,*,#3039,.F.);
#4753=ORIENTED_EDGE('',*,*,#3514,.F.);
#4754=ORIENTED_EDGE('',*,*,#3515,.F.);
#4755=ORIENTED_EDGE('',*,*,#3125,.T.);
#4756=ORIENTED_EDGE('',*,*,#2993,.F.);
#4757=ORIENTED_EDGE('',*,*,#3221,.T.);
#4758=ORIENTED_EDGE('',*,*,#3516,.T.);
#4759=ORIENTED_EDGE('',*,*,#3195,.T.);
#4760=ORIENTED_EDGE('',*,*,#3053,.F.);
#4761=ORIENTED_EDGE('',*,*,#3133,.T.);
#4762=ORIENTED_EDGE('',*,*,#3517,.T.);
#4763=ORIENTED_EDGE('',*,*,#3518,.F.);
#4764=ORIENTED_EDGE('',*,*,#3519,.T.);
#4765=ORIENTED_EDGE('',*,*,#3520,.T.);
#4766=ORIENTED_EDGE('',*,*,#3521,.T.);
#4767=ORIENTED_EDGE('',*,*,#3522,.T.);
#4768=ORIENTED_EDGE('',*,*,#3523,.T.);
#4769=ORIENTED_EDGE('',*,*,#3524,.F.);
#4770=ORIENTED_EDGE('',*,*,#3525,.T.);
#4771=ORIENTED_EDGE('',*,*,#3526,.T.);
#4772=ORIENTED_EDGE('',*,*,#3527,.T.);
#4773=ORIENTED_EDGE('',*,*,#3528,.F.);
#4774=ORIENTED_EDGE('',*,*,#3529,.T.);
#4775=ORIENTED_EDGE('',*,*,#3530,.T.);
#4776=ORIENTED_EDGE('',*,*,#3531,.T.);
#4777=ORIENTED_EDGE('',*,*,#3532,.T.);
#4778=ORIENTED_EDGE('',*,*,#3533,.T.);
#4779=ORIENTED_EDGE('',*,*,#3534,.F.);
#4780=ORIENTED_EDGE('',*,*,#3535,.T.);
#4781=ORIENTED_EDGE('',*,*,#3536,.T.);
#4782=ORIENTED_EDGE('',*,*,#3537,.T.);
#4783=ORIENTED_EDGE('',*,*,#3538,.F.);
#4784=ORIENTED_EDGE('',*,*,#3539,.T.);
#4785=ORIENTED_EDGE('',*,*,#3540,.T.);
#4786=ORIENTED_EDGE('',*,*,#3541,.T.);
#4787=ORIENTED_EDGE('',*,*,#3542,.T.);
#4788=ORIENTED_EDGE('',*,*,#3543,.T.);
#4789=ORIENTED_EDGE('',*,*,#3011,.F.);
#4790=ORIENTED_EDGE('',*,*,#3544,.F.);
#4791=ORIENTED_EDGE('',*,*,#3545,.T.);
#4792=ORIENTED_EDGE('',*,*,#3546,.T.);
#4793=ORIENTED_EDGE('',*,*,#2990,.F.);
#4794=ORIENTED_EDGE('',*,*,#2896,.F.);
#4795=ORIENTED_EDGE('',*,*,#2989,.T.);
#4796=ORIENTED_EDGE('',*,*,#3547,.T.);
#4797=ORIENTED_EDGE('',*,*,#3548,.F.);
#4798=ORIENTED_EDGE('',*,*,#3549,.T.);
#4799=ORIENTED_EDGE('',*,*,#3515,.T.);
#4800=ORIENTED_EDGE('',*,*,#3550,.F.);
#4801=ORIENTED_EDGE('',*,*,#3551,.T.);
#4802=ORIENTED_EDGE('',*,*,#3552,.F.);
#4803=ORIENTED_EDGE('',*,*,#3448,.T.);
#4804=ORIENTED_EDGE('',*,*,#3130,.T.);
#4805=ORIENTED_EDGE('',*,*,#3264,.F.);
#4806=ORIENTED_EDGE('',*,*,#3242,.T.);
#4807=ORIENTED_EDGE('',*,*,#3263,.F.);
#4808=ORIENTED_EDGE('',*,*,#3206,.T.);
#4809=ORIENTED_EDGE('',*,*,#3452,.T.);
#4810=ORIENTED_EDGE('',*,*,#3553,.F.);
#4811=ORIENTED_EDGE('',*,*,#3554,.T.);
#4812=ORIENTED_EDGE('',*,*,#3555,.F.);
#4813=ORIENTED_EDGE('',*,*,#2941,.T.);
#4814=ORIENTED_EDGE('',*,*,#3202,.T.);
#4815=ORIENTED_EDGE('',*,*,#3262,.F.);
#4816=ORIENTED_EDGE('',*,*,#3447,.T.);
#4817=ORIENTED_EDGE('',*,*,#3258,.F.);
#4818=ORIENTED_EDGE('',*,*,#3126,.T.);
#4819=ORIENTED_EDGE('',*,*,#3549,.F.);
#4820=ORIENTED_EDGE('',*,*,#3556,.F.);
#4821=ORIENTED_EDGE('',*,*,#3222,.F.);
#4822=ORIENTED_EDGE('',*,*,#3446,.F.);
#4823=ORIENTED_EDGE('',*,*,#3441,.F.);
#4824=ORIENTED_EDGE('',*,*,#3444,.F.);
#4825=ORIENTED_EDGE('',*,*,#3440,.F.);
#4826=ORIENTED_EDGE('',*,*,#2957,.F.);
#4827=ORIENTED_EDGE('',*,*,#3390,.F.);
#4828=ORIENTED_EDGE('',*,*,#2973,.F.);
#4829=ORIENTED_EDGE('',*,*,#3372,.F.);
#4830=ORIENTED_EDGE('',*,*,#3438,.F.);
#4831=ORIENTED_EDGE('',*,*,#3437,.F.);
#4832=ORIENTED_EDGE('',*,*,#2977,.F.);
#4833=ORIENTED_EDGE('',*,*,#3370,.F.);
#4834=ORIENTED_EDGE('',*,*,#3173,.F.);
#4835=ORIENTED_EDGE('',*,*,#3374,.F.);
#4836=ORIENTED_EDGE('',*,*,#3375,.F.);
#4837=ORIENTED_EDGE('',*,*,#3367,.F.);
#4838=ORIENTED_EDGE('',*,*,#3368,.F.);
#4839=ORIENTED_EDGE('',*,*,#3167,.F.);
#4840=ORIENTED_EDGE('',*,*,#3183,.F.);
#4841=ORIENTED_EDGE('',*,*,#3384,.F.);
#4842=ORIENTED_EDGE('',*,*,#3385,.F.);
#4843=ORIENTED_EDGE('',*,*,#2963,.F.);
#4844=ORIENTED_EDGE('',*,*,#3382,.F.);
#4845=ORIENTED_EDGE('',*,*,#3434,.F.);
#4846=ORIENTED_EDGE('',*,*,#3187,.F.);
#4847=ORIENTED_EDGE('',*,*,#3387,.F.);
#4848=ORIENTED_EDGE('',*,*,#3388,.F.);
#4849=ORIENTED_EDGE('',*,*,#3431,.F.);
#4850=ORIENTED_EDGE('',*,*,#2967,.F.);
#4851=ORIENTED_EDGE('',*,*,#3380,.F.);
#4852=ORIENTED_EDGE('',*,*,#3377,.F.);
#4853=ORIENTED_EDGE('',*,*,#3378,.F.);
#4854=ORIENTED_EDGE('',*,*,#3177,.F.);
#4855=ORIENTED_EDGE('',*,*,#3280,.T.);
#4856=ORIENTED_EDGE('',*,*,#3398,.F.);
#4857=ORIENTED_EDGE('',*,*,#3404,.F.);
#4858=ORIENTED_EDGE('',*,*,#3436,.F.);
#4859=ORIENTED_EDGE('',*,*,#3391,.F.);
#4860=ORIENTED_EDGE('',*,*,#2953,.T.);
#4861=ORIENTED_EDGE('',*,*,#3266,.F.);
#4862=ORIENTED_EDGE('',*,*,#3279,.T.);
#4863=ORIENTED_EDGE('',*,*,#3364,.F.);
#4864=ORIENTED_EDGE('',*,*,#3439,.F.);
#4865=ORIENTED_EDGE('',*,*,#3419,.F.);
#4866=ORIENTED_EDGE('',*,*,#3157,.F.);
#4867=ORIENTED_EDGE('',*,*,#3358,.F.);
#4868=ORIENTED_EDGE('',*,*,#3359,.F.);
#4869=ORIENTED_EDGE('',*,*,#3362,.F.);
#4870=ORIENTED_EDGE('',*,*,#3161,.F.);
#4871=ORIENTED_EDGE('',*,*,#3361,.F.);
#4872=ORIENTED_EDGE('',*,*,#3352,.F.);
#4873=ORIENTED_EDGE('',*,*,#3435,.F.);
#4874=ORIENTED_EDGE('',*,*,#3423,.F.);
#4875=ORIENTED_EDGE('',*,*,#3421,.F.);
#4876=ORIENTED_EDGE('',*,*,#3355,.F.);
#4877=ORIENTED_EDGE('',*,*,#3433,.F.);
#4878=ORIENTED_EDGE('',*,*,#3426,.F.);
#4879=ORIENTED_EDGE('',*,*,#3340,.F.);
#4880=ORIENTED_EDGE('',*,*,#3432,.F.);
#4881=ORIENTED_EDGE('',*,*,#3430,.F.);
#4882=ORIENTED_EDGE('',*,*,#3417,.F.);
#4883=ORIENTED_EDGE('',*,*,#3429,.F.);
#4884=ORIENTED_EDGE('',*,*,#3425,.F.);
#4885=ORIENTED_EDGE('',*,*,#3343,.F.);
#4886=ORIENTED_EDGE('',*,*,#3414,.F.);
#4887=ORIENTED_EDGE('',*,*,#3338,.F.);
#4888=ORIENTED_EDGE('',*,*,#3141,.F.);
#4889=ORIENTED_EDGE('',*,*,#3337,.F.);
#4890=ORIENTED_EDGE('',*,*,#3147,.F.);
#4891=ORIENTED_EDGE('',*,*,#3346,.F.);
#4892=ORIENTED_EDGE('',*,*,#3347,.F.);
#4893=ORIENTED_EDGE('',*,*,#3350,.F.);
#4894=ORIENTED_EDGE('',*,*,#3151,.F.);
#4895=ORIENTED_EDGE('',*,*,#3349,.F.);
#4896=ORIENTED_EDGE('',*,*,#3274,.T.);
#4897=ORIENTED_EDGE('',*,*,#3400,.F.);
#4898=ORIENTED_EDGE('',*,*,#3402,.F.);
#4899=ORIENTED_EDGE('',*,*,#3409,.F.);
#4900=ORIENTED_EDGE('',*,*,#3412,.F.);
#4901=ORIENTED_EDGE('',*,*,#3137,.T.);
#4902=ORIENTED_EDGE('',*,*,#3270,.F.);
#4903=ORIENTED_EDGE('',*,*,#3273,.T.);
#4904=ORIENTED_EDGE('',*,*,#3557,.F.);
#4905=ORIENTED_EDGE('',*,*,#3558,.F.);
#4906=ORIENTED_EDGE('',*,*,#3215,.F.);
#4907=ORIENTED_EDGE('',*,*,#2986,.F.);
#4908=ORIENTED_EDGE('',*,*,#3219,.F.);
#4909=ORIENTED_EDGE('',*,*,#3559,.F.);
#4910=ORIENTED_EDGE('',*,*,#3560,.T.);
#4911=ORIENTED_EDGE('',*,*,#3561,.F.);
#4912=ORIENTED_EDGE('',*,*,#3562,.F.);
#4913=ORIENTED_EDGE('',*,*,#3563,.F.);
#4914=ORIENTED_EDGE('',*,*,#3564,.F.);
#4915=ORIENTED_EDGE('',*,*,#2909,.T.);
#4916=ORIENTED_EDGE('',*,*,#3565,.F.);
#4917=ORIENTED_EDGE('',*,*,#3566,.T.);
#4918=ORIENTED_EDGE('',*,*,#3567,.F.);
#4919=ORIENTED_EDGE('',*,*,#3568,.F.);
#4920=ORIENTED_EDGE('',*,*,#3465,.F.);
#4921=ORIENTED_EDGE('',*,*,#3569,.F.);
#4922=ORIENTED_EDGE('',*,*,#2923,.F.);
#4923=ORIENTED_EDGE('',*,*,#3570,.F.);
#4924=ORIENTED_EDGE('',*,*,#3475,.F.);
#4925=ORIENTED_EDGE('',*,*,#3571,.F.);
#4926=ORIENTED_EDGE('',*,*,#3572,.F.);
#4927=ORIENTED_EDGE('',*,*,#2919,.F.);
#4928=ORIENTED_EDGE('',*,*,#3573,.F.);
#4929=ORIENTED_EDGE('',*,*,#3574,.F.);
#4930=ORIENTED_EDGE('',*,*,#3471,.F.);
#4931=ORIENTED_EDGE('',*,*,#3575,.F.);
#4932=ORIENTED_EDGE('',*,*,#3576,.F.);
#4933=ORIENTED_EDGE('',*,*,#3577,.F.);
#4934=ORIENTED_EDGE('',*,*,#3578,.F.);
#4935=ORIENTED_EDGE('',*,*,#3455,.F.);
#4936=ORIENTED_EDGE('',*,*,#3461,.F.);
#4937=ORIENTED_EDGE('',*,*,#3579,.F.);
#4938=ORIENTED_EDGE('',*,*,#3580,.F.);
#4939=ORIENTED_EDGE('',*,*,#3581,.F.);
#4940=ORIENTED_EDGE('',*,*,#2933,.F.);
#4941=ORIENTED_EDGE('',*,*,#3582,.F.);
#4942=ORIENTED_EDGE('',*,*,#2929,.F.);
#4943=ORIENTED_EDGE('',*,*,#3583,.F.);
#4944=ORIENTED_EDGE('',*,*,#3584,.F.);
#4945=ORIENTED_EDGE('',*,*,#3585,.F.);
#4946=ORIENTED_EDGE('',*,*,#2913,.F.);
#4947=ORIENTED_EDGE('',*,*,#3586,.F.);
#4948=ORIENTED_EDGE('',*,*,#3587,.F.);
#4949=ORIENTED_EDGE('',*,*,#3588,.F.);
#4950=ORIENTED_EDGE('',*,*,#3589,.F.);
#4951=ORIENTED_EDGE('',*,*,#3198,.F.);
#4952=ORIENTED_EDGE('',*,*,#3212,.F.);
#4953=ORIENTED_EDGE('',*,*,#3590,.F.);
#4954=ORIENTED_EDGE('',*,*,#3591,.T.);
#4955=ORIENTED_EDGE('',*,*,#3592,.F.);
#4956=ORIENTED_EDGE('',*,*,#3593,.F.);
#4957=ORIENTED_EDGE('',*,*,#3594,.F.);
#4958=ORIENTED_EDGE('',*,*,#3595,.F.);
#4959=ORIENTED_EDGE('',*,*,#3483,.T.);
#4960=ORIENTED_EDGE('',*,*,#3596,.F.);
#4961=ORIENTED_EDGE('',*,*,#3597,.T.);
#4962=ORIENTED_EDGE('',*,*,#3598,.F.);
#4963=ORIENTED_EDGE('',*,*,#3497,.F.);
#4964=ORIENTED_EDGE('',*,*,#3599,.F.);
#4965=ORIENTED_EDGE('',*,*,#3493,.F.);
#4966=ORIENTED_EDGE('',*,*,#3600,.F.);
#4967=ORIENTED_EDGE('',*,*,#3601,.F.);
#4968=ORIENTED_EDGE('',*,*,#3602,.F.);
#4969=ORIENTED_EDGE('',*,*,#3487,.F.);
#4970=ORIENTED_EDGE('',*,*,#3603,.F.);
#4971=ORIENTED_EDGE('',*,*,#3535,.F.);
#4972=ORIENTED_EDGE('',*,*,#3604,.F.);
#4973=ORIENTED_EDGE('',*,*,#3605,.F.);
#4974=ORIENTED_EDGE('',*,*,#3606,.F.);
#4975=ORIENTED_EDGE('',*,*,#3607,.F.);
#4976=ORIENTED_EDGE('',*,*,#3545,.F.);
#4977=ORIENTED_EDGE('',*,*,#3539,.F.);
#4978=ORIENTED_EDGE('',*,*,#3608,.F.);
#4979=ORIENTED_EDGE('',*,*,#3609,.F.);
#4980=ORIENTED_EDGE('',*,*,#3525,.F.);
#4981=ORIENTED_EDGE('',*,*,#3610,.F.);
#4982=ORIENTED_EDGE('',*,*,#3611,.F.);
#4983=ORIENTED_EDGE('',*,*,#3612,.F.);
#4984=ORIENTED_EDGE('',*,*,#3613,.F.);
#4985=ORIENTED_EDGE('',*,*,#3529,.F.);
#4986=ORIENTED_EDGE('',*,*,#3614,.F.);
#4987=ORIENTED_EDGE('',*,*,#3507,.F.);
#4988=ORIENTED_EDGE('',*,*,#3615,.F.);
#4989=ORIENTED_EDGE('',*,*,#3503,.F.);
#4990=ORIENTED_EDGE('',*,*,#3616,.F.);
#4991=ORIENTED_EDGE('',*,*,#3617,.F.);
#4992=ORIENTED_EDGE('',*,*,#3618,.F.);
#4993=ORIENTED_EDGE('',*,*,#3619,.F.);
#4994=ORIENTED_EDGE('',*,*,#3519,.F.);
#4995=ORIENTED_EDGE('',*,*,#3223,.T.);
#4996=ORIENTED_EDGE('',*,*,#3556,.T.);
#4997=ORIENTED_EDGE('',*,*,#3548,.T.);
#4998=ORIENTED_EDGE('',*,*,#3620,.T.);
#4999=ORIENTED_EDGE('',*,*,#3192,.T.);
#5000=ORIENTED_EDGE('',*,*,#3590,.T.);
#5001=ORIENTED_EDGE('',*,*,#3211,.T.);
#5002=ORIENTED_EDGE('',*,*,#3621,.T.);
#5003=ORIENTED_EDGE('',*,*,#3216,.T.);
#5004=ORIENTED_EDGE('',*,*,#3558,.T.);
#5005=ORIENTED_EDGE('',*,*,#3622,.T.);
#5006=ORIENTED_EDGE('',*,*,#3623,.T.);
#5007=ORIENTED_EDGE('',*,*,#2988,.T.);
#5008=ORIENTED_EDGE('',*,*,#3624,.F.);
#5009=ORIENTED_EDGE('',*,*,#3220,.F.);
#5010=ORIENTED_EDGE('',*,*,#2984,.F.);
#5011=ORIENTED_EDGE('',*,*,#3625,.F.);
#5012=ORIENTED_EDGE('',*,*,#3217,.F.);
#5013=ORIENTED_EDGE('',*,*,#3623,.F.);
#5014=ORIENTED_EDGE('',*,*,#3626,.F.);
#5015=ORIENTED_EDGE('',*,*,#3193,.T.);
#5016=ORIENTED_EDGE('',*,*,#3621,.F.);
#5017=ORIENTED_EDGE('',*,*,#3213,.F.);
#5018=ORIENTED_EDGE('',*,*,#3196,.F.);
#5019=ORIENTED_EDGE('',*,*,#3516,.F.);
#5020=ORIENTED_EDGE('',*,*,#3224,.F.);
#5021=ORIENTED_EDGE('',*,*,#3620,.F.);
#5022=ORIENTED_EDGE('',*,*,#3547,.F.);
#5023=ORIENTED_EDGE('',*,*,#3627,.T.);
#5024=ORIENTED_EDGE('',*,*,#3628,.T.);
#5025=ORIENTED_EDGE('',*,*,#3629,.T.);
#5026=ORIENTED_EDGE('',*,*,#3630,.T.);
#5027=ORIENTED_EDGE('',*,*,#3628,.F.);
#5028=ORIENTED_EDGE('',*,*,#3631,.F.);
#5029=ORIENTED_EDGE('',*,*,#3632,.F.);
#5030=ORIENTED_EDGE('',*,*,#3633,.F.);
#5031=ORIENTED_EDGE('',*,*,#3627,.F.);
#5032=ORIENTED_EDGE('',*,*,#3634,.T.);
#5033=ORIENTED_EDGE('',*,*,#2939,.T.);
#5034=ORIENTED_EDGE('',*,*,#2943,.T.);
#5035=ORIENTED_EDGE('',*,*,#3635,.F.);
#5036=ORIENTED_EDGE('',*,*,#3636,.T.);
#5037=ORIENTED_EDGE('',*,*,#3637,.F.);
#5038=ORIENTED_EDGE('',*,*,#3638,.T.);
#5039=ORIENTED_EDGE('',*,*,#3639,.T.);
#5040=ORIENTED_EDGE('',*,*,#3640,.T.);
#5041=ORIENTED_EDGE('',*,*,#3641,.F.);
#5042=ORIENTED_EDGE('',*,*,#3631,.T.);
#5043=ORIENTED_EDGE('',*,*,#3637,.T.);
#5044=ORIENTED_EDGE('',*,*,#3642,.T.);
#5045=ORIENTED_EDGE('',*,*,#3643,.T.);
#5046=ORIENTED_EDGE('',*,*,#3644,.T.);
#5047=ORIENTED_EDGE('',*,*,#3645,.F.);
#5048=ORIENTED_EDGE('',*,*,#3642,.F.);
#5049=ORIENTED_EDGE('',*,*,#3636,.F.);
#5050=ORIENTED_EDGE('',*,*,#3646,.F.);
#5051=ORIENTED_EDGE('',*,*,#3554,.F.);
#5052=ORIENTED_EDGE('',*,*,#3647,.F.);
#5053=ORIENTED_EDGE('',*,*,#3648,.T.);
#5054=ORIENTED_EDGE('',*,*,#3649,.T.);
#5055=ORIENTED_EDGE('',*,*,#3042,.T.);
#5056=ORIENTED_EDGE('',*,*,#3650,.T.);
#5057=ORIENTED_EDGE('',*,*,#3649,.F.);
#5058=ORIENTED_EDGE('',*,*,#3651,.F.);
#5059=ORIENTED_EDGE('',*,*,#3652,.F.);
#5060=ORIENTED_EDGE('',*,*,#3043,.F.);
#5061=ORIENTED_EDGE('',*,*,#3648,.F.);
#5062=ORIENTED_EDGE('',*,*,#3653,.T.);
#5063=ORIENTED_EDGE('',*,*,#3654,.F.);
#5064=ORIENTED_EDGE('',*,*,#3512,.T.);
#5065=ORIENTED_EDGE('',*,*,#2991,.T.);
#5066=ORIENTED_EDGE('',*,*,#3655,.T.);
#5067=ORIENTED_EDGE('',*,*,#3656,.T.);
#5068=ORIENTED_EDGE('',*,*,#3657,.T.);
#5069=ORIENTED_EDGE('',*,*,#3658,.F.);
#5070=ORIENTED_EDGE('',*,*,#3659,.T.);
#5071=ORIENTED_EDGE('',*,*,#3660,.T.);
#5072=ORIENTED_EDGE('',*,*,#3661,.F.);
#5073=ORIENTED_EDGE('',*,*,#3651,.T.);
#5074=ORIENTED_EDGE('',*,*,#3036,.T.);
#5075=ORIENTED_EDGE('',*,*,#3449,.T.);
#5076=ORIENTED_EDGE('',*,*,#3552,.T.);
#5077=ORIENTED_EDGE('',*,*,#3662,.T.);
#5078=ORIENTED_EDGE('',*,*,#3165,.T.);
#5079=ORIENTED_EDGE('',*,*,#3019,.F.);
#5080=ORIENTED_EDGE('',*,*,#2981,.T.);
#5081=ORIENTED_EDGE('',*,*,#3122,.T.);
#5082=ORIENTED_EDGE('',*,*,#3204,.T.);
#5083=ORIENTED_EDGE('',*,*,#3480,.T.);
#5084=ORIENTED_EDGE('',*,*,#3663,.T.);
#5085=ORIENTED_EDGE('',*,*,#3664,.T.);
#5086=ORIENTED_EDGE('',*,*,#3665,.F.);
#5087=ORIENTED_EDGE('',*,*,#3666,.T.);
#5088=ORIENTED_EDGE('',*,*,#3629,.F.);
#5089=ORIENTED_EDGE('',*,*,#3633,.T.);
#5090=ORIENTED_EDGE('',*,*,#3667,.F.);
#5091=ORIENTED_EDGE('',*,*,#3668,.T.);
#5092=ORIENTED_EDGE('',*,*,#3669,.F.);
#5093=ORIENTED_EDGE('',*,*,#3670,.T.);
#5094=ORIENTED_EDGE('',*,*,#3643,.F.);
#5095=ORIENTED_EDGE('',*,*,#3645,.T.);
#5096=ORIENTED_EDGE('',*,*,#3671,.F.);
#5097=ORIENTED_EDGE('',*,*,#3450,.T.);
#5098=ORIENTED_EDGE('',*,*,#3086,.T.);
#5099=ORIENTED_EDGE('',*,*,#3120,.T.);
#5100=ORIENTED_EDGE('',*,*,#3117,.T.);
#5101=ORIENTED_EDGE('',*,*,#3114,.T.);
#5102=ORIENTED_EDGE('',*,*,#3111,.T.);
#5103=ORIENTED_EDGE('',*,*,#3108,.T.);
#5104=ORIENTED_EDGE('',*,*,#3105,.T.);
#5105=ORIENTED_EDGE('',*,*,#3102,.T.);
#5106=ORIENTED_EDGE('',*,*,#3099,.T.);
#5107=ORIENTED_EDGE('',*,*,#3096,.T.);
#5108=ORIENTED_EDGE('',*,*,#3093,.T.);
#5109=ORIENTED_EDGE('',*,*,#3090,.T.);
#5110=ORIENTED_EDGE('',*,*,#3672,.T.);
#5111=ORIENTED_EDGE('',*,*,#3673,.T.);
#5112=ORIENTED_EDGE('',*,*,#3674,.T.);
#5113=ORIENTED_EDGE('',*,*,#3654,.T.);
#5114=ORIENTED_EDGE('',*,*,#3675,.T.);
#5115=ORIENTED_EDGE('',*,*,#3040,.T.);
#5116=ORIENTED_EDGE('',*,*,#3513,.T.);
#5117=ORIENTED_EDGE('',*,*,#3038,.T.);
#5118=ORIENTED_EDGE('',*,*,#3676,.T.);
#5119=ORIENTED_EDGE('',*,*,#3550,.T.);
#5120=ORIENTED_EDGE('',*,*,#3514,.T.);
#5121=ORIENTED_EDGE('',*,*,#3635,.T.);
#5122=ORIENTED_EDGE('',*,*,#2942,.T.);
#5123=ORIENTED_EDGE('',*,*,#3555,.T.);
#5124=ORIENTED_EDGE('',*,*,#3646,.T.);
#5125=ORIENTED_EDGE('',*,*,#3671,.T.);
#5126=ORIENTED_EDGE('',*,*,#3647,.T.);
#5127=ORIENTED_EDGE('',*,*,#3553,.T.);
#5128=ORIENTED_EDGE('',*,*,#3451,.T.);
#5129=ORIENTED_EDGE('',*,*,#3677,.T.);
#5130=ORIENTED_EDGE('',*,*,#3565,.T.);
#5131=ORIENTED_EDGE('',*,*,#2908,.T.);
#5132=ORIENTED_EDGE('',*,*,#2906,.F.);
#5133=ORIENTED_EDGE('',*,*,#3481,.T.);
#5134=ORIENTED_EDGE('',*,*,#3050,.T.);
#5135=ORIENTED_EDGE('',*,*,#3678,.T.);
#5136=ORIENTED_EDGE('',*,*,#3679,.T.);
#5137=ORIENTED_EDGE('',*,*,#3680,.T.);
#5138=ORIENTED_EDGE('',*,*,#3596,.T.);
#5139=ORIENTED_EDGE('',*,*,#3482,.T.);
#5140=ORIENTED_EDGE('',*,*,#3679,.F.);
#5141=ORIENTED_EDGE('',*,*,#3194,.T.);
#5142=ORIENTED_EDGE('',*,*,#3626,.T.);
#5143=ORIENTED_EDGE('',*,*,#3622,.F.);
#5144=ORIENTED_EDGE('',*,*,#3557,.T.);
#5145=ORIENTED_EDGE('',*,*,#3214,.T.);
#5146=ORIENTED_EDGE('',*,*,#3625,.T.);
#5147=ORIENTED_EDGE('',*,*,#2983,.T.);
#5148=ORIENTED_EDGE('',*,*,#3055,.F.);
#5149=ORIENTED_EDGE('',*,*,#3680,.F.);
#5150=ORIENTED_EDGE('',*,*,#3681,.F.);
#5151=ORIENTED_EDGE('',*,*,#3682,.T.);
#5152=ORIENTED_EDGE('',*,*,#3597,.F.);
#5153=ORIENTED_EDGE('',*,*,#3591,.F.);
#5154=ORIENTED_EDGE('',*,*,#3682,.F.);
#5155=ORIENTED_EDGE('',*,*,#3683,.T.);
#5156=ORIENTED_EDGE('',*,*,#3678,.F.);
#5157=ORIENTED_EDGE('',*,*,#3049,.F.);
#5158=ORIENTED_EDGE('',*,*,#3684,.T.);
#5159=ORIENTED_EDGE('',*,*,#3681,.T.);
#5160=ORIENTED_EDGE('',*,*,#3677,.F.);
#5161=ORIENTED_EDGE('',*,*,#3685,.F.);
#5162=ORIENTED_EDGE('',*,*,#3686,.T.);
#5163=ORIENTED_EDGE('',*,*,#3566,.F.);
#5164=ORIENTED_EDGE('',*,*,#3560,.F.);
#5165=ORIENTED_EDGE('',*,*,#3686,.F.);
#5166=ORIENTED_EDGE('',*,*,#3687,.T.);
#5167=ORIENTED_EDGE('',*,*,#3666,.F.);
#5168=ORIENTED_EDGE('',*,*,#3688,.T.);
#5169=ORIENTED_EDGE('',*,*,#3685,.T.);
#5170=ORIENTED_EDGE('',*,*,#2905,.F.);
#5171=ORIENTED_EDGE('',*,*,#3634,.F.);
#5172=ORIENTED_EDGE('',*,*,#3630,.F.);
#5173=ORIENTED_EDGE('',*,*,#3689,.F.);
#5174=ORIENTED_EDGE('',*,*,#2911,.F.);
#5175=ORIENTED_EDGE('',*,*,#3690,.F.);
#5176=ORIENTED_EDGE('',*,*,#3478,.F.);
#5177=ORIENTED_EDGE('',*,*,#3691,.F.);
#5178=ORIENTED_EDGE('',*,*,#2915,.F.);
#5179=ORIENTED_EDGE('',*,*,#3692,.F.);
#5180=ORIENTED_EDGE('',*,*,#3477,.F.);
#5181=ORIENTED_EDGE('',*,*,#3693,.F.);
#5182=ORIENTED_EDGE('',*,*,#2916,.F.);
#5183=ORIENTED_EDGE('',*,*,#3694,.F.);
#5184=ORIENTED_EDGE('',*,*,#3473,.F.);
#5185=ORIENTED_EDGE('',*,*,#3695,.F.);
#5186=ORIENTED_EDGE('',*,*,#2917,.F.);
#5187=ORIENTED_EDGE('',*,*,#3696,.F.);
#5188=ORIENTED_EDGE('',*,*,#3469,.F.);
#5189=ORIENTED_EDGE('',*,*,#3697,.F.);
#5190=ORIENTED_EDGE('',*,*,#2921,.F.);
#5191=ORIENTED_EDGE('',*,*,#3698,.F.);
#5192=ORIENTED_EDGE('',*,*,#3468,.F.);
#5193=ORIENTED_EDGE('',*,*,#3699,.F.);
#5194=ORIENTED_EDGE('',*,*,#2925,.F.);
#5195=ORIENTED_EDGE('',*,*,#3700,.F.);
#5196=ORIENTED_EDGE('',*,*,#3467,.F.);
#5197=ORIENTED_EDGE('',*,*,#3701,.F.);
#5198=ORIENTED_EDGE('',*,*,#2926,.F.);
#5199=ORIENTED_EDGE('',*,*,#3702,.F.);
#5200=ORIENTED_EDGE('',*,*,#3463,.F.);
#5201=ORIENTED_EDGE('',*,*,#3703,.F.);
#5202=ORIENTED_EDGE('',*,*,#2927,.F.);
#5203=ORIENTED_EDGE('',*,*,#3704,.F.);
#5204=ORIENTED_EDGE('',*,*,#3459,.F.);
#5205=ORIENTED_EDGE('',*,*,#3705,.F.);
#5206=ORIENTED_EDGE('',*,*,#2931,.F.);
#5207=ORIENTED_EDGE('',*,*,#3706,.F.);
#5208=ORIENTED_EDGE('',*,*,#3458,.F.);
#5209=ORIENTED_EDGE('',*,*,#3707,.F.);
#5210=ORIENTED_EDGE('',*,*,#2935,.F.);
#5211=ORIENTED_EDGE('',*,*,#3708,.F.);
#5212=ORIENTED_EDGE('',*,*,#3457,.F.);
#5213=ORIENTED_EDGE('',*,*,#3132,.T.);
#5214=ORIENTED_EDGE('',*,*,#3510,.F.);
#5215=ORIENTED_EDGE('',*,*,#3709,.F.);
#5216=ORIENTED_EDGE('',*,*,#3517,.F.);
#5217=ORIENTED_EDGE('',*,*,#3710,.F.);
#5218=ORIENTED_EDGE('',*,*,#3521,.F.);
#5219=ORIENTED_EDGE('',*,*,#3711,.F.);
#5220=ORIENTED_EDGE('',*,*,#3509,.F.);
#5221=ORIENTED_EDGE('',*,*,#3712,.F.);
#5222=ORIENTED_EDGE('',*,*,#3522,.F.);
#5223=ORIENTED_EDGE('',*,*,#3713,.F.);
#5224=ORIENTED_EDGE('',*,*,#3505,.F.);
#5225=ORIENTED_EDGE('',*,*,#3714,.F.);
#5226=ORIENTED_EDGE('',*,*,#3523,.F.);
#5227=ORIENTED_EDGE('',*,*,#3715,.F.);
#5228=ORIENTED_EDGE('',*,*,#3501,.F.);
#5229=ORIENTED_EDGE('',*,*,#3716,.F.);
#5230=ORIENTED_EDGE('',*,*,#3527,.F.);
#5231=ORIENTED_EDGE('',*,*,#3717,.F.);
#5232=ORIENTED_EDGE('',*,*,#3500,.F.);
#5233=ORIENTED_EDGE('',*,*,#3718,.F.);
#5234=ORIENTED_EDGE('',*,*,#3531,.F.);
#5235=ORIENTED_EDGE('',*,*,#3719,.F.);
#5236=ORIENTED_EDGE('',*,*,#3499,.F.);
#5237=ORIENTED_EDGE('',*,*,#3720,.F.);
#5238=ORIENTED_EDGE('',*,*,#3532,.F.);
#5239=ORIENTED_EDGE('',*,*,#3721,.F.);
#5240=ORIENTED_EDGE('',*,*,#3495,.F.);
#5241=ORIENTED_EDGE('',*,*,#3722,.F.);
#5242=ORIENTED_EDGE('',*,*,#3533,.F.);
#5243=ORIENTED_EDGE('',*,*,#3723,.F.);
#5244=ORIENTED_EDGE('',*,*,#3491,.F.);
#5245=ORIENTED_EDGE('',*,*,#3724,.F.);
#5246=ORIENTED_EDGE('',*,*,#3537,.F.);
#5247=ORIENTED_EDGE('',*,*,#3725,.F.);
#5248=ORIENTED_EDGE('',*,*,#3490,.F.);
#5249=ORIENTED_EDGE('',*,*,#3726,.F.);
#5250=ORIENTED_EDGE('',*,*,#3541,.F.);
#5251=ORIENTED_EDGE('',*,*,#3727,.F.);
#5252=ORIENTED_EDGE('',*,*,#3489,.F.);
#5253=ORIENTED_EDGE('',*,*,#3728,.F.);
#5254=ORIENTED_EDGE('',*,*,#3485,.F.);
#5255=ORIENTED_EDGE('',*,*,#3729,.F.);
#5256=ORIENTED_EDGE('',*,*,#3542,.F.);
#5257=ORIENTED_EDGE('',*,*,#3728,.T.);
#5258=ORIENTED_EDGE('',*,*,#3730,.F.);
#5259=ORIENTED_EDGE('',*,*,#3603,.T.);
#5260=ORIENTED_EDGE('',*,*,#3486,.T.);
#5261=ORIENTED_EDGE('',*,*,#3726,.T.);
#5262=ORIENTED_EDGE('',*,*,#3488,.F.);
#5263=ORIENTED_EDGE('',*,*,#3602,.T.);
#5264=ORIENTED_EDGE('',*,*,#3730,.T.);
#5265=ORIENTED_EDGE('',*,*,#3724,.T.);
#5266=ORIENTED_EDGE('',*,*,#3731,.F.);
#5267=ORIENTED_EDGE('',*,*,#3608,.T.);
#5268=ORIENTED_EDGE('',*,*,#3538,.T.);
#5269=ORIENTED_EDGE('',*,*,#3722,.T.);
#5270=ORIENTED_EDGE('',*,*,#3732,.F.);
#5271=ORIENTED_EDGE('',*,*,#3604,.T.);
#5272=ORIENTED_EDGE('',*,*,#3534,.T.);
#5273=ORIENTED_EDGE('',*,*,#3723,.T.);
#5274=ORIENTED_EDGE('',*,*,#3733,.F.);
#5275=ORIENTED_EDGE('',*,*,#3600,.T.);
#5276=ORIENTED_EDGE('',*,*,#3492,.T.);
#5277=ORIENTED_EDGE('',*,*,#3720,.T.);
#5278=ORIENTED_EDGE('',*,*,#3494,.F.);
#5279=ORIENTED_EDGE('',*,*,#3601,.T.);
#5280=ORIENTED_EDGE('',*,*,#3733,.T.);
#5281=ORIENTED_EDGE('',*,*,#3721,.T.);
#5282=ORIENTED_EDGE('',*,*,#3734,.F.);
#5283=ORIENTED_EDGE('',*,*,#3599,.T.);
#5284=ORIENTED_EDGE('',*,*,#3496,.T.);
#5285=ORIENTED_EDGE('',*,*,#3718,.T.);
#5286=ORIENTED_EDGE('',*,*,#3498,.F.);
#5287=ORIENTED_EDGE('',*,*,#3598,.T.);
#5288=ORIENTED_EDGE('',*,*,#3734,.T.);
#5289=ORIENTED_EDGE('',*,*,#3716,.T.);
#5290=ORIENTED_EDGE('',*,*,#3735,.F.);
#5291=ORIENTED_EDGE('',*,*,#3612,.T.);
#5292=ORIENTED_EDGE('',*,*,#3528,.T.);
#5293=ORIENTED_EDGE('',*,*,#3714,.T.);
#5294=ORIENTED_EDGE('',*,*,#3736,.F.);
#5295=ORIENTED_EDGE('',*,*,#3610,.T.);
#5296=ORIENTED_EDGE('',*,*,#3524,.T.);
#5297=ORIENTED_EDGE('',*,*,#3715,.T.);
#5298=ORIENTED_EDGE('',*,*,#3737,.F.);
#5299=ORIENTED_EDGE('',*,*,#3616,.T.);
#5300=ORIENTED_EDGE('',*,*,#3502,.T.);
#5301=ORIENTED_EDGE('',*,*,#3712,.T.);
#5302=ORIENTED_EDGE('',*,*,#3504,.F.);
#5303=ORIENTED_EDGE('',*,*,#3617,.T.);
#5304=ORIENTED_EDGE('',*,*,#3737,.T.);
#5305=ORIENTED_EDGE('',*,*,#3713,.T.);
#5306=ORIENTED_EDGE('',*,*,#3738,.F.);
#5307=ORIENTED_EDGE('',*,*,#3615,.T.);
#5308=ORIENTED_EDGE('',*,*,#3506,.T.);
#5309=ORIENTED_EDGE('',*,*,#3710,.T.);
#5310=ORIENTED_EDGE('',*,*,#3508,.F.);
#5311=ORIENTED_EDGE('',*,*,#3614,.T.);
#5312=ORIENTED_EDGE('',*,*,#3738,.T.);
#5313=ORIENTED_EDGE('',*,*,#3709,.T.);
#5314=ORIENTED_EDGE('',*,*,#3739,.F.);
#5315=ORIENTED_EDGE('',*,*,#3618,.T.);
#5316=ORIENTED_EDGE('',*,*,#3518,.T.);
#5317=ORIENTED_EDGE('',*,*,#2987,.T.);
#5318=ORIENTED_EDGE('',*,*,#3559,.T.);
#5319=ORIENTED_EDGE('',*,*,#3218,.T.);
#5320=ORIENTED_EDGE('',*,*,#3624,.T.);
#5321=ORIENTED_EDGE('',*,*,#3511,.T.);
#5322=ORIENTED_EDGE('',*,*,#3740,.F.);
#5323=ORIENTED_EDGE('',*,*,#3577,.T.);
#5324=ORIENTED_EDGE('',*,*,#3454,.T.);
#5325=ORIENTED_EDGE('',*,*,#3707,.T.);
#5326=ORIENTED_EDGE('',*,*,#3456,.F.);
#5327=ORIENTED_EDGE('',*,*,#3578,.T.);
#5328=ORIENTED_EDGE('',*,*,#3740,.T.);
#5329=ORIENTED_EDGE('',*,*,#3705,.T.);
#5330=ORIENTED_EDGE('',*,*,#3741,.F.);
#5331=ORIENTED_EDGE('',*,*,#3582,.T.);
#5332=ORIENTED_EDGE('',*,*,#2932,.T.);
#5333=ORIENTED_EDGE('',*,*,#3703,.T.);
#5334=ORIENTED_EDGE('',*,*,#3742,.F.);
#5335=ORIENTED_EDGE('',*,*,#3583,.T.);
#5336=ORIENTED_EDGE('',*,*,#2928,.T.);
#5337=ORIENTED_EDGE('',*,*,#3704,.T.);
#5338=ORIENTED_EDGE('',*,*,#3743,.F.);
#5339=ORIENTED_EDGE('',*,*,#3579,.T.);
#5340=ORIENTED_EDGE('',*,*,#3460,.T.);
#5341=ORIENTED_EDGE('',*,*,#3701,.T.);
#5342=ORIENTED_EDGE('',*,*,#3462,.F.);
#5343=ORIENTED_EDGE('',*,*,#3580,.T.);
#5344=ORIENTED_EDGE('',*,*,#3743,.T.);
#5345=ORIENTED_EDGE('',*,*,#3702,.T.);
#5346=ORIENTED_EDGE('',*,*,#3744,.F.);
#5347=ORIENTED_EDGE('',*,*,#3567,.T.);
#5348=ORIENTED_EDGE('',*,*,#3464,.T.);
#5349=ORIENTED_EDGE('',*,*,#3699,.T.);
#5350=ORIENTED_EDGE('',*,*,#3466,.F.);
#5351=ORIENTED_EDGE('',*,*,#3568,.T.);
#5352=ORIENTED_EDGE('',*,*,#3744,.T.);
#5353=ORIENTED_EDGE('',*,*,#3697,.T.);
#5354=ORIENTED_EDGE('',*,*,#3745,.F.);
#5355=ORIENTED_EDGE('',*,*,#3570,.T.);
#5356=ORIENTED_EDGE('',*,*,#2922,.T.);
#5357=ORIENTED_EDGE('',*,*,#3695,.T.);
#5358=ORIENTED_EDGE('',*,*,#3746,.F.);
#5359=ORIENTED_EDGE('',*,*,#3573,.T.);
#5360=ORIENTED_EDGE('',*,*,#2918,.T.);
#5361=ORIENTED_EDGE('',*,*,#3696,.T.);
#5362=ORIENTED_EDGE('',*,*,#3747,.F.);
#5363=ORIENTED_EDGE('',*,*,#3575,.T.);
#5364=ORIENTED_EDGE('',*,*,#3470,.T.);
#5365=ORIENTED_EDGE('',*,*,#3693,.T.);
#5366=ORIENTED_EDGE('',*,*,#3472,.F.);
#5367=ORIENTED_EDGE('',*,*,#3576,.T.);
#5368=ORIENTED_EDGE('',*,*,#3747,.T.);
#5369=ORIENTED_EDGE('',*,*,#3694,.T.);
#5370=ORIENTED_EDGE('',*,*,#3748,.F.);
#5371=ORIENTED_EDGE('',*,*,#3571,.T.);
#5372=ORIENTED_EDGE('',*,*,#3474,.T.);
#5373=ORIENTED_EDGE('',*,*,#3691,.T.);
#5374=ORIENTED_EDGE('',*,*,#3476,.F.);
#5375=ORIENTED_EDGE('',*,*,#3572,.T.);
#5376=ORIENTED_EDGE('',*,*,#3748,.T.);
#5377=ORIENTED_EDGE('',*,*,#3689,.T.);
#5378=ORIENTED_EDGE('',*,*,#3749,.F.);
#5379=ORIENTED_EDGE('',*,*,#3586,.T.);
#5380=ORIENTED_EDGE('',*,*,#2912,.T.);
#5381=ORIENTED_EDGE('',*,*,#3690,.T.);
#5382=ORIENTED_EDGE('',*,*,#2910,.F.);
#5383=ORIENTED_EDGE('',*,*,#3564,.T.);
#5384=ORIENTED_EDGE('',*,*,#3750,.T.);
#5385=ORIENTED_EDGE('',*,*,#3641,.T.);
#5386=ORIENTED_EDGE('',*,*,#3751,.T.);
#5387=ORIENTED_EDGE('',*,*,#3667,.T.);
#5388=ORIENTED_EDGE('',*,*,#3632,.T.);
#5389=ORIENTED_EDGE('',*,*,#3658,.T.);
#5390=ORIENTED_EDGE('',*,*,#3752,.T.);
#5391=ORIENTED_EDGE('',*,*,#3046,.T.);
#5392=ORIENTED_EDGE('',*,*,#3753,.T.);
#5393=ORIENTED_EDGE('',*,*,#3753,.F.);
#5394=ORIENTED_EDGE('',*,*,#3045,.F.);
#5395=ORIENTED_EDGE('',*,*,#3754,.T.);
#5396=ORIENTED_EDGE('',*,*,#3659,.F.);
#5397=ORIENTED_EDGE('',*,*,#3688,.F.);
#5398=ORIENTED_EDGE('',*,*,#3665,.T.);
#5399=ORIENTED_EDGE('',*,*,#3755,.T.);
#5400=ORIENTED_EDGE('',*,*,#3561,.T.);
#5401=ORIENTED_EDGE('',*,*,#3687,.F.);
#5402=ORIENTED_EDGE('',*,*,#3048,.T.);
#5403=ORIENTED_EDGE('',*,*,#3756,.T.);
#5404=ORIENTED_EDGE('',*,*,#3592,.T.);
#5405=ORIENTED_EDGE('',*,*,#3683,.F.);
#5406=ORIENTED_EDGE('',*,*,#3684,.F.);
#5407=ORIENTED_EDGE('',*,*,#3752,.F.);
#5408=ORIENTED_EDGE('',*,*,#3657,.F.);
#5409=ORIENTED_EDGE('',*,*,#3757,.F.);
#5410=ORIENTED_EDGE('',*,*,#3593,.T.);
#5411=ORIENTED_EDGE('',*,*,#3756,.F.);
#5412=ORIENTED_EDGE('',*,*,#3047,.F.);
#5413=ORIENTED_EDGE('',*,*,#3755,.F.);
#5414=ORIENTED_EDGE('',*,*,#3664,.F.);
#5415=ORIENTED_EDGE('',*,*,#3758,.F.);
#5416=ORIENTED_EDGE('',*,*,#3562,.T.);
#5417=ORIENTED_EDGE('',*,*,#3759,.F.);
#5418=ORIENTED_EDGE('',*,*,#3639,.F.);
#5419=ORIENTED_EDGE('',*,*,#3760,.T.);
#5420=ORIENTED_EDGE('',*,*,#3669,.T.);
#5421=ORIENTED_EDGE('',*,*,#3751,.F.);
#5422=ORIENTED_EDGE('',*,*,#3640,.F.);
#5423=ORIENTED_EDGE('',*,*,#3759,.T.);
#5424=ORIENTED_EDGE('',*,*,#3668,.F.);
#5425=ORIENTED_EDGE('',*,*,#3044,.T.);
#5426=ORIENTED_EDGE('',*,*,#3652,.T.);
#5427=ORIENTED_EDGE('',*,*,#3661,.T.);
#5428=ORIENTED_EDGE('',*,*,#3660,.F.);
#5429=ORIENTED_EDGE('',*,*,#3754,.F.);
#5430=ORIENTED_EDGE('',*,*,#3644,.F.);
#5431=ORIENTED_EDGE('',*,*,#3670,.F.);
#5432=ORIENTED_EDGE('',*,*,#3760,.F.);
#5433=ORIENTED_EDGE('',*,*,#3638,.F.);
#5434=ORIENTED_EDGE('',*,*,#3013,.F.);
#5435=ORIENTED_EDGE('',*,*,#3761,.T.);
#5436=ORIENTED_EDGE('',*,*,#3656,.F.);
#5437=ORIENTED_EDGE('',*,*,#3762,.T.);
#5438=ORIENTED_EDGE('',*,*,#3650,.F.);
#5439=ORIENTED_EDGE('',*,*,#3041,.F.);
#5440=ORIENTED_EDGE('',*,*,#3675,.F.);
#5441=ORIENTED_EDGE('',*,*,#3653,.F.);
#5442=ORIENTED_EDGE('',*,*,#3594,.T.);
#5443=ORIENTED_EDGE('',*,*,#3757,.T.);
#5444=ORIENTED_EDGE('',*,*,#3761,.F.);
#5445=ORIENTED_EDGE('',*,*,#3012,.F.);
#5446=ORIENTED_EDGE('',*,*,#3543,.F.);
#5447=ORIENTED_EDGE('',*,*,#3763,.F.);
#5448=ORIENTED_EDGE('',*,*,#3729,.T.);
#5449=ORIENTED_EDGE('',*,*,#3484,.F.);
#5450=ORIENTED_EDGE('',*,*,#3595,.T.);
#5451=ORIENTED_EDGE('',*,*,#3763,.T.);
#5452=ORIENTED_EDGE('',*,*,#3725,.T.);
#5453=ORIENTED_EDGE('',*,*,#3536,.F.);
#5454=ORIENTED_EDGE('',*,*,#3605,.T.);
#5455=ORIENTED_EDGE('',*,*,#3732,.T.);
#5456=ORIENTED_EDGE('',*,*,#3764,.T.);
#5457=ORIENTED_EDGE('',*,*,#3655,.F.);
#5458=ORIENTED_EDGE('',*,*,#3546,.F.);
#5459=ORIENTED_EDGE('',*,*,#3607,.T.);
#5460=ORIENTED_EDGE('',*,*,#3606,.T.);
#5461=ORIENTED_EDGE('',*,*,#3544,.T.);
#5462=ORIENTED_EDGE('',*,*,#3014,.F.);
#5463=ORIENTED_EDGE('',*,*,#3762,.F.);
#5464=ORIENTED_EDGE('',*,*,#3764,.F.);
#5465=ORIENTED_EDGE('',*,*,#3700,.T.);
#5466=ORIENTED_EDGE('',*,*,#2924,.F.);
#5467=ORIENTED_EDGE('',*,*,#3569,.T.);
#5468=ORIENTED_EDGE('',*,*,#3745,.T.);
#5469=ORIENTED_EDGE('',*,*,#3727,.T.);
#5470=ORIENTED_EDGE('',*,*,#3540,.F.);
#5471=ORIENTED_EDGE('',*,*,#3609,.T.);
#5472=ORIENTED_EDGE('',*,*,#3731,.T.);
#5473=ORIENTED_EDGE('',*,*,#3717,.T.);
#5474=ORIENTED_EDGE('',*,*,#3526,.F.);
#5475=ORIENTED_EDGE('',*,*,#3611,.T.);
#5476=ORIENTED_EDGE('',*,*,#3736,.T.);
#5477=ORIENTED_EDGE('',*,*,#3698,.T.);
#5478=ORIENTED_EDGE('',*,*,#2920,.F.);
#5479=ORIENTED_EDGE('',*,*,#3574,.T.);
#5480=ORIENTED_EDGE('',*,*,#3746,.T.);
#5481=ORIENTED_EDGE('',*,*,#3719,.T.);
#5482=ORIENTED_EDGE('',*,*,#3530,.F.);
#5483=ORIENTED_EDGE('',*,*,#3613,.T.);
#5484=ORIENTED_EDGE('',*,*,#3735,.T.);
#5485=ORIENTED_EDGE('',*,*,#3563,.T.);
#5486=ORIENTED_EDGE('',*,*,#3758,.T.);
#5487=ORIENTED_EDGE('',*,*,#3663,.F.);
#5488=ORIENTED_EDGE('',*,*,#3479,.F.);
#5489=ORIENTED_EDGE('',*,*,#3750,.F.);
#5490=ORIENTED_EDGE('',*,*,#3708,.T.);
#5491=ORIENTED_EDGE('',*,*,#2934,.F.);
#5492=ORIENTED_EDGE('',*,*,#3581,.T.);
#5493=ORIENTED_EDGE('',*,*,#3741,.T.);
#5494=ORIENTED_EDGE('',*,*,#3706,.T.);
#5495=ORIENTED_EDGE('',*,*,#2930,.F.);
#5496=ORIENTED_EDGE('',*,*,#3584,.T.);
#5497=ORIENTED_EDGE('',*,*,#3742,.T.);
#5498=ORIENTED_EDGE('',*,*,#3711,.T.);
#5499=ORIENTED_EDGE('',*,*,#3520,.F.);
#5500=ORIENTED_EDGE('',*,*,#3619,.T.);
#5501=ORIENTED_EDGE('',*,*,#3739,.T.);
#5502=ORIENTED_EDGE('',*,*,#3692,.T.);
#5503=ORIENTED_EDGE('',*,*,#2914,.F.);
#5504=ORIENTED_EDGE('',*,*,#3585,.T.);
#5505=ORIENTED_EDGE('',*,*,#3749,.T.);
#5506=ORIENTED_EDGE('',*,*,#3588,.T.);
#5507=ORIENTED_EDGE('',*,*,#3765,.T.);
#5508=ORIENTED_EDGE('',*,*,#3674,.F.);
#5509=ORIENTED_EDGE('',*,*,#3766,.F.);
#5510=ORIENTED_EDGE('',*,*,#3589,.T.);
#5511=ORIENTED_EDGE('',*,*,#3766,.T.);
#5512=ORIENTED_EDGE('',*,*,#3673,.F.);
#5513=ORIENTED_EDGE('',*,*,#3767,.F.);
#5514=ORIENTED_EDGE('',*,*,#3587,.T.);
#5515=ORIENTED_EDGE('',*,*,#3767,.T.);
#5516=ORIENTED_EDGE('',*,*,#3672,.F.);
#5517=ORIENTED_EDGE('',*,*,#3765,.F.);
#5518=ORIENTED_EDGE('',*,*,#3662,.F.);
#5519=ORIENTED_EDGE('',*,*,#3551,.F.);
#5520=ORIENTED_EDGE('',*,*,#3676,.F.);
#5521=ORIENTED_EDGE('',*,*,#3037,.F.);
#5522=PLANE('',#6058);
#5523=PLANE('',#6059);
#5524=PLANE('',#6060);
#5525=PLANE('',#6061);
#5526=PLANE('',#6062);
#5527=PLANE('',#6063);
#5528=PLANE('',#6064);
#5529=PLANE('',#6065);
#5530=PLANE('',#6066);
#5531=PLANE('',#6067);
#5532=PLANE('',#6068);
#5533=PLANE('',#6069);
#5534=PLANE('',#6070);
#5535=PLANE('',#6071);
#5536=PLANE('',#6072);
#5537=PLANE('',#6073);
#5538=PLANE('',#6074);
#5539=PLANE('',#6075);
#5540=PLANE('',#6076);
#5541=PLANE('',#6077);
#5542=PLANE('',#6078);
#5543=PLANE('',#6079);
#5544=PLANE('',#6080);
#5545=PLANE('',#6081);
#5546=PLANE('',#6082);
#5547=PLANE('',#6083);
#5548=PLANE('',#6084);
#5549=PLANE('',#6085);
#5550=PLANE('',#6086);
#5551=PLANE('',#6087);
#5552=PLANE('',#6088);
#5553=PLANE('',#6089);
#5554=PLANE('',#6090);
#5555=PLANE('',#6091);
#5556=PLANE('',#6092);
#5557=PLANE('',#6093);
#5558=PLANE('',#6094);
#5559=PLANE('',#6095);
#5560=PLANE('',#6096);
#5561=PLANE('',#6097);
#5562=PLANE('',#6098);
#5563=PLANE('',#6099);
#5564=PLANE('',#6100);
#5565=PLANE('',#6101);
#5566=PLANE('',#6102);
#5567=PLANE('',#6103);
#5568=PLANE('',#6104);
#5569=PLANE('',#6105);
#5570=PLANE('',#6106);
#5571=PLANE('',#6107);
#5572=PLANE('',#6108);
#5573=PLANE('',#6109);
#5574=PLANE('',#6110);
#5575=PLANE('',#6111);
#5576=PLANE('',#6112);
#5577=PLANE('',#6113);
#5578=PLANE('',#6114);
#5579=PLANE('',#6115);
#5580=PLANE('',#6116);
#5581=PLANE('',#6117);
#5582=PLANE('',#6118);
#5583=PLANE('',#6119);
#5584=PLANE('',#6120);
#5585=PLANE('',#6121);
#5586=PLANE('',#6122);
#5587=PLANE('',#6123);
#5588=PLANE('',#6124);
#5589=PLANE('',#6125);
#5590=PLANE('',#6126);
#5591=PLANE('',#6127);
#5592=PLANE('',#6128);
#5593=PLANE('',#6129);
#5594=PLANE('',#6130);
#5595=PLANE('',#6131);
#5596=PLANE('',#6132);
#5597=PLANE('',#6133);
#5598=PLANE('',#6134);
#5599=PLANE('',#6135);
#5600=PLANE('',#6136);
#5601=PLANE('',#6137);
#5602=PLANE('',#6138);
#5603=PLANE('',#6139);
#5604=PLANE('',#6140);
#5605=PLANE('',#6141);
#5606=PLANE('',#6142);
#5607=PLANE('',#6143);
#5608=PLANE('',#6144);
#5609=PLANE('',#6145);
#5610=PLANE('',#6146);
#5611=PLANE('',#6147);
#5612=PLANE('',#6148);
#5613=PLANE('',#6149);
#5614=PLANE('',#6150);
#5615=PLANE('',#6151);
#5616=PLANE('',#6152);
#5617=PLANE('',#6153);
#5618=PLANE('',#6154);
#5619=PLANE('',#6155);
#5620=PLANE('',#6156);
#5621=PLANE('',#6157);
#5622=PLANE('',#6158);
#5623=PLANE('',#6159);
#5624=PLANE('',#6160);
#5625=PLANE('',#6161);
#5626=PLANE('',#6162);
#5627=PLANE('',#6163);
#5628=PLANE('',#6164);
#5629=PLANE('',#6165);
#5630=PLANE('',#6166);
#5631=PLANE('',#6167);
#5632=PLANE('',#6168);
#5633=PLANE('',#6169);
#5634=PLANE('',#6170);
#5635=PLANE('',#6171);
#5636=PLANE('',#6172);
#5637=PLANE('',#6173);
#5638=PLANE('',#6174);
#5639=PLANE('',#6175);
#5640=PLANE('',#6176);
#5641=PLANE('',#6177);
#5642=PLANE('',#6178);
#5643=PLANE('',#6179);
#5644=PLANE('',#6180);
#5645=PLANE('',#6181);
#5646=PLANE('',#6182);
#5647=PLANE('',#6183);
#5648=PLANE('',#6184);
#5649=PLANE('',#6185);
#5650=PLANE('',#6186);
#5651=PLANE('',#6187);
#5652=PLANE('',#6188);
#5653=PLANE('',#6189);
#5654=PLANE('',#6190);
#5655=PLANE('',#6191);
#5656=PLANE('',#6192);
#5657=PLANE('',#6193);
#5658=PLANE('',#6194);
#5659=PLANE('',#6195);
#5660=PLANE('',#6196);
#5661=PLANE('',#6197);
#5662=PLANE('',#6198);
#5663=PLANE('',#6199);
#5664=PLANE('',#6200);
#5665=PLANE('',#6201);
#5666=PLANE('',#6202);
#5667=PLANE('',#6203);
#5668=PLANE('',#6204);
#5669=PLANE('',#6205);
#5670=PLANE('',#6206);
#5671=PLANE('',#6207);
#5672=PLANE('',#6208);
#5673=PLANE('',#6209);
#5674=PLANE('',#6210);
#5675=PLANE('',#6211);
#5676=PLANE('',#6212);
#5677=PLANE('',#6213);
#5678=PLANE('',#6214);
#5679=PLANE('',#6215);
#5680=PLANE('',#6216);
#5681=PLANE('',#6217);
#5682=PLANE('',#6218);
#5683=PLANE('',#6219);
#5684=PLANE('',#6220);
#5685=PLANE('',#6221);
#5686=PLANE('',#6222);
#5687=PLANE('',#6223);
#5688=PLANE('',#6224);
#5689=PLANE('',#6225);
#5690=PLANE('',#6226);
#5691=PLANE('',#6227);
#5692=PLANE('',#6228);
#5693=PLANE('',#6229);
#5694=PLANE('',#6230);
#5695=PLANE('',#6231);
#5696=PLANE('',#6232);
#5697=PLANE('',#6233);
#5698=PLANE('',#6234);
#5699=PLANE('',#6235);
#5700=PLANE('',#6236);
#5701=PLANE('',#6237);
#5702=PLANE('',#6238);
#5703=PLANE('',#6239);
#5704=PLANE('',#6240);
#5705=PLANE('',#6241);
#5706=PLANE('',#6242);
#5707=PLANE('',#6243);
#5708=PLANE('',#6244);
#5709=PLANE('',#6245);
#5710=PLANE('',#6246);
#5711=PLANE('',#6247);
#5712=PLANE('',#6248);
#5713=PLANE('',#6249);
#5714=PLANE('',#6250);
#5715=PLANE('',#6251);
#5716=PLANE('',#6252);
#5717=PLANE('',#6253);
#5718=PLANE('',#6254);
#5719=PLANE('',#6255);
#5720=PLANE('',#6256);
#5721=PLANE('',#6257);
#5722=PLANE('',#6258);
#5723=PLANE('',#6259);
#5724=PLANE('',#6260);
#5725=PLANE('',#6261);
#5726=PLANE('',#6262);
#5727=PLANE('',#6263);
#5728=PLANE('',#6264);
#5729=PLANE('',#6265);
#5730=PLANE('',#6266);
#5731=PLANE('',#6267);
#5732=PLANE('',#6268);
#5733=PLANE('',#6269);
#5734=PLANE('',#6270);
#5735=PLANE('',#6271);
#5736=PLANE('',#6272);
#5737=PLANE('',#6273);
#5738=PLANE('',#6274);
#5739=PLANE('',#6275);
#5740=PLANE('',#6276);
#5741=PLANE('',#6277);
#5742=PLANE('',#6278);
#5743=PLANE('',#6279);
#5744=PLANE('',#6280);
#5745=PLANE('',#6281);
#5746=PLANE('',#6282);
#5747=PLANE('',#6283);
#5748=PLANE('',#6284);
#5749=PLANE('',#6285);
#5750=PLANE('',#6286);
#5751=PLANE('',#6287);
#5752=PLANE('',#6288);
#5753=PLANE('',#6289);
#5754=PLANE('',#6290);
#5755=PLANE('',#6291);
#5756=PLANE('',#6292);
#5757=PLANE('',#6293);
#5758=PLANE('',#6294);
#5759=PLANE('',#6295);
#5760=PLANE('',#6296);
#5761=PLANE('',#6297);
#5762=PLANE('',#6298);
#5763=PLANE('',#6299);
#5764=PLANE('',#6300);
#5765=ADVANCED_FACE('',(#243),#5522,.T.);
#5766=ADVANCED_FACE('',(#244),#207,.T.);
#5767=ADVANCED_FACE('',(#245),#5523,.F.);
#5768=ADVANCED_FACE('',(#246),#5524,.T.);
#5769=ADVANCED_FACE('',(#247),#5525,.T.);
#5770=ADVANCED_FACE('',(#248),#5526,.T.);
#5771=ADVANCED_FACE('',(#249),#208,.T.);
#5772=ADVANCED_FACE('',(#250),#5527,.F.);
#5773=ADVANCED_FACE('',(#251),#5528,.T.);
#5774=ADVANCED_FACE('',(#252),#5529,.T.);
#5775=ADVANCED_FACE('',(#253),#5530,.T.);
#5776=ADVANCED_FACE('',(#254),#5531,.T.);
#5777=ADVANCED_FACE('',(#255,#15,#16),#5532,.T.);
#5778=ADVANCED_FACE('',(#256),#5533,.F.);
#5779=ADVANCED_FACE('',(#257),#5534,.F.);
#5780=ADVANCED_FACE('',(#258),#5535,.F.);
#5781=ADVANCED_FACE('',(#259),#5536,.F.);
#5782=ADVANCED_FACE('',(#260),#5537,.F.);
#5783=ADVANCED_FACE('',(#261),#5538,.F.);
#5784=ADVANCED_FACE('',(#262),#5539,.F.);
#5785=ADVANCED_FACE('',(#263),#5540,.F.);
#5786=ADVANCED_FACE('',(#264),#5541,.F.);
#5787=ADVANCED_FACE('',(#265),#5542,.F.);
#5788=ADVANCED_FACE('',(#266),#5543,.F.);
#5789=ADVANCED_FACE('',(#267),#5544,.F.);
#5790=ADVANCED_FACE('',(#268),#5545,.F.);
#5791=ADVANCED_FACE('',(#269),#5546,.F.);
#5792=ADVANCED_FACE('',(#270),#5547,.F.);
#5793=ADVANCED_FACE('',(#271),#5548,.F.);
#5794=ADVANCED_FACE('',(#272),#5549,.F.);
#5795=ADVANCED_FACE('',(#273),#5550,.F.);
#5796=ADVANCED_FACE('',(#274),#5551,.F.);
#5797=ADVANCED_FACE('',(#275),#5552,.F.);
#5798=ADVANCED_FACE('',(#276),#5553,.F.);
#5799=ADVANCED_FACE('',(#277),#5554,.F.);
#5800=ADVANCED_FACE('',(#278),#5555,.F.);
#5801=ADVANCED_FACE('',(#279),#5556,.F.);
#5802=ADVANCED_FACE('',(#280),#5557,.T.);
#5803=ADVANCED_FACE('',(#281),#5558,.T.);
#5804=ADVANCED_FACE('',(#282),#5559,.T.);
#5805=ADVANCED_FACE('',(#283),#5560,.T.);
#5806=ADVANCED_FACE('',(#284),#5561,.T.);
#5807=ADVANCED_FACE('',(#285),#5562,.T.);
#5808=ADVANCED_FACE('',(#286),#5563,.T.);
#5809=ADVANCED_FACE('',(#287),#5564,.T.);
#5810=ADVANCED_FACE('',(#288),#5565,.T.);
#5811=ADVANCED_FACE('',(#289),#5566,.T.);
#5812=ADVANCED_FACE('',(#290),#5567,.T.);
#5813=ADVANCED_FACE('',(#291),#5568,.T.);
#5814=ADVANCED_FACE('',(#292),#209,.T.);
#5815=ADVANCED_FACE('',(#293),#5569,.T.);
#5816=ADVANCED_FACE('',(#294),#5570,.T.);
#5817=ADVANCED_FACE('',(#295),#210,.T.);
#5818=ADVANCED_FACE('',(#296),#5571,.T.);
#5819=ADVANCED_FACE('',(#297),#211,.T.);
#5820=ADVANCED_FACE('',(#298),#5572,.T.);
#5821=ADVANCED_FACE('',(#299),#5573,.T.);
#5822=ADVANCED_FACE('',(#300),#212,.T.);
#5823=ADVANCED_FACE('',(#301),#213,.T.);
#5824=ADVANCED_FACE('',(#302),#214,.T.);
#5825=ADVANCED_FACE('',(#303),#215,.T.);
#5826=ADVANCED_FACE('',(#304),#216,.T.);
#5827=ADVANCED_FACE('',(#305),#217,.T.);
#5828=ADVANCED_FACE('',(#306),#218,.T.);
#5829=ADVANCED_FACE('',(#307),#219,.T.);
#5830=ADVANCED_FACE('',(#308),#5574,.F.);
#5831=ADVANCED_FACE('',(#309),#5575,.F.);
#5832=ADVANCED_FACE('',(#310),#5576,.T.);
#5833=ADVANCED_FACE('',(#311),#5577,.F.);
#5834=ADVANCED_FACE('',(#312),#5578,.F.);
#5835=ADVANCED_FACE('',(#313),#5579,.T.);
#5836=ADVANCED_FACE('',(#314),#5580,.F.);
#5837=ADVANCED_FACE('',(#315),#5581,.F.);
#5838=ADVANCED_FACE('',(#316),#5582,.F.);
#5839=ADVANCED_FACE('',(#317),#5583,.F.);
#5840=ADVANCED_FACE('',(#318),#5584,.F.);
#5841=ADVANCED_FACE('',(#319),#5585,.F.);
#5842=ADVANCED_FACE('',(#320),#5586,.F.);
#5843=ADVANCED_FACE('',(#321),#5587,.F.);
#5844=ADVANCED_FACE('',(#322),#5588,.F.);
#5845=ADVANCED_FACE('',(#323),#5589,.F.);
#5846=ADVANCED_FACE('',(#324),#5590,.F.);
#5847=ADVANCED_FACE('',(#325),#5591,.F.);
#5848=ADVANCED_FACE('',(#326),#5592,.F.);
#5849=ADVANCED_FACE('',(#327),#5593,.F.);
#5850=ADVANCED_FACE('',(#328),#5594,.F.);
#5851=ADVANCED_FACE('',(#329),#5595,.F.);
#5852=ADVANCED_FACE('',(#330),#5596,.F.);
#5853=ADVANCED_FACE('',(#331),#5597,.F.);
#5854=ADVANCED_FACE('',(#332),#5598,.F.);
#5855=ADVANCED_FACE('',(#333),#5599,.F.);
#5856=ADVANCED_FACE('',(#334),#5600,.F.);
#5857=ADVANCED_FACE('',(#335),#5601,.T.);
#5858=ADVANCED_FACE('',(#336),#5602,.T.);
#5859=ADVANCED_FACE('',(#337),#5603,.T.);
#5860=ADVANCED_FACE('',(#338),#5604,.T.);
#5861=ADVANCED_FACE('',(#339),#5605,.T.);
#5862=ADVANCED_FACE('',(#340),#5606,.T.);
#5863=ADVANCED_FACE('',(#341),#5607,.T.);
#5864=ADVANCED_FACE('',(#342),#5608,.T.);
#5865=ADVANCED_FACE('',(#343),#5609,.T.);
#5866=ADVANCED_FACE('',(#344),#5610,.T.);
#5867=ADVANCED_FACE('',(#345),#5611,.T.);
#5868=ADVANCED_FACE('',(#346),#5612,.T.);
#5869=ADVANCED_FACE('',(#347),#5613,.T.);
#5870=ADVANCED_FACE('',(#348),#5614,.T.);
#5871=ADVANCED_FACE('',(#349),#5615,.T.);
#5872=ADVANCED_FACE('',(#350),#5616,.T.);
#5873=ADVANCED_FACE('',(#351),#5617,.T.);
#5874=ADVANCED_FACE('',(#352),#5618,.T.);
#5875=ADVANCED_FACE('',(#353),#5619,.T.);
#5876=ADVANCED_FACE('',(#354),#5620,.T.);
#5877=ADVANCED_FACE('',(#355),#5621,.T.);
#5878=ADVANCED_FACE('',(#356),#5622,.T.);
#5879=ADVANCED_FACE('',(#357),#5623,.T.);
#5880=ADVANCED_FACE('',(#358),#5624,.T.);
#5881=ADVANCED_FACE('',(#359),#5625,.T.);
#5882=ADVANCED_FACE('',(#360),#5626,.T.);
#5883=ADVANCED_FACE('',(#361),#5627,.T.);
#5884=ADVANCED_FACE('',(#362),#5628,.T.);
#5885=ADVANCED_FACE('',(#363),#5629,.T.);
#5886=ADVANCED_FACE('',(#364),#5630,.T.);
#5887=ADVANCED_FACE('',(#365),#5631,.T.);
#5888=ADVANCED_FACE('',(#366),#220,.T.);
#5889=ADVANCED_FACE('',(#367),#221,.T.);
#5890=ADVANCED_FACE('',(#368),#5632,.T.);
#5891=ADVANCED_FACE('',(#369),#222,.F.);
#5892=ADVANCED_FACE('',(#370),#223,.F.);
#5893=ADVANCED_FACE('',(#371),#5633,.T.);
#5894=ADVANCED_FACE('',(#372),#5634,.T.);
#5895=ADVANCED_FACE('',(#373),#224,.F.);
#5896=ADVANCED_FACE('',(#374),#5635,.T.);
#5897=ADVANCED_FACE('',(#375),#225,.F.);
#5898=ADVANCED_FACE('',(#376),#5636,.T.);
#5899=ADVANCED_FACE('',(#377),#5637,.T.);
#5900=ADVANCED_FACE('',(#378),#5638,.T.);
#5901=ADVANCED_FACE('',(#379),#5639,.T.);
#5902=ADVANCED_FACE('',(#380),#5640,.T.);
#5903=ADVANCED_FACE('',(#381),#5641,.T.);
#5904=ADVANCED_FACE('',(#382),#5642,.T.);
#5905=ADVANCED_FACE('',(#383),#5643,.T.);
#5906=ADVANCED_FACE('',(#384),#5644,.T.);
#5907=ADVANCED_FACE('',(#385),#5645,.T.);
#5908=ADVANCED_FACE('',(#386),#5646,.T.);
#5909=ADVANCED_FACE('',(#387),#5647,.T.);
#5910=ADVANCED_FACE('',(#388),#5648,.T.);
#5911=ADVANCED_FACE('',(#389),#5649,.T.);
#5912=ADVANCED_FACE('',(#390),#5650,.T.);
#5913=ADVANCED_FACE('',(#391),#5651,.T.);
#5914=ADVANCED_FACE('',(#392),#5652,.T.);
#5915=ADVANCED_FACE('',(#393),#5653,.T.);
#5916=ADVANCED_FACE('',(#394),#5654,.T.);
#5917=ADVANCED_FACE('',(#395),#5655,.T.);
#5918=ADVANCED_FACE('',(#396),#5656,.T.);
#5919=ADVANCED_FACE('',(#397),#5657,.T.);
#5920=ADVANCED_FACE('',(#398),#5658,.T.);
#5921=ADVANCED_FACE('',(#399),#5659,.T.);
#5922=ADVANCED_FACE('',(#400),#5660,.T.);
#5923=ADVANCED_FACE('',(#401),#5661,.T.);
#5924=ADVANCED_FACE('',(#402),#5662,.T.);
#5925=ADVANCED_FACE('',(#403),#5663,.T.);
#5926=ADVANCED_FACE('',(#404),#5664,.F.);
#5927=ADVANCED_FACE('',(#405),#5665,.T.);
#5928=ADVANCED_FACE('',(#406),#5666,.F.);
#5929=ADVANCED_FACE('',(#407,#17,#18,#19,#20,#21,#22,#23,#24,#25,#26,#27,
#28,#29,#30,#31,#32,#33,#34,#35,#36,#37,#38,#39,#40,#41,#42,#43,#44,#45,
#46,#47,#48,#49,#50,#51,#52,#53,#54,#55,#56,#57,#58,#59,#60,#61,#62,#63,
#64,#65,#66,#67,#68),#5667,.F.);
#5930=ADVANCED_FACE('',(#408),#5668,.T.);
#5931=ADVANCED_FACE('',(#409),#5669,.T.);
#5932=ADVANCED_FACE('',(#410),#5670,.T.);
#5933=ADVANCED_FACE('',(#411),#5671,.F.);
#5934=ADVANCED_FACE('',(#412),#226,.T.);
#5935=ADVANCED_FACE('',(#413),#5672,.T.);
#5936=ADVANCED_FACE('',(#414),#5673,.T.);
#5937=ADVANCED_FACE('',(#415),#227,.T.);
#5938=ADVANCED_FACE('',(#416),#5674,.T.);
#5939=ADVANCED_FACE('',(#417),#228,.T.);
#5940=ADVANCED_FACE('',(#418),#5675,.T.);
#5941=ADVANCED_FACE('',(#419),#5676,.T.);
#5942=ADVANCED_FACE('',(#420),#229,.T.);
#5943=ADVANCED_FACE('',(#421),#5677,.T.);
#5944=ADVANCED_FACE('',(#422,#69,#70),#5678,.T.);
#5945=ADVANCED_FACE('',(#423),#230,.T.);
#5946=ADVANCED_FACE('',(#424),#231,.T.);
#5947=ADVANCED_FACE('',(#425),#232,.T.);
#5948=ADVANCED_FACE('',(#426),#233,.T.);
#5949=ADVANCED_FACE('',(#427),#234,.T.);
#5950=ADVANCED_FACE('',(#428),#235,.T.);
#5951=ADVANCED_FACE('',(#429),#236,.T.);
#5952=ADVANCED_FACE('',(#430),#5679,.T.);
#5953=ADVANCED_FACE('',(#431),#5680,.F.);
#5954=ADVANCED_FACE('',(#432),#5681,.F.);
#5955=ADVANCED_FACE('',(#433),#5682,.T.);
#5956=ADVANCED_FACE('',(#434),#5683,.F.);
#5957=ADVANCED_FACE('',(#435),#5684,.F.);
#5958=ADVANCED_FACE('',(#436),#5685,.T.);
#5959=ADVANCED_FACE('',(#437),#5686,.F.);
#5960=ADVANCED_FACE('',(#438),#5687,.F.);
#5961=ADVANCED_FACE('',(#439),#5688,.F.);
#5962=ADVANCED_FACE('',(#440),#5689,.F.);
#5963=ADVANCED_FACE('',(#441),#5690,.F.);
#5964=ADVANCED_FACE('',(#442),#5691,.F.);
#5965=ADVANCED_FACE('',(#443),#5692,.F.);
#5966=ADVANCED_FACE('',(#444),#5693,.F.);
#5967=ADVANCED_FACE('',(#445),#5694,.F.);
#5968=ADVANCED_FACE('',(#446),#5695,.F.);
#5969=ADVANCED_FACE('',(#447),#5696,.F.);
#5970=ADVANCED_FACE('',(#448),#5697,.F.);
#5971=ADVANCED_FACE('',(#449),#5698,.F.);
#5972=ADVANCED_FACE('',(#450),#5699,.F.);
#5973=ADVANCED_FACE('',(#451),#5700,.F.);
#5974=ADVANCED_FACE('',(#452),#5701,.F.);
#5975=ADVANCED_FACE('',(#453),#5702,.F.);
#5976=ADVANCED_FACE('',(#454),#5703,.F.);
#5977=ADVANCED_FACE('',(#455),#5704,.F.);
#5978=ADVANCED_FACE('',(#456),#5705,.F.);
#5979=ADVANCED_FACE('',(#457),#5706,.F.);
#5980=ADVANCED_FACE('',(#458),#5707,.T.);
#5981=ADVANCED_FACE('',(#459),#5708,.T.);
#5982=ADVANCED_FACE('',(#460),#5709,.T.);
#5983=ADVANCED_FACE('',(#461),#5710,.T.);
#5984=ADVANCED_FACE('',(#462),#5711,.T.);
#5985=ADVANCED_FACE('',(#463),#5712,.T.);
#5986=ADVANCED_FACE('',(#464),#5713,.T.);
#5987=ADVANCED_FACE('',(#465),#5714,.T.);
#5988=ADVANCED_FACE('',(#466),#5715,.T.);
#5989=ADVANCED_FACE('',(#467),#5716,.T.);
#5990=ADVANCED_FACE('',(#468),#5717,.T.);
#5991=ADVANCED_FACE('',(#469),#5718,.T.);
#5992=ADVANCED_FACE('',(#470),#5719,.T.);
#5993=ADVANCED_FACE('',(#471),#5720,.T.);
#5994=ADVANCED_FACE('',(#472),#5721,.T.);
#5995=ADVANCED_FACE('',(#473),#5722,.T.);
#5996=ADVANCED_FACE('',(#474),#5723,.T.);
#5997=ADVANCED_FACE('',(#475),#5724,.T.);
#5998=ADVANCED_FACE('',(#476),#5725,.T.);
#5999=ADVANCED_FACE('',(#477),#5726,.T.);
#6000=ADVANCED_FACE('',(#478),#5727,.T.);
#6001=ADVANCED_FACE('',(#479),#5728,.T.);
#6002=ADVANCED_FACE('',(#480),#5729,.T.);
#6003=ADVANCED_FACE('',(#481),#5730,.T.);
#6004=ADVANCED_FACE('',(#482),#5731,.T.);
#6005=ADVANCED_FACE('',(#483),#5732,.T.);
#6006=ADVANCED_FACE('',(#484),#5733,.T.);
#6007=ADVANCED_FACE('',(#485),#5734,.T.);
#6008=ADVANCED_FACE('',(#486),#5735,.T.);
#6009=ADVANCED_FACE('',(#487),#5736,.T.);
#6010=ADVANCED_FACE('',(#488),#5737,.T.);
#6011=ADVANCED_FACE('',(#489),#5738,.T.);
#6012=ADVANCED_FACE('',(#490),#237,.T.);
#6013=ADVANCED_FACE('',(#491),#238,.T.);
#6014=ADVANCED_FACE('',(#492),#5739,.T.);
#6015=ADVANCED_FACE('',(#493),#239,.F.);
#6016=ADVANCED_FACE('',(#494),#240,.F.);
#6017=ADVANCED_FACE('',(#495),#5740,.T.);
#6018=ADVANCED_FACE('',(#496),#5741,.T.);
#6019=ADVANCED_FACE('',(#497),#241,.F.);
#6020=ADVANCED_FACE('',(#498),#5742,.T.);
#6021=ADVANCED_FACE('',(#499),#242,.F.);
#6022=ADVANCED_FACE('',(#500),#5743,.T.);
#6023=ADVANCED_FACE('',(#501),#5744,.T.);
#6024=ADVANCED_FACE('',(#502),#5745,.T.);
#6025=ADVANCED_FACE('',(#503),#5746,.T.);
#6026=ADVANCED_FACE('',(#504),#5747,.T.);
#6027=ADVANCED_FACE('',(#505),#5748,.T.);
#6028=ADVANCED_FACE('',(#506),#5749,.T.);
#6029=ADVANCED_FACE('',(#507),#5750,.T.);
#6030=ADVANCED_FACE('',(#508),#5751,.T.);
#6031=ADVANCED_FACE('',(#509),#5752,.T.);
#6032=ADVANCED_FACE('',(#510),#5753,.T.);
#6033=ADVANCED_FACE('',(#511),#5754,.T.);
#6034=ADVANCED_FACE('',(#512),#5755,.T.);
#6035=ADVANCED_FACE('',(#513),#5756,.T.);
#6036=ADVANCED_FACE('',(#514),#5757,.T.);
#6037=ADVANCED_FACE('',(#515),#5758,.T.);
#6038=ADVANCED_FACE('',(#516),#5759,.T.);
#6039=ADVANCED_FACE('',(#517),#5760,.T.);
#6040=ADVANCED_FACE('',(#518),#5761,.T.);
#6041=ADVANCED_FACE('',(#519),#5762,.T.);
#6042=ADVANCED_FACE('',(#520),#5763,.T.);
#6043=ADVANCED_FACE('',(#521),#5764,.T.);
#6044=CLOSED_SHELL('',(#5765,#5766,#5767,#5768,#5769,#5770,#5771,#5772,
#5773,#5774,#5775,#5776,#5777,#5778,#5779,#5780,#5781,#5782,#5783,#5784,
#5785,#5786,#5787,#5788,#5789,#5790,#5791,#5792,#5793,#5794,#5795,#5796,
#5797,#5798,#5799,#5800,#5801,#5802,#5803,#5804,#5805,#5806,#5807,#5808,
#5809,#5810,#5811,#5812,#5813,#5814,#5815,#5816,#5817,#5818,#5819,#5820,
#5821,#5822,#5823,#5824,#5825,#5826,#5827,#5828,#5829,#5830,#5831,#5832,
#5833,#5834,#5835,#5836,#5837,#5838,#5839,#5840,#5841,#5842,#5843,#5844,
#5845,#5846,#5847,#5848,#5849,#5850,#5851,#5852,#5853,#5854,#5855,#5856,
#5857,#5858,#5859,#5860,#5861,#5862,#5863,#5864,#5865,#5866,#5867,#5868,
#5869,#5870,#5871,#5872,#5873,#5874,#5875,#5876,#5877,#5878,#5879,#5880,
#5881,#5882,#5883,#5884,#5885,#5886,#5887,#5888,#5889,#5890,#5891,#5892,
#5893,#5894,#5895,#5896,#5897,#5898,#5899,#5900,#5901,#5902,#5903,#5904,
#5905,#5906,#5907,#5908,#5909,#5910,#5911,#5912,#5913,#5914,#5915,#5916,
#5917,#5918,#5919,#5920,#5921,#5922,#5923,#5924,#5925,#5926,#5927,#5928,
#5929,#5930,#5931,#5932,#5933,#5934,#5935,#5936,#5937,#5938,#5939,#5940,
#5941,#5942,#5943,#5944,#5945,#5946,#5947,#5948,#5949,#5950,#5951,#5952,
#5953,#5954,#5955,#5956,#5957,#5958,#5959,#5960,#5961,#5962,#5963,#5964,
#5965,#5966,#5967,#5968,#5969,#5970,#5971,#5972,#5973,#5974,#5975,#5976,
#5977,#5978,#5979,#5980,#5981,#5982,#5983,#5984,#5985,#5986,#5987,#5988,
#5989,#5990,#5991,#5992,#5993,#5994,#5995,#5996,#5997,#5998,#5999,#6000,
#6001,#6002,#6003,#6004,#6005,#6006,#6007,#6008,#6009,#6010,#6011,#6012,
#6013,#6014,#6015,#6016,#6017,#6018,#6019,#6020,#6021,#6022,#6023,#6024,
#6025,#6026,#6027,#6028,#6029,#6030,#6031,#6032,#6033,#6034,#6035,#6036,
#6037,#6038,#6039,#6040,#6041,#6042,#6043));
#6045=DERIVED_UNIT_ELEMENT(#6047,1.);
#6046=DERIVED_UNIT_ELEMENT(#11280,-3.);
#6047=(
MASS_UNIT()
NAMED_UNIT(*)
SI_UNIT(.KILO.,.GRAM.)
);
#6048=DERIVED_UNIT((#6045,#6046));
#6049=MEASURE_REPRESENTATION_ITEM('density measure',
POSITIVE_RATIO_MEASURE(2700.),#6048);
#6050=PROPERTY_DEFINITION_REPRESENTATION(#6055,#6052);
#6051=PROPERTY_DEFINITION_REPRESENTATION(#6056,#6053);
#6052=REPRESENTATION('material name',(#6054),#11277);
#6053=REPRESENTATION('density',(#6049),#11277);
#6054=DESCRIPTIVE_REPRESENTATION_ITEM('Aluminum 6061','Aluminum 6061');
#6055=PROPERTY_DEFINITION('material property','material name',#11287);
#6056=PROPERTY_DEFINITION('material property','density of part',#11287);
#6057=AXIS2_PLACEMENT_3D('',#7530,#6301,#6302);
#6058=AXIS2_PLACEMENT_3D('',#7531,#6303,#6304);
#6059=AXIS2_PLACEMENT_3D('',#7687,#6317,#6318);
#6060=AXIS2_PLACEMENT_3D('',#7751,#6349,#6350);
#6061=AXIS2_PLACEMENT_3D('',#7755,#6353,#6354);
#6062=AXIS2_PLACEMENT_3D('',#7766,#6358,#6359);
#6063=AXIS2_PLACEMENT_3D('',#7903,#6363,#6364);
#6064=AXIS2_PLACEMENT_3D('',#7983,#6403,#6404);
#6065=AXIS2_PLACEMENT_3D('',#7989,#6408,#6409);
#6066=AXIS2_PLACEMENT_3D('',#8094,#6420,#6421);
#6067=AXIS2_PLACEMENT_3D('',#8103,#6426,#6427);
#6068=AXIS2_PLACEMENT_3D('',#8112,#6432,#6433);
#6069=AXIS2_PLACEMENT_3D('',#8328,#6469,#6470);
#6070=AXIS2_PLACEMENT_3D('',#8334,#6474,#6475);
#6071=AXIS2_PLACEMENT_3D('',#8338,#6478,#6479);
#6072=AXIS2_PLACEMENT_3D('',#8342,#6482,#6483);
#6073=AXIS2_PLACEMENT_3D('',#8346,#6486,#6487);
#6074=AXIS2_PLACEMENT_3D('',#8350,#6490,#6491);
#6075=AXIS2_PLACEMENT_3D('',#8354,#6494,#6495);
#6076=AXIS2_PLACEMENT_3D('',#8358,#6498,#6499);
#6077=AXIS2_PLACEMENT_3D('',#8362,#6502,#6503);
#6078=AXIS2_PLACEMENT_3D('',#8364,#6505,#6506);
#6079=AXIS2_PLACEMENT_3D('',#8365,#6507,#6508);
#6080=AXIS2_PLACEMENT_3D('',#8374,#6513,#6514);
#6081=AXIS2_PLACEMENT_3D('',#8380,#6518,#6519);
#6082=AXIS2_PLACEMENT_3D('',#8386,#6523,#6524);
#6083=AXIS2_PLACEMENT_3D('',#8392,#6528,#6529);
#6084=AXIS2_PLACEMENT_3D('',#8398,#6533,#6534);
#6085=AXIS2_PLACEMENT_3D('',#8404,#6538,#6539);
#6086=AXIS2_PLACEMENT_3D('',#8410,#6543,#6544);
#6087=AXIS2_PLACEMENT_3D('',#8416,#6548,#6549);
#6088=AXIS2_PLACEMENT_3D('',#8422,#6553,#6554);
#6089=AXIS2_PLACEMENT_3D('',#8428,#6558,#6559);
#6090=AXIS2_PLACEMENT_3D('',#8434,#6563,#6564);
#6091=AXIS2_PLACEMENT_3D('',#8437,#6567,#6568);
#6092=AXIS2_PLACEMENT_3D('',#8438,#6569,#6570);
#6093=AXIS2_PLACEMENT_3D('',#8444,#6574,#6575);
#6094=AXIS2_PLACEMENT_3D('',#8453,#6578,#6579);
#6095=AXIS2_PLACEMENT_3D('',#8462,#6582,#6583);
#6096=AXIS2_PLACEMENT_3D('',#8468,#6587,#6588);
#6097=AXIS2_PLACEMENT_3D('',#8536,#6618,#6619);
#6098=AXIS2_PLACEMENT_3D('',#8589,#6647,#6648);
#6099=AXIS2_PLACEMENT_3D('',#8603,#6656,#6657);
#6100=AXIS2_PLACEMENT_3D('',#8616,#6660,#6661);
#6101=AXIS2_PLACEMENT_3D('',#8635,#6669,#6670);
#6102=AXIS2_PLACEMENT_3D('',#8641,#6674,#6675);
#6103=AXIS2_PLACEMENT_3D('',#8650,#6680,#6681);
#6104=AXIS2_PLACEMENT_3D('',#8656,#6685,#6686);
#6105=AXIS2_PLACEMENT_3D('',#8709,#6691,#6692);
#6106=AXIS2_PLACEMENT_3D('',#8716,#6694,#6695);
#6107=AXIS2_PLACEMENT_3D('',#8798,#6701,#6702);
#6108=AXIS2_PLACEMENT_3D('',#8854,#6704,#6705);
#6109=AXIS2_PLACEMENT_3D('',#8858,#6708,#6709);
#6110=AXIS2_PLACEMENT_3D('',#9304,#6716,#6717);
#6111=AXIS2_PLACEMENT_3D('',#9310,#6721,#6722);
#6112=AXIS2_PLACEMENT_3D('',#9317,#6724,#6725);
#6113=AXIS2_PLACEMENT_3D('',#9324,#6726,#6727);
#6114=AXIS2_PLACEMENT_3D('',#9330,#6731,#6732);
#6115=AXIS2_PLACEMENT_3D('',#9337,#6734,#6735);
#6116=AXIS2_PLACEMENT_3D('',#9344,#6736,#6737);
#6117=AXIS2_PLACEMENT_3D('',#9347,#6740,#6741);
#6118=AXIS2_PLACEMENT_3D('',#9350,#6744,#6745);
#6119=AXIS2_PLACEMENT_3D('',#9353,#6748,#6749);
#6120=AXIS2_PLACEMENT_3D('',#9356,#6752,#6753);
#6121=AXIS2_PLACEMENT_3D('',#9359,#6756,#6757);
#6122=AXIS2_PLACEMENT_3D('',#9362,#6760,#6761);
#6123=AXIS2_PLACEMENT_3D('',#9365,#6764,#6765);
#6124=AXIS2_PLACEMENT_3D('',#9368,#6768,#6769);
#6125=AXIS2_PLACEMENT_3D('',#9371,#6772,#6773);
#6126=AXIS2_PLACEMENT_3D('',#9374,#6776,#6777);
#6127=AXIS2_PLACEMENT_3D('',#9380,#6781,#6782);
#6128=AXIS2_PLACEMENT_3D('',#9386,#6786,#6787);
#6129=AXIS2_PLACEMENT_3D('',#9391,#6791,#6792);
#6130=AXIS2_PLACEMENT_3D('',#9396,#6796,#6797);
#6131=AXIS2_PLACEMENT_3D('',#9402,#6801,#6802);
#6132=AXIS2_PLACEMENT_3D('',#9408,#6806,#6807);
#6133=AXIS2_PLACEMENT_3D('',#9413,#6811,#6812);
#6134=AXIS2_PLACEMENT_3D('',#9418,#6816,#6817);
#6135=AXIS2_PLACEMENT_3D('',#9424,#6821,#6822);
#6136=AXIS2_PLACEMENT_3D('',#9430,#6826,#6827);
#6137=AXIS2_PLACEMENT_3D('',#9435,#6831,#6832);
#6138=AXIS2_PLACEMENT_3D('',#9439,#6835,#6836);
#6139=AXIS2_PLACEMENT_3D('',#9441,#6838,#6839);
#6140=AXIS2_PLACEMENT_3D('',#9447,#6843,#6844);
#6141=AXIS2_PLACEMENT_3D('',#9453,#6848,#6849);
#6142=AXIS2_PLACEMENT_3D('',#9457,#6852,#6853);
#6143=AXIS2_PLACEMENT_3D('',#9459,#6855,#6856);
#6144=AXIS2_PLACEMENT_3D('',#9463,#6859,#6860);
#6145=AXIS2_PLACEMENT_3D('',#9465,#6862,#6863);
#6146=AXIS2_PLACEMENT_3D('',#9471,#6867,#6868);
#6147=AXIS2_PLACEMENT_3D('',#9477,#6872,#6873);
#6148=AXIS2_PLACEMENT_3D('',#9481,#6876,#6877);
#6149=AXIS2_PLACEMENT_3D('',#9483,#6879,#6880);
#6150=AXIS2_PLACEMENT_3D('',#9487,#6883,#6884);
#6151=AXIS2_PLACEMENT_3D('',#9489,#6886,#6887);
#6152=AXIS2_PLACEMENT_3D('',#9495,#6891,#6892);
#6153=AXIS2_PLACEMENT_3D('',#9499,#6895,#6896);
#6154=AXIS2_PLACEMENT_3D('',#9501,#6898,#6899);
#6155=AXIS2_PLACEMENT_3D('',#9505,#6902,#6903);
#6156=AXIS2_PLACEMENT_3D('',#9509,#6906,#6907);
#6157=AXIS2_PLACEMENT_3D('',#9513,#6910,#6911);
#6158=AXIS2_PLACEMENT_3D('',#9515,#6913,#6914);
#6159=AXIS2_PLACEMENT_3D('',#9519,#6917,#6918);
#6160=AXIS2_PLACEMENT_3D('',#9521,#6920,#6921);
#6161=AXIS2_PLACEMENT_3D('',#9525,#6924,#6925);
#6162=AXIS2_PLACEMENT_3D('',#9529,#6928,#6929);
#6163=AXIS2_PLACEMENT_3D('',#9533,#6932,#6933);
#6164=AXIS2_PLACEMENT_3D('',#9535,#6935,#6936);
#6165=AXIS2_PLACEMENT_3D('',#9539,#6939,#6940);
#6166=AXIS2_PLACEMENT_3D('',#9541,#6942,#6943);
#6167=AXIS2_PLACEMENT_3D('',#9545,#6946,#6947);
#6168=AXIS2_PLACEMENT_3D('',#9609,#6950,#6951);
#6169=AXIS2_PLACEMENT_3D('',#9692,#6954,#6955);
#6170=AXIS2_PLACEMENT_3D('',#9696,#6958,#6959);
#6171=AXIS2_PLACEMENT_3D('',#9735,#6963,#6964);
#6172=AXIS2_PLACEMENT_3D('',#9764,#6965,#6966);
#6173=AXIS2_PLACEMENT_3D('',#9765,#6967,#6968);
#6174=AXIS2_PLACEMENT_3D('',#9766,#6969,#6970);
#6175=AXIS2_PLACEMENT_3D('',#9769,#6973,#6974);
#6176=AXIS2_PLACEMENT_3D('',#9770,#6975,#6976);
#6177=AXIS2_PLACEMENT_3D('',#9775,#6980,#6981);
#6178=AXIS2_PLACEMENT_3D('',#9777,#6983,#6984);
#6179=AXIS2_PLACEMENT_3D('',#9781,#6987,#6988);
#6180=AXIS2_PLACEMENT_3D('',#9787,#6992,#6993);
#6181=AXIS2_PLACEMENT_3D('',#9805,#7006,#7007);
#6182=AXIS2_PLACEMENT_3D('',#9807,#7009,#7010);
#6183=AXIS2_PLACEMENT_3D('',#9809,#7012,#7013);
#6184=AXIS2_PLACEMENT_3D('',#9811,#7015,#7016);
#6185=AXIS2_PLACEMENT_3D('',#9813,#7018,#7019);
#6186=AXIS2_PLACEMENT_3D('',#9815,#7021,#7022);
#6187=AXIS2_PLACEMENT_3D('',#9817,#7024,#7025);
#6188=AXIS2_PLACEMENT_3D('',#9819,#7027,#7028);
#6189=AXIS2_PLACEMENT_3D('',#9821,#7030,#7031);
#6190=AXIS2_PLACEMENT_3D('',#9823,#7033,#7034);
#6191=AXIS2_PLACEMENT_3D('',#9825,#7036,#7037);
#6192=AXIS2_PLACEMENT_3D('',#9827,#7039,#7040);
#6193=AXIS2_PLACEMENT_3D('',#9833,#7044,#7045);
#6194=AXIS2_PLACEMENT_3D('',#9837,#7048,#7049);
#6195=AXIS2_PLACEMENT_3D('',#9839,#7051,#7052);
#6196=AXIS2_PLACEMENT_3D('',#9841,#7054,#7055);
#6197=AXIS2_PLACEMENT_3D('',#9848,#7057,#7058);
#6198=AXIS2_PLACEMENT_3D('',#9857,#7061,#7062);
#6199=AXIS2_PLACEMENT_3D('',#9913,#7091,#7092);
#6200=AXIS2_PLACEMENT_3D('',#9979,#7121,#7122);
#6201=AXIS2_PLACEMENT_3D('',#9981,#7124,#7125);
#6202=AXIS2_PLACEMENT_3D('',#9994,#7128,#7129);
#6203=AXIS2_PLACEMENT_3D('',#10059,#7164,#7165);
#6204=AXIS2_PLACEMENT_3D('',#10311,#7228,#7229);
#6205=AXIS2_PLACEMENT_3D('',#10313,#7231,#7232);
#6206=AXIS2_PLACEMENT_3D('',#10315,#7234,#7235);
#6207=AXIS2_PLACEMENT_3D('',#10319,#7238,#7239);
#6208=AXIS2_PLACEMENT_3D('',#10379,#7243,#7244);
#6209=AXIS2_PLACEMENT_3D('',#10388,#7247,#7248);
#6210=AXIS2_PLACEMENT_3D('',#10481,#7253,#7254);
#6211=AXIS2_PLACEMENT_3D('',#10536,#7256,#7257);
#6212=AXIS2_PLACEMENT_3D('',#10540,#7260,#7261);
#6213=AXIS2_PLACEMENT_3D('',#10612,#7268,#7269);
#6214=AXIS2_PLACEMENT_3D('',#10613,#7270,#7271);
#6215=AXIS2_PLACEMENT_3D('',#10905,#7280,#7281);
#6216=AXIS2_PLACEMENT_3D('',#10906,#7282,#7283);
#6217=AXIS2_PLACEMENT_3D('',#10910,#7286,#7287);
#6218=AXIS2_PLACEMENT_3D('',#10915,#7288,#7289);
#6219=AXIS2_PLACEMENT_3D('',#10922,#7290,#7291);
#6220=AXIS2_PLACEMENT_3D('',#10926,#7294,#7295);
#6221=AXIS2_PLACEMENT_3D('',#10931,#7296,#7297);
#6222=AXIS2_PLACEMENT_3D('',#10938,#7298,#7299);
#6223=AXIS2_PLACEMENT_3D('',#10941,#7302,#7303);
#6224=AXIS2_PLACEMENT_3D('',#10944,#7306,#7307);
#6225=AXIS2_PLACEMENT_3D('',#10947,#7310,#7311);
#6226=AXIS2_PLACEMENT_3D('',#10950,#7314,#7315);
#6227=AXIS2_PLACEMENT_3D('',#10953,#7318,#7319);
#6228=AXIS2_PLACEMENT_3D('',#10956,#7322,#7323);
#6229=AXIS2_PLACEMENT_3D('',#10959,#7326,#7327);
#6230=AXIS2_PLACEMENT_3D('',#10962,#7330,#7331);
#6231=AXIS2_PLACEMENT_3D('',#10965,#7334,#7335);
#6232=AXIS2_PLACEMENT_3D('',#10968,#7338,#7339);
#6233=AXIS2_PLACEMENT_3D('',#10970,#7341,#7342);
#6234=AXIS2_PLACEMENT_3D('',#10973,#7345,#7346);
#6235=AXIS2_PLACEMENT_3D('',#10976,#7349,#7350);
#6236=AXIS2_PLACEMENT_3D('',#10979,#7353,#7354);
#6237=AXIS2_PLACEMENT_3D('',#10982,#7357,#7358);
#6238=AXIS2_PLACEMENT_3D('',#10985,#7361,#7362);
#6239=AXIS2_PLACEMENT_3D('',#10988,#7365,#7366);
#6240=AXIS2_PLACEMENT_3D('',#10991,#7369,#7370);
#6241=AXIS2_PLACEMENT_3D('',#10994,#7373,#7374);
#6242=AXIS2_PLACEMENT_3D('',#10997,#7377,#7378);
#6243=AXIS2_PLACEMENT_3D('',#11000,#7381,#7382);
#6244=AXIS2_PLACEMENT_3D('',#11002,#7384,#7385);
#6245=AXIS2_PLACEMENT_3D('',#11003,#7386,#7387);
#6246=AXIS2_PLACEMENT_3D('',#11005,#7389,#7390);
#6247=AXIS2_PLACEMENT_3D('',#11007,#7392,#7393);
#6248=AXIS2_PLACEMENT_3D('',#11009,#7395,#7396);
#6249=AXIS2_PLACEMENT_3D('',#11010,#7397,#7398);
#6250=AXIS2_PLACEMENT_3D('',#11012,#7400,#7401);
#6251=AXIS2_PLACEMENT_3D('',#11013,#7402,#7403);
#6252=AXIS2_PLACEMENT_3D('',#11015,#7405,#7406);
#6253=AXIS2_PLACEMENT_3D('',#11017,#7408,#7409);
#6254=AXIS2_PLACEMENT_3D('',#11019,#7411,#7412);
#6255=AXIS2_PLACEMENT_3D('',#11020,#7413,#7414);
#6256=AXIS2_PLACEMENT_3D('',#11022,#7416,#7417);
#6257=AXIS2_PLACEMENT_3D('',#11023,#7418,#7419);
#6258=AXIS2_PLACEMENT_3D('',#11025,#7421,#7422);
#6259=AXIS2_PLACEMENT_3D('',#11026,#7423,#7424);
#6260=AXIS2_PLACEMENT_3D('',#11028,#7426,#7427);
#6261=AXIS2_PLACEMENT_3D('',#11029,#7428,#7429);
#6262=AXIS2_PLACEMENT_3D('',#11031,#7431,#7432);
#6263=AXIS2_PLACEMENT_3D('',#11033,#7434,#7435);
#6264=AXIS2_PLACEMENT_3D('',#11035,#7437,#7438);
#6265=AXIS2_PLACEMENT_3D('',#11036,#7439,#7440);
#6266=AXIS2_PLACEMENT_3D('',#11038,#7442,#7443);
#6267=AXIS2_PLACEMENT_3D('',#11039,#7444,#7445);
#6268=AXIS2_PLACEMENT_3D('',#11041,#7447,#7448);
#6269=AXIS2_PLACEMENT_3D('',#11043,#7450,#7451);
#6270=AXIS2_PLACEMENT_3D('',#11045,#7453,#7454);
#6271=AXIS2_PLACEMENT_3D('',#11046,#7455,#7456);
#6272=AXIS2_PLACEMENT_3D('',#11048,#7458,#7459);
#6273=AXIS2_PLACEMENT_3D('',#11049,#7460,#7461);
#6274=AXIS2_PLACEMENT_3D('',#11051,#7463,#7464);
#6275=AXIS2_PLACEMENT_3D('',#11113,#7466,#7467);
#6276=AXIS2_PLACEMENT_3D('',#11178,#7470,#7471);
#6277=AXIS2_PLACEMENT_3D('',#11180,#7473,#7474);
#6278=AXIS2_PLACEMENT_3D('',#11217,#7477,#7478);
#6279=AXIS2_PLACEMENT_3D('',#11246,#7479,#7480);
#6280=AXIS2_PLACEMENT_3D('',#11247,#7481,#7482);
#6281=AXIS2_PLACEMENT_3D('',#11250,#7485,#7486);
#6282=AXIS2_PLACEMENT_3D('',#11251,#7487,#7488);
#6283=AXIS2_PLACEMENT_3D('',#11253,#7490,#7491);
#6284=AXIS2_PLACEMENT_3D('',#11254,#7492,#7493);
#6285=AXIS2_PLACEMENT_3D('',#11255,#7494,#7495);
#6286=AXIS2_PLACEMENT_3D('',#11257,#7497,#7498);
#6287=AXIS2_PLACEMENT_3D('',#11258,#7499,#7500);
#6288=AXIS2_PLACEMENT_3D('',#11259,#7501,#7502);
#6289=AXIS2_PLACEMENT_3D('',#11260,#7503,#7504);
#6290=AXIS2_PLACEMENT_3D('',#11261,#7505,#7506);
#6291=AXIS2_PLACEMENT_3D('',#11262,#7507,#7508);
#6292=AXIS2_PLACEMENT_3D('',#11263,#7509,#7510);
#6293=AXIS2_PLACEMENT_3D('',#11264,#7511,#7512);
#6294=AXIS2_PLACEMENT_3D('',#11265,#7513,#7514);
#6295=AXIS2_PLACEMENT_3D('',#11266,#7515,#7516);
#6296=AXIS2_PLACEMENT_3D('',#11267,#7517,#7518);
#6297=AXIS2_PLACEMENT_3D('',#11268,#7519,#7520);
#6298=AXIS2_PLACEMENT_3D('',#11271,#7523,#7524);
#6299=AXIS2_PLACEMENT_3D('',#11273,#7526,#7527);
#6300=AXIS2_PLACEMENT_3D('',#11274,#7528,#7529);
#6301=DIRECTION('axis',(0.,0.,1.));
#6302=DIRECTION('refdir',(1.,0.,0.));
#6303=DIRECTION('center_axis',(0.,0.,1.));
#6304=DIRECTION('ref_axis',(-1.,0.,0.));
#6305=DIRECTION('',(0.,1.,0.));
#6306=DIRECTION('',(1.,0.,0.));
#6307=DIRECTION('',(0.,-1.,0.));
#6308=DIRECTION('',(-1.,1.11022302462516E-16,0.));
#6309=DIRECTION('',(1.5076677931667E-16,1.,0.));
#6310=DIRECTION('',(1.,0.,0.));
#6311=DIRECTION('',(0.,-1.,0.));
#6312=DIRECTION('',(-1.,3.11901876949904E-11,0.));
#6313=DIRECTION('',(1.32238500582971E-16,1.,0.));
#6314=DIRECTION('',(1.,-1.11022302462516E-16,0.));
#6315=DIRECTION('',(-3.11904547731413E-11,-1.,0.));
#6316=DIRECTION('',(-1.,1.02390174288068E-12,0.));
#6317=DIRECTION('center_axis',(0.,1.,0.));
#6318=DIRECTION('ref_axis',(1.,0.,0.));
#6319=DIRECTION('',(0.866025403784439,0.,-0.5));
#6320=DIRECTION('',(-1.,0.,0.));
#6321=DIRECTION('',(0.,0.,1.));
#6322=DIRECTION('',(1.,0.,0.));
#6323=DIRECTION('',(0.,0.,1.));
#6324=DIRECTION('',(1.,2.02840973830413E-17,0.));
#6325=DIRECTION('',(0.,0.,1.));
#6326=DIRECTION('',(1.,0.,0.));
#6327=DIRECTION('',(1.,0.,0.));
#6328=DIRECTION('',(1.,0.,0.));
#6329=DIRECTION('',(0.,0.,1.));
#6330=DIRECTION('',(1.,2.02840973830413E-17,0.));
#6331=DIRECTION('',(0.,0.,1.));
#6332=DIRECTION('',(1.,0.,0.));
#6333=DIRECTION('',(0.,0.,1.));
#6334=DIRECTION('',(1.,2.02840973830413E-17,0.));
#6335=DIRECTION('',(0.,0.,1.));
#6336=DIRECTION('',(1.,0.,0.));
#6337=DIRECTION('',(1.,0.,0.));
#6338=DIRECTION('',(1.,0.,0.));
#6339=DIRECTION('',(0.,0.,1.));
#6340=DIRECTION('',(1.,2.02840973830413E-17,0.));
#6341=DIRECTION('',(0.,0.,1.));
#6342=DIRECTION('',(1.,0.,0.));
#6343=DIRECTION('',(0.,0.,1.));
#6344=DIRECTION('',(1.,2.02840973830413E-17,0.));
#6345=DIRECTION('',(0.,0.,1.));
#6346=DIRECTION('',(1.,0.,0.));
#6347=DIRECTION('',(1.,0.,0.));
#6348=DIRECTION('',(0.,0.,1.));
#6349=DIRECTION('center_axis',(0.5,0.,0.866025403784439));
#6350=DIRECTION('ref_axis',(0.866025403784439,0.,-0.5));
#6351=DIRECTION('',(-0.866025403784439,0.,0.5));
#6352=DIRECTION('',(0.,1.,0.));
#6353=DIRECTION('center_axis',(9.38328043073391E-13,1.,0.));
#6354=DIRECTION('ref_axis',(-1.,9.38328043073391E-13,0.));
#6355=DIRECTION('',(0.,0.,-1.));
#6356=DIRECTION('',(1.,-9.38328043073391E-13,0.));
#6357=DIRECTION('',(-1.,0.,0.));
#6358=DIRECTION('center_axis',(-5.55111512312578E-17,-0.5,0.866025403784439));
#6359=DIRECTION('ref_axis',(9.61481343191782E-17,0.866025403784439,0.5));
#6360=DIRECTION('',(9.61481343191782E-17,0.866025403784439,0.5));
#6361=DIRECTION('',(1.,-1.11022302462516E-16,0.));
#6362=DIRECTION('',(-9.61481343191782E-17,-0.866025403784439,-0.5));
#6363=DIRECTION('center_axis',(-1.,1.11022302462516E-16,0.));
#6364=DIRECTION('ref_axis',(1.11022302462516E-16,1.,0.));
#6365=DIRECTION('',(9.61481343191782E-17,0.866025403784439,-0.5));
#6366=DIRECTION('',(-1.11022302462516E-16,-1.,0.));
#6367=DIRECTION('',(0.,0.,1.));
#6368=DIRECTION('',(1.11022302462516E-16,1.,0.));
#6369=DIRECTION('',(0.,0.,1.));
#6370=DIRECTION('',(9.07382050794743E-17,1.,0.));
#6371=DIRECTION('',(0.,0.,1.));
#6372=DIRECTION('',(1.11022302462516E-16,1.,0.));
#6373=DIRECTION('',(1.11022302462516E-16,1.,0.));
#6374=DIRECTION('',(1.11022302462516E-16,1.,0.));
#6375=DIRECTION('',(0.,0.,1.));
#6376=DIRECTION('',(9.07382050794743E-17,1.,0.));
#6377=DIRECTION('',(0.,0.,1.));
#6378=DIRECTION('',(1.11022302462516E-16,1.,0.));
#6379=DIRECTION('',(0.,0.,1.));
#6380=DIRECTION('',(9.07382050794743E-17,1.,0.));
#6381=DIRECTION('',(0.,0.,1.));
#6382=DIRECTION('',(1.11022302462516E-16,1.,0.));
#6383=DIRECTION('',(1.11022302462516E-16,1.,0.));
#6384=DIRECTION('',(1.11022302462516E-16,1.,0.));
#6385=DIRECTION('',(0.,0.,1.));
#6386=DIRECTION('',(9.07382050794743E-17,1.,0.));
#6387=DIRECTION('',(0.,0.,1.));
#6388=DIRECTION('',(1.11022302462516E-16,1.,0.));
#6389=DIRECTION('',(0.,0.,1.));
#6390=DIRECTION('',(9.07382050794743E-17,1.,0.));
#6391=DIRECTION('',(0.,0.,1.));
#6392=DIRECTION('',(1.11022302462516E-16,1.,0.));
#6393=DIRECTION('',(1.11022302462516E-16,1.,0.));
#6394=DIRECTION('',(0.,0.,-1.));
#6395=DIRECTION('',(-1.5076677931667E-16,-1.,0.));
#6396=DIRECTION('',(0.,0.,1.));
#6397=DIRECTION('',(1.11022302462516E-16,1.,0.));
#6398=DIRECTION('',(0.,0.,1.));
#6399=DIRECTION('',(9.07382050794743E-17,1.,0.));
#6400=DIRECTION('',(0.,0.,-1.));
#6401=DIRECTION('',(-1.11022302462516E-16,-1.,0.));
#6402=DIRECTION('',(0.,0.,-1.));
#6403=DIRECTION('center_axis',(-0.5,0.,0.866025403784439));
#6404=DIRECTION('ref_axis',(0.866025403784439,0.,0.5));
#6405=DIRECTION('',(0.866025403784439,0.,0.5));
#6406=DIRECTION('',(0.,-1.,0.));
#6407=DIRECTION('',(-0.866025403784439,0.,-0.5));
#6408=DIRECTION('center_axis',(0.,0.,1.));
#6409=DIRECTION('ref_axis',(1.,0.,0.));
#6410=DIRECTION('',(1.,-3.11901876949904E-11,0.));
#6411=DIRECTION('',(9.38454232357065E-13,1.,0.));
#6412=DIRECTION('',(-1.,1.11022302462516E-16,0.));
#6413=DIRECTION('',(-9.38439065375854E-13,-1.,0.));
#6414=DIRECTION('',(1.,-1.11022302462516E-16,0.));
#6415=DIRECTION('',(-1.11022302462516E-16,-1.,0.));
#6416=DIRECTION('',(1.,-1.11022302462516E-16,0.));
#6417=DIRECTION('',(1.11022302462516E-16,1.,0.));
#6418=DIRECTION('',(1.,-1.11022302462516E-16,0.));
#6419=DIRECTION('',(-9.91270557701033E-17,-1.,0.));
#6420=DIRECTION('center_axis',(0.,0.,1.));
#6421=DIRECTION('ref_axis',(1.,0.,0.));
#6422=DIRECTION('',(-1.,0.,0.));
#6423=DIRECTION('',(0.941991607096811,-0.335636428534162,0.));
#6424=DIRECTION('',(0.,1.,0.));
#6425=DIRECTION('',(-0.941991607096796,0.335636428534204,0.));
#6426=DIRECTION('center_axis',(0.,0.,1.));
#6427=DIRECTION('ref_axis',(1.,0.,0.));
#6428=DIRECTION('',(-1.32238500582971E-16,-1.,0.));
#6429=DIRECTION('',(0.335636428534162,0.941991607096811,0.));
#6430=DIRECTION('',(-1.,1.11022302462516E-16,0.));
#6431=DIRECTION('',(-0.335636428534204,-0.941991607096796,0.));
#6432=DIRECTION('center_axis',(0.,0.,1.));
#6433=DIRECTION('ref_axis',(1.,0.,0.));
#6434=DIRECTION('',(1.,-9.38343210054602E-13,0.));
#6435=DIRECTION('',(-9.91270557701033E-17,-1.,0.));
#6436=DIRECTION('',(-0.335636428534162,-0.941991607096811,0.));
#6437=DIRECTION('',(-2.42861286636754E-17,-1.,0.));
#6438=DIRECTION('',(-1.,1.11022302462516E-16,0.));
#6439=DIRECTION('',(-1.11022302462516E-16,-1.,0.));
#6440=DIRECTION('',(-1.,1.11022302462516E-16,0.));
#6441=DIRECTION('',(-1.11022302462516E-16,-1.,0.));
#6442=DIRECTION('',(1.,-1.11022302462516E-16,0.));
#6443=DIRECTION('',(9.38454232357065E-13,1.,0.));
#6444=DIRECTION('',(1.,-9.38343210054602E-13,0.));
#6445=DIRECTION('',(0.,1.,0.));
#6446=DIRECTION('',(-1.,9.38328043073391E-13,0.));
#6447=DIRECTION('',(0.,-1.,0.));
#6448=DIRECTION('',(-1.,0.,0.));
#6449=DIRECTION('',(0.,-1.,0.));
#6450=DIRECTION('',(1.,-7.70371977754894E-32,0.));
#6451=DIRECTION('',(0.,-1.,0.));
#6452=DIRECTION('',(-1.,-1.18952466924124E-17,0.));
#6453=DIRECTION('',(9.38454232357065E-13,1.,0.));
#6454=DIRECTION('',(-1.,0.,0.));
#6455=DIRECTION('',(-9.91270557701033E-17,-1.,0.));
#6456=DIRECTION('',(-1.,-1.18952466924124E-17,0.));
#6457=DIRECTION('',(1.36002320516582E-14,1.,0.));
#6458=DIRECTION('',(-0.478232998312555,0.878232998312511,0.));
#6459=DIRECTION('',(1.,-3.5527136788005E-15,0.));
#6460=DIRECTION('',(0.478232998312509,-0.878232998312537,0.));
#6461=DIRECTION('',(0.478232998312483,0.878232998312551,0.));
#6462=DIRECTION('',(1.,-3.5527136788005E-15,0.));
#6463=DIRECTION('',(-0.478232998312457,-0.878232998312565,0.));
#6464=DIRECTION('',(-2.91433543964106E-14,-1.,0.));
#6465=DIRECTION('',(-1.,0.,0.));
#6466=DIRECTION('',(-1.,1.11022302462516E-16,0.));
#6467=DIRECTION('',(0.335636428534201,0.941991607096797,0.));
#6468=DIRECTION('',(-9.91270557701033E-17,-1.,0.));
#6469=DIRECTION('center_axis',(-1.,1.36002320516582E-14,0.));
#6470=DIRECTION('ref_axis',(1.36002320516582E-14,1.,0.));
#6471=DIRECTION('',(0.,0.,-1.));
#6472=DIRECTION('',(1.36002320516582E-14,1.,0.));
#6473=DIRECTION('',(0.,0.,-1.));
#6474=DIRECTION('center_axis',(0.,-1.,0.));
#6475=DIRECTION('ref_axis',(-1.,0.,0.));
#6476=DIRECTION('',(0.,0.,-1.));
#6477=DIRECTION('',(-1.,0.,0.));
#6478=DIRECTION('center_axis',(1.,-2.91433543964106E-14,0.));
#6479=DIRECTION('ref_axis',(-2.91433543964106E-14,-1.,0.));
#6480=DIRECTION('',(0.,0.,-1.));
#6481=DIRECTION('',(-2.91433543964106E-14,-1.,0.));
#6482=DIRECTION('center_axis',(0.878232998312565,-0.478232998312457,0.));
#6483=DIRECTION('ref_axis',(-0.478232998312457,-0.878232998312565,0.));
#6484=DIRECTION('',(0.,0.,-1.));
#6485=DIRECTION('',(-0.478232998312457,-0.878232998312565,0.));
#6486=DIRECTION('center_axis',(3.5527136788005E-15,1.,0.));
#6487=DIRECTION('ref_axis',(1.,-3.5527136788005E-15,0.));
#6488=DIRECTION('',(0.,0.,-1.));
#6489=DIRECTION('',(1.,-3.5527136788005E-15,0.));
#6490=DIRECTION('center_axis',(-0.878232998312551,0.478232998312482,0.));
#6491=DIRECTION('ref_axis',(0.478232998312483,0.878232998312551,0.));
#6492=DIRECTION('',(0.,0.,-1.));
#6493=DIRECTION('',(0.478232998312483,0.878232998312551,0.));
#6494=DIRECTION('center_axis',(0.878232998312536,0.478232998312509,0.));
#6495=DIRECTION('ref_axis',(0.478232998312509,-0.878232998312537,0.));
#6496=DIRECTION('',(0.,0.,-1.));
#6497=DIRECTION('',(0.478232998312509,-0.878232998312537,0.));
#6498=DIRECTION('center_axis',(3.5527136788005E-15,1.,0.));
#6499=DIRECTION('ref_axis',(1.,-3.5527136788005E-15,0.));
#6500=DIRECTION('',(0.,0.,-1.));
#6501=DIRECTION('',(1.,-3.5527136788005E-15,0.));
#6502=DIRECTION('center_axis',(-0.878232998312511,-0.478232998312555,0.));
#6503=DIRECTION('ref_axis',(-0.478232998312555,0.878232998312511,0.));
#6504=DIRECTION('',(-0.478232998312555,0.878232998312511,0.));
#6505=DIRECTION('center_axis',(0.,0.,-1.));
#6506=DIRECTION('ref_axis',(-1.,0.,0.));
#6507=DIRECTION('center_axis',(0.,1.,0.));
#6508=DIRECTION('ref_axis',(1.,0.,0.));
#6509=DIRECTION('',(1.,0.,0.));
#6510=DIRECTION('',(0.,0.,-1.));
#6511=DIRECTION('',(1.,0.,0.));
#6512=DIRECTION('',(0.,0.,-1.));
#6513=DIRECTION('center_axis',(-0.86105824442186,-0.508506341861284,0.));
#6514=DIRECTION('ref_axis',(-0.508506341861284,0.86105824442186,0.));
#6515=DIRECTION('',(-0.508506341861284,0.86105824442186,0.));
#6516=DIRECTION('',(0.,0.,-1.));
#6517=DIRECTION('',(-0.508506341861284,0.86105824442186,0.));
#6518=DIRECTION('center_axis',(-0.861058244421525,0.50850634186185,0.));
#6519=DIRECTION('ref_axis',(0.50850634186185,0.861058244421525,0.));
#6520=DIRECTION('',(0.50850634186185,0.861058244421525,0.));
#6521=DIRECTION('',(0.,0.,-1.));
#6522=DIRECTION('',(0.50850634186185,0.861058244421525,0.));
#6523=DIRECTION('center_axis',(0.,-1.,0.));
#6524=DIRECTION('ref_axis',(-1.,0.,0.));
#6525=DIRECTION('',(-1.,0.,0.));
#6526=DIRECTION('',(0.,0.,-1.));
#6527=DIRECTION('',(-1.,0.,0.));
#6528=DIRECTION('center_axis',(0.861058244420815,-0.508506341863053,0.));
#6529=DIRECTION('ref_axis',(-0.508506341863053,-0.861058244420815,0.));
#6530=DIRECTION('',(-0.508506341863053,-0.861058244420815,0.));
#6531=DIRECTION('',(0.,0.,-1.));
#6532=DIRECTION('',(-0.508506341863053,-0.861058244420815,0.));
#6533=DIRECTION('center_axis',(-0.86105824442186,-0.508506341861284,0.));
#6534=DIRECTION('ref_axis',(-0.508506341861284,0.86105824442186,0.));
#6535=DIRECTION('',(-0.508506341861284,0.86105824442186,0.));
#6536=DIRECTION('',(0.,0.,-1.));
#6537=DIRECTION('',(-0.508506341861284,0.86105824442186,0.));
#6538=DIRECTION('center_axis',(0.,-1.,0.));
#6539=DIRECTION('ref_axis',(-1.,0.,0.));
#6540=DIRECTION('',(-1.,0.,0.));
#6541=DIRECTION('',(0.,0.,-1.));
#6542=DIRECTION('',(-1.,0.,0.));
#6543=DIRECTION('center_axis',(0.861058244420477,0.508506341863625,0.));
#6544=DIRECTION('ref_axis',(0.508506341863625,-0.861058244420477,0.));
#6545=DIRECTION('',(0.508506341863625,-0.861058244420477,0.));
#6546=DIRECTION('',(0.,0.,-1.));
#6547=DIRECTION('',(0.508506341863625,-0.861058244420477,0.));
#6548=DIRECTION('center_axis',(0.861058244420815,-0.508506341863053,0.));
#6549=DIRECTION('ref_axis',(-0.508506341863053,-0.861058244420815,0.));
#6550=DIRECTION('',(-0.508506341863053,-0.861058244420815,0.));
#6551=DIRECTION('',(0.,0.,-1.));
#6552=DIRECTION('',(-0.508506341863053,-0.861058244420815,0.));
#6553=DIRECTION('center_axis',(0.,1.,0.));
#6554=DIRECTION('ref_axis',(1.,0.,0.));
#6555=DIRECTION('',(1.,0.,0.));
#6556=DIRECTION('',(0.,0.,-1.));
#6557=DIRECTION('',(1.,0.,0.));
#6558=DIRECTION('center_axis',(-0.861058244421525,0.50850634186185,0.));
#6559=DIRECTION('ref_axis',(0.50850634186185,0.861058244421525,0.));
#6560=DIRECTION('',(0.50850634186185,0.861058244421525,0.));
#6561=DIRECTION('',(0.,0.,-1.));
#6562=DIRECTION('',(0.50850634186185,0.861058244421525,0.));
#6563=DIRECTION('center_axis',(0.861058244420477,0.508506341863625,0.));
#6564=DIRECTION('ref_axis',(0.508506341863625,-0.861058244420477,0.));
#6565=DIRECTION('',(0.508506341863625,-0.861058244420477,0.));
#6566=DIRECTION('',(0.508506341863625,-0.861058244420477,0.));
#6567=DIRECTION('center_axis',(0.,0.,-1.));
#6568=DIRECTION('ref_axis',(-1.,0.,0.));
#6569=DIRECTION('center_axis',(0.,0.,-1.));
#6570=DIRECTION('ref_axis',(-1.11022302462516E-16,-1.,0.));
#6571=DIRECTION('',(1.,-9.38343210054602E-13,0.));
#6572=DIRECTION('',(-1.,1.11022302462516E-16,0.));
#6573=DIRECTION('',(-1.11022302462516E-16,-1.,0.));
#6574=DIRECTION('center_axis',(1.,-9.38454232357065E-13,0.));
#6575=DIRECTION('ref_axis',(9.38454232357065E-13,1.,0.));
#6576=DIRECTION('',(0.,0.,1.));
#6577=DIRECTION('',(-9.38454232357065E-13,-1.,0.));
#6578=DIRECTION('center_axis',(1.,-9.38454232357065E-13,0.));
#6579=DIRECTION('ref_axis',(9.38454232357065E-13,1.,0.));
#6580=DIRECTION('',(0.,0.,-1.));
#6581=DIRECTION('',(-9.38454232357065E-13,-1.,0.));
#6582=DIRECTION('center_axis',(1.,-9.38454232357065E-13,0.));
#6583=DIRECTION('ref_axis',(9.38454232357065E-13,1.,0.));
#6584=DIRECTION('',(0.,0.,1.));
#6585=DIRECTION('',(-9.38454232357065E-13,-1.,0.));
#6586=DIRECTION('',(0.,0.,-1.));
#6587=DIRECTION('center_axis',(-1.,9.91270557701033E-17,0.));
#6588=DIRECTION('ref_axis',(-9.91270557701033E-17,-1.,0.));
#6589=DIRECTION('',(0.,0.,-1.));
#6590=DIRECTION('',(1.11022302462516E-16,1.,0.));
#6591=DIRECTION('',(0.,0.,1.));
#6592=DIRECTION('',(-1.11022302462516E-16,-1.,0.));
#6593=DIRECTION('',(0.,0.,1.));
#6594=DIRECTION('',(-1.11022302462516E-16,-1.,0.));
#6595=DIRECTION('',(0.,0.,1.));
#6596=DIRECTION('',(-1.11022302462516E-16,-1.,0.));
#6597=DIRECTION('',(-1.11022302462516E-16,-1.,0.));
#6598=DIRECTION('',(-1.11022302462516E-16,-1.,0.));
#6599=DIRECTION('',(0.,0.,1.));
#6600=DIRECTION('',(-1.11022302462516E-16,-1.,0.));
#6601=DIRECTION('',(0.,0.,1.));
#6602=DIRECTION('',(-1.11022302462516E-16,-1.,0.));
#6603=DIRECTION('',(0.,0.,1.));
#6604=DIRECTION('',(-1.11022302462516E-16,-1.,0.));
#6605=DIRECTION('',(0.,0.,1.));
#6606=DIRECTION('',(-1.11022302462516E-16,-1.,0.));
#6607=DIRECTION('',(-1.11022302462516E-16,-1.,0.));
#6608=DIRECTION('',(-1.11022302462516E-16,-1.,0.));
#6609=DIRECTION('',(0.,0.,1.));
#6610=DIRECTION('',(-1.11022302462516E-16,-1.,0.));
#6611=DIRECTION('',(0.,0.,1.));
#6612=DIRECTION('',(-1.11022302462516E-16,-1.,0.));
#6613=DIRECTION('',(0.,0.,1.));
#6614=DIRECTION('',(-1.11022302462516E-16,-1.,0.));
#6615=DIRECTION('',(0.,0.,1.));
#6616=DIRECTION('',(-1.11022302462516E-16,-1.,0.));
#6617=DIRECTION('',(-1.11022302462516E-16,-1.,0.));
#6618=DIRECTION('center_axis',(-1.,9.91270557701033E-17,0.));
#6619=DIRECTION('ref_axis',(-9.91270557701033E-17,-1.,0.));
#6620=DIRECTION('',(0.,0.,1.));
#6621=DIRECTION('',(0.,0.,1.));
#6622=DIRECTION('',(-1.11022302462516E-16,-1.,0.));
#6623=DIRECTION('',(0.,0.,1.));
#6624=DIRECTION('',(-1.11022302462516E-16,-1.,0.));
#6625=DIRECTION('',(-1.11022302462516E-16,-1.,0.));
#6626=DIRECTION('',(-1.11022302462516E-16,-1.,0.));
#6627=DIRECTION('',(0.,0.,1.));
#6628=DIRECTION('',(-1.11022302462516E-16,-1.,0.));
#6629=DIRECTION('',(0.,0.,1.));
#6630=DIRECTION('',(-1.11022302462516E-16,-1.,0.));
#6631=DIRECTION('',(0.,0.,1.));
#6632=DIRECTION('',(-1.11022302462516E-16,-1.,0.));
#6633=DIRECTION('',(0.,0.,1.));
#6634=DIRECTION('',(-1.11022302462516E-16,-1.,0.));
#6635=DIRECTION('',(-1.11022302462516E-16,-1.,0.));
#6636=DIRECTION('',(-1.11022302462516E-16,-1.,0.));
#6637=DIRECTION('',(0.,0.,1.));
#6638=DIRECTION('',(-1.11022302462516E-16,-1.,0.));
#6639=DIRECTION('',(0.,0.,1.));
#6640=DIRECTION('',(-1.11022302462516E-16,-1.,0.));
#6641=DIRECTION('',(0.,0.,1.));
#6642=DIRECTION('',(-1.11022302462516E-16,-1.,0.));
#6643=DIRECTION('',(0.,0.,1.));
#6644=DIRECTION('',(-1.11022302462516E-16,-1.,0.));
#6645=DIRECTION('',(-1.11022302462516E-16,-1.,0.));
#6646=DIRECTION('',(0.,0.,1.));
#6647=DIRECTION('center_axis',(-1.,9.91270557701033E-17,0.));
#6648=DIRECTION('ref_axis',(-9.91270557701033E-17,-1.,0.));
#6649=DIRECTION('',(0.,0.,-1.));
#6650=DIRECTION('',(9.91270557701033E-17,1.,0.));
#6651=DIRECTION('',(0.,0.,-1.));
#6652=DIRECTION('',(0.,0.,1.));
#6653=DIRECTION('',(-1.11022302462516E-16,-1.,0.));
#6654=DIRECTION('',(0.,0.,1.));
#6655=DIRECTION('',(-1.11022302462516E-16,-1.,0.));
#6656=DIRECTION('center_axis',(-1.,9.38439065375854E-13,0.));
#6657=DIRECTION('ref_axis',(-9.38439065375854E-13,-1.,0.));
#6658=DIRECTION('',(-1.11022302462516E-16,-1.,0.));
#6659=DIRECTION('',(9.38439065375854E-13,1.,0.));
#6660=DIRECTION('center_axis',(-1.,9.38439065375854E-13,0.));
#6661=DIRECTION('ref_axis',(-9.38439065375854E-13,-1.,0.));
#6662=DIRECTION('',(0.,0.,-1.));
#6663=DIRECTION('',(0.,1.,0.));
#6664=DIRECTION('',(0.,0.,1.));
#6665=DIRECTION('',(9.38439065375854E-13,1.,0.));
#6666=DIRECTION('',(-1.11022302462516E-16,-1.,0.));
#6667=DIRECTION('',(-9.61481343191782E-17,-0.866025403784439,0.5));
#6668=DIRECTION('',(9.38439065375854E-13,1.,0.));
#6669=DIRECTION('center_axis',(0.707106781186611,-0.707106781186484,0.));
#6670=DIRECTION('ref_axis',(0.707106781186484,0.707106781186611,0.));
#6671=DIRECTION('',(0.,0.,1.));
#6672=DIRECTION('',(0.707106781186484,0.707106781186611,0.));
#6673=DIRECTION('',(-0.707106781186484,-0.707106781186611,0.));
#6674=DIRECTION('center_axis',(0.707106781186611,-0.707106781186484,0.));
#6675=DIRECTION('ref_axis',(0.707106781186484,0.707106781186611,0.));
#6676=DIRECTION('',(0.,0.,1.));
#6677=DIRECTION('',(0.707106781186484,0.707106781186611,0.));
#6678=DIRECTION('',(0.,0.,-1.));
#6679=DIRECTION('',(-0.707106781186484,-0.707106781186611,0.));
#6680=DIRECTION('center_axis',(-0.707106781186611,0.707106781186484,0.));
#6681=DIRECTION('ref_axis',(-0.707106781186484,-0.707106781186611,0.));
#6682=DIRECTION('',(0.,0.,1.));
#6683=DIRECTION('',(-0.707106781186484,-0.707106781186611,0.));
#6684=DIRECTION('',(0.707106781186484,0.707106781186611,0.));
#6685=DIRECTION('center_axis',(-0.707106781186611,0.707106781186484,0.));
#6686=DIRECTION('ref_axis',(-0.707106781186484,-0.707106781186611,0.));
#6687=DIRECTION('',(0.,0.,1.));
#6688=DIRECTION('',(-0.707106781186484,-0.707106781186611,0.));
#6689=DIRECTION('',(0.,0.,-1.));
#6690=DIRECTION('',(0.707106781186484,0.707106781186611,0.));
#6691=DIRECTION('center_axis',(1.,-1.11022302462516E-16,0.));
#6692=DIRECTION('ref_axis',(1.11022302462516E-16,1.,0.));
#6693=DIRECTION('',(1.11022302462516E-16,1.,0.));
#6694=DIRECTION('center_axis',(0.,0.,1.));
#6695=DIRECTION('ref_axis',(1.11022302462516E-16,1.,0.));
#6696=DIRECTION('',(-1.,1.11022302462516E-16,0.));
#6697=DIRECTION('',(-1.,1.11022302462516E-16,0.));
#6698=DIRECTION('',(1.,-1.11022302462516E-16,0.));
#6699=DIRECTION('',(1.11022302462516E-16,1.,0.));
#6700=DIRECTION('',(1.,-1.11022302462516E-16,0.));
#6701=DIRECTION('center_axis',(-1.11022302462516E-16,-1.,0.));
#6702=DIRECTION('ref_axis',(1.,-1.11022302462516E-16,0.));
#6703=DIRECTION('',(-1.,1.11022302462516E-16,0.));
#6704=DIRECTION('center_axis',(1.,-1.11022302462516E-16,0.));
#6705=DIRECTION('ref_axis',(1.11022302462516E-16,1.,0.));
#6706=DIRECTION('',(1.11022302462516E-16,1.,0.));
#6707=DIRECTION('',(0.,0.,1.));
#6708=DIRECTION('center_axis',(0.,0.,1.));
#6709=DIRECTION('ref_axis',(1.11022302462516E-16,1.,0.));
#6710=DIRECTION('',(-1.,1.98483205180209E-14,0.));
#6711=DIRECTION('',(1.,-1.11022302462516E-16,0.));
#6712=DIRECTION('',(1.,-1.11022302462516E-16,0.));
#6713=DIRECTION('',(1.11022302462516E-16,1.,0.));
#6714=DIRECTION('',(-1.,1.11022302462516E-16,0.));
#6715=DIRECTION('',(0.707106781186555,0.70710678118654,0.));
#6716=DIRECTION('center_axis',(7.85046229341886E-17,0.707106781186547,0.707106781186548));
#6717=DIRECTION('ref_axis',(7.85046229341889E-17,0.707106781186548,-0.707106781186547));
#6718=DIRECTION('',(1.,-1.11022302462516E-16,0.));
#6719=DIRECTION('',(7.85046229341889E-17,0.707106781186548,-0.707106781186547));
#6720=DIRECTION('',(-1.,1.11022302462516E-16,0.));
#6721=DIRECTION('center_axis',(-1.,1.11022302462516E-16,0.));
#6722=DIRECTION('ref_axis',(0.,0.,1.));
#6723=DIRECTION('',(-1.11022302462516E-16,-1.,0.));
#6724=DIRECTION('center_axis',(-1.11022302462516E-16,-1.,0.));
#6725=DIRECTION('ref_axis',(1.,-1.11022302462516E-16,0.));
#6726=DIRECTION('center_axis',(-7.85046229341887E-17,-0.707106781186547,
0.707106781186548));
#6727=DIRECTION('ref_axis',(-7.85046229341888E-17,-0.707106781186548,-0.707106781186547));
#6728=DIRECTION('',(-1.,1.11022302462516E-16,0.));
#6729=DIRECTION('',(-7.85046229341888E-17,-0.707106781186548,-0.707106781186547));
#6730=DIRECTION('',(1.,-1.11022302462516E-16,0.));
#6731=DIRECTION('center_axis',(1.,-1.11022302462516E-16,0.));
#6732=DIRECTION('ref_axis',(0.,0.,-1.));
#6733=DIRECTION('',(1.11022302462516E-16,1.,0.));
#6734=DIRECTION('center_axis',(1.11022302462516E-16,1.,0.));
#6735=DIRECTION('ref_axis',(-1.,1.11022302462516E-16,0.));
#6736=DIRECTION('center_axis',(0.,0.,-1.));
#6737=DIRECTION('ref_axis',(-1.11022302462516E-16,-1.,0.));
#6738=DIRECTION('',(1.,-1.11022302462516E-16,0.));
#6739=DIRECTION('',(-1.,1.11022302462516E-16,0.));
#6740=DIRECTION('center_axis',(0.,0.,-1.));
#6741=DIRECTION('ref_axis',(-1.11022302462516E-16,-1.,0.));
#6742=DIRECTION('',(0.707106781186545,-0.70710678118655,0.));
#6743=DIRECTION('',(-0.707106781186546,0.707106781186549,0.));
#6744=DIRECTION('center_axis',(0.,0.,-1.));
#6745=DIRECTION('ref_axis',(-1.11022302462516E-16,-1.,0.));
#6746=DIRECTION('',(1.,-1.11022302462516E-16,0.));
#6747=DIRECTION('',(-1.,1.11022302462516E-16,0.));
#6748=DIRECTION('center_axis',(0.,0.,-1.));
#6749=DIRECTION('ref_axis',(-1.11022302462516E-16,-1.,0.));
#6750=DIRECTION('',(0.707106781186546,0.707106781186549,0.));
#6751=DIRECTION('',(-0.707106781186545,-0.70710678118655,0.));
#6752=DIRECTION('center_axis',(0.,0.,-1.));
#6753=DIRECTION('ref_axis',(-1.11022302462516E-16,-1.,0.));
#6754=DIRECTION('',(1.,-1.11022302462516E-16,0.));
#6755=DIRECTION('',(-1.,1.11022302462516E-16,0.));
#6756=DIRECTION('center_axis',(0.,0.,-1.));
#6757=DIRECTION('ref_axis',(-1.11022302462516E-16,-1.,0.));
#6758=DIRECTION('',(0.707106781186545,-0.70710678118655,0.));
#6759=DIRECTION('',(-0.707106781186546,0.70710678118655,0.));
#6760=DIRECTION('center_axis',(0.,0.,-1.));
#6761=DIRECTION('ref_axis',(-1.11022302462516E-16,-1.,0.));
#6762=DIRECTION('',(1.,-6.66133814775094E-16,0.));
#6763=DIRECTION('',(-1.,1.11022302462516E-16,0.));
#6764=DIRECTION('center_axis',(0.,0.,-1.));
#6765=DIRECTION('ref_axis',(-1.11022302462516E-16,-1.,0.));
#6766=DIRECTION('',(0.707106781186545,0.70710678118655,0.));
#6767=DIRECTION('',(-0.707106781186545,-0.70710678118655,0.));
#6768=DIRECTION('center_axis',(0.,0.,-1.));
#6769=DIRECTION('ref_axis',(-1.11022302462516E-16,-1.,0.));
#6770=DIRECTION('',(1.,-1.11022302462516E-16,0.));
#6771=DIRECTION('',(-1.,-1.66533453693774E-16,0.));
#6772=DIRECTION('center_axis',(0.,0.,-1.));
#6773=DIRECTION('ref_axis',(-1.11022302462516E-16,-1.,0.));
#6774=DIRECTION('',(0.707106781186545,-0.70710678118655,0.));
#6775=DIRECTION('',(-0.707106781186544,0.707106781186551,0.));
#6776=DIRECTION('center_axis',(0.,0.,-1.));
#6777=DIRECTION('ref_axis',(-1.11022302462516E-16,-1.,0.));
#6778=DIRECTION('',(-1.,9.38328043073391E-13,0.));
#6779=DIRECTION('',(1.,-1.11022302462516E-16,0.));
#6780=DIRECTION('',(1.11022302462516E-16,1.,0.));
#6781=DIRECTION('center_axis',(0.,0.,-1.));
#6782=DIRECTION('ref_axis',(-1.11022302462516E-16,-1.,0.));
#6783=DIRECTION('',(0.707106781186538,-0.707106781186557,0.));
#6784=DIRECTION('',(1.11022302462516E-16,1.,0.));
#6785=DIRECTION('',(-0.707106781186484,0.707106781186611,0.));
#6786=DIRECTION('center_axis',(0.,0.,-1.));
#6787=DIRECTION('ref_axis',(-1.11022302462516E-16,-1.,0.));
#6788=DIRECTION('',(1.,-1.11022302462516E-16,0.));
#6789=DIRECTION('',(1.11022302462516E-16,1.,0.));
#6790=DIRECTION('',(-1.,1.11022302462516E-16,0.));
#6791=DIRECTION('center_axis',(0.,0.,-1.));
#6792=DIRECTION('ref_axis',(-1.11022302462516E-16,-1.,0.));
#6793=DIRECTION('',(0.707106781186537,0.707106781186558,0.));
#6794=DIRECTION('',(1.11022302462516E-16,1.,0.));
#6795=DIRECTION('',(-0.707106781186538,-0.707106781186557,0.));
#6796=DIRECTION('center_axis',(0.,0.,-1.));
#6797=DIRECTION('ref_axis',(-1.11022302462516E-16,-1.,0.));
#6798=DIRECTION('',(1.,-6.66133814775094E-16,0.));
#6799=DIRECTION('',(1.11022302462516E-16,1.,0.));
#6800=DIRECTION('',(-1.,1.11022302462516E-16,0.));
#6801=DIRECTION('center_axis',(0.,0.,-1.));
#6802=DIRECTION('ref_axis',(-1.11022302462516E-16,-1.,0.));
#6803=DIRECTION('',(0.707106781186534,-0.707106781186561,0.));
#6804=DIRECTION('',(1.11022302462516E-16,1.,0.));
#6805=DIRECTION('',(-0.707106781186537,0.707106781186558,0.));
#6806=DIRECTION('center_axis',(0.,0.,-1.));
#6807=DIRECTION('ref_axis',(-1.11022302462516E-16,-1.,0.));
#6808=DIRECTION('',(1.,-1.11022302462516E-16,0.));
#6809=DIRECTION('',(1.11022302462516E-16,1.,0.));
#6810=DIRECTION('',(-1.,1.11022302462516E-16,0.));
#6811=DIRECTION('center_axis',(0.,0.,-1.));
#6812=DIRECTION('ref_axis',(-1.11022302462516E-16,-1.,0.));
#6813=DIRECTION('',(0.707106781186549,0.707106781186546,0.));
#6814=DIRECTION('',(1.11022302462516E-16,1.,0.));
#6815=DIRECTION('',(-0.707106781186535,-0.70710678118656,0.));
#6816=DIRECTION('center_axis',(0.,0.,-1.));
#6817=DIRECTION('ref_axis',(-1.11022302462516E-16,-1.,0.));
#6818=DIRECTION('',(1.,-1.11022302462516E-16,0.));
#6819=DIRECTION('',(1.11022302462516E-16,1.,0.));
#6820=DIRECTION('',(-1.,1.11022302462516E-16,0.));
#6821=DIRECTION('center_axis',(0.,0.,-1.));
#6822=DIRECTION('ref_axis',(-1.11022302462516E-16,-1.,0.));
#6823=DIRECTION('',(0.707106781186546,-0.70710678118655,0.));
#6824=DIRECTION('',(1.11022302462516E-16,1.,0.));
#6825=DIRECTION('',(-0.707106781186548,0.707106781186547,0.));
#6826=DIRECTION('center_axis',(0.,0.,-1.));
#6827=DIRECTION('ref_axis',(-1.11022302462516E-16,-1.,0.));
#6828=DIRECTION('',(-1.,1.11022302462516E-16,0.));
#6829=DIRECTION('',(1.,-2.33146835171283E-15,0.));
#6830=DIRECTION('',(1.11022302462516E-16,1.,0.));
#6831=DIRECTION('center_axis',(-1.11022302462516E-16,-1.,0.));
#6832=DIRECTION('ref_axis',(1.,-1.11022302462516E-16,0.));
#6833=DIRECTION('',(0.,0.,1.));
#6834=DIRECTION('',(1.,-1.11022302462516E-16,0.));
#6835=DIRECTION('center_axis',(0.70710678118655,0.707106781186546,0.));
#6836=DIRECTION('ref_axis',(-0.707106781186546,0.70710678118655,0.));
#6837=DIRECTION('',(-0.707106781186545,0.70710678118655,0.));
#6838=DIRECTION('center_axis',(1.11022302462516E-16,1.,0.));
#6839=DIRECTION('ref_axis',(-1.,1.11022302462516E-16,0.));
#6840=DIRECTION('',(0.,0.,1.));
#6841=DIRECTION('',(-1.,1.11022302462516E-16,0.));
#6842=DIRECTION('',(0.,0.,1.));
#6843=DIRECTION('center_axis',(-0.707106781186546,0.707106781186549,0.));
#6844=DIRECTION('ref_axis',(-0.707106781186549,-0.707106781186546,0.));
#6845=DIRECTION('',(0.,0.,1.));
#6846=DIRECTION('',(-0.707106781186549,-0.707106781186546,0.));
#6847=DIRECTION('',(0.,0.,1.));
#6848=DIRECTION('center_axis',(0.70710678118656,-0.707106781186535,0.));
#6849=DIRECTION('ref_axis',(0.707106781186535,0.70710678118656,0.));
#6850=DIRECTION('',(0.,0.,1.));
#6851=DIRECTION('',(0.707106781186535,0.70710678118656,0.));
#6852=DIRECTION('center_axis',(1.11022302462516E-16,1.,0.));
#6853=DIRECTION('ref_axis',(-1.,1.11022302462516E-16,0.));
#6854=DIRECTION('',(-1.,1.11022302462516E-16,0.));
#6855=DIRECTION('center_axis',(-1.11022302462516E-16,-1.,0.));
#6856=DIRECTION('ref_axis',(1.,-1.11022302462516E-16,0.));
#6857=DIRECTION('',(0.,0.,1.));
#6858=DIRECTION('',(1.,-1.11022302462516E-16,0.));
#6859=DIRECTION('center_axis',(0.707106781186561,0.707106781186534,0.));
#6860=DIRECTION('ref_axis',(-0.707106781186534,0.707106781186561,0.));
#6861=DIRECTION('',(-0.707106781186534,0.707106781186561,0.));
#6862=DIRECTION('center_axis',(6.66133814775094E-16,1.,0.));
#6863=DIRECTION('ref_axis',(-1.,6.66133814775094E-16,0.));
#6864=DIRECTION('',(0.,0.,1.));
#6865=DIRECTION('',(-1.,6.66133814775094E-16,0.));
#6866=DIRECTION('',(0.,0.,1.));
#6867=DIRECTION('center_axis',(-0.707106781186558,0.707106781186537,0.));
#6868=DIRECTION('ref_axis',(-0.707106781186537,-0.707106781186558,0.));
#6869=DIRECTION('',(0.,0.,1.));
#6870=DIRECTION('',(-0.707106781186537,-0.707106781186558,0.));
#6871=DIRECTION('',(0.,0.,1.));
#6872=DIRECTION('center_axis',(0.707106781186557,-0.707106781186538,0.));
#6873=DIRECTION('ref_axis',(0.707106781186538,0.707106781186557,0.));
#6874=DIRECTION('',(0.,0.,1.));
#6875=DIRECTION('',(0.707106781186538,0.707106781186557,0.));
#6876=DIRECTION('center_axis',(1.11022302462516E-16,1.,0.));
#6877=DIRECTION('ref_axis',(-1.,1.11022302462516E-16,0.));
#6878=DIRECTION('',(-1.,1.11022302462516E-16,0.));
#6879=DIRECTION('center_axis',(-1.11022302462516E-16,-1.,0.));
#6880=DIRECTION('ref_axis',(1.,-1.11022302462516E-16,0.));
#6881=DIRECTION('',(0.,0.,1.));
#6882=DIRECTION('',(1.,-1.11022302462516E-16,0.));
#6883=DIRECTION('center_axis',(0.707106781186557,0.707106781186538,0.));
#6884=DIRECTION('ref_axis',(-0.707106781186538,0.707106781186557,0.));
#6885=DIRECTION('',(-0.707106781186538,0.707106781186557,0.));
#6886=DIRECTION('center_axis',(1.11022302462516E-16,1.,0.));
#6887=DIRECTION('ref_axis',(-1.,1.11022302462516E-16,0.));
#6888=DIRECTION('',(0.,0.,1.));
#6889=DIRECTION('',(-1.,1.11022302462516E-16,0.));
#6890=DIRECTION('',(0.,0.,1.));
#6891=DIRECTION('center_axis',(-1.11022302462516E-16,-1.,0.));
#6892=DIRECTION('ref_axis',(1.,-1.11022302462516E-16,0.));
#6893=DIRECTION('',(0.,0.,1.));
#6894=DIRECTION('',(1.,-1.11022302462516E-16,0.));
#6895=DIRECTION('center_axis',(0.70710678118655,0.707106781186545,0.));
#6896=DIRECTION('ref_axis',(-0.707106781186545,0.70710678118655,0.));
#6897=DIRECTION('',(-0.707106781186545,0.70710678118655,0.));
#6898=DIRECTION('center_axis',(1.11022302462516E-16,1.,0.));
#6899=DIRECTION('ref_axis',(-1.,1.11022302462516E-16,0.));
#6900=DIRECTION('',(0.,0.,1.));
#6901=DIRECTION('',(-1.,1.11022302462516E-16,0.));
#6902=DIRECTION('center_axis',(-0.70710678118655,0.707106781186545,0.));
#6903=DIRECTION('ref_axis',(-0.707106781186545,-0.70710678118655,0.));
#6904=DIRECTION('',(0.,0.,1.));
#6905=DIRECTION('',(-0.707106781186545,-0.70710678118655,0.));
#6906=DIRECTION('center_axis',(0.70710678118655,-0.707106781186545,0.));
#6907=DIRECTION('ref_axis',(0.707106781186545,0.70710678118655,0.));
#6908=DIRECTION('',(0.,0.,1.));
#6909=DIRECTION('',(0.707106781186545,0.70710678118655,0.));
#6910=DIRECTION('center_axis',(6.66133814775094E-16,1.,0.));
#6911=DIRECTION('ref_axis',(-1.,6.66133814775094E-16,0.));
#6912=DIRECTION('',(-1.,6.66133814775094E-16,0.));
#6913=DIRECTION('center_axis',(-1.11022302462516E-16,-1.,0.));
#6914=DIRECTION('ref_axis',(1.,-1.11022302462516E-16,0.));
#6915=DIRECTION('',(0.,0.,1.));
#6916=DIRECTION('',(1.,-1.11022302462516E-16,0.));
#6917=DIRECTION('center_axis',(0.70710678118655,0.707106781186545,0.));
#6918=DIRECTION('ref_axis',(-0.707106781186545,0.70710678118655,0.));
#6919=DIRECTION('',(-0.707106781186545,0.70710678118655,0.));
#6920=DIRECTION('center_axis',(1.11022302462516E-16,1.,0.));
#6921=DIRECTION('ref_axis',(-1.,1.11022302462516E-16,0.));
#6922=DIRECTION('',(0.,0.,1.));
#6923=DIRECTION('',(-1.,1.11022302462516E-16,0.));
#6924=DIRECTION('center_axis',(-0.707106781186549,0.707106781186546,0.));
#6925=DIRECTION('ref_axis',(-0.707106781186546,-0.707106781186549,0.));
#6926=DIRECTION('',(0.,0.,1.));
#6927=DIRECTION('',(-0.707106781186546,-0.707106781186549,0.));
#6928=DIRECTION('center_axis',(0.70710678118655,-0.707106781186545,0.));
#6929=DIRECTION('ref_axis',(0.707106781186545,0.70710678118655,0.));
#6930=DIRECTION('',(0.,0.,1.));
#6931=DIRECTION('',(0.707106781186545,0.70710678118655,0.));
#6932=DIRECTION('center_axis',(1.11022302462516E-16,1.,0.));
#6933=DIRECTION('ref_axis',(-1.,1.11022302462516E-16,0.));
#6934=DIRECTION('',(-1.,1.11022302462516E-16,0.));
#6935=DIRECTION('center_axis',(-1.11022302462516E-16,-1.,0.));
#6936=DIRECTION('ref_axis',(1.,-1.11022302462516E-16,0.));
#6937=DIRECTION('',(0.,0.,1.));
#6938=DIRECTION('',(1.,-1.11022302462516E-16,0.));
#6939=DIRECTION('center_axis',(0.70710678118655,0.707106781186545,0.));
#6940=DIRECTION('ref_axis',(-0.707106781186545,0.70710678118655,0.));
#6941=DIRECTION('',(-0.707106781186545,0.70710678118655,0.));
#6942=DIRECTION('center_axis',(1.11022302462516E-16,1.,0.));
#6943=DIRECTION('ref_axis',(-1.,1.11022302462516E-16,0.));
#6944=DIRECTION('',(0.,0.,1.));
#6945=DIRECTION('',(-1.,1.11022302462516E-16,0.));
#6946=DIRECTION('center_axis',(-1.11022302462516E-16,-1.,0.));
#6947=DIRECTION('ref_axis',(1.,-1.11022302462516E-16,0.));
#6948=DIRECTION('',(1.,-1.11022302462516E-16,0.));
#6949=DIRECTION('',(0.,0.,1.));
#6950=DIRECTION('center_axis',(1.11022302462516E-16,1.,0.));
#6951=DIRECTION('ref_axis',(-1.,1.11022302462516E-16,0.));
#6952=DIRECTION('',(0.,0.,-1.));
#6953=DIRECTION('',(0.,0.,-1.));
#6954=DIRECTION('center_axis',(1.,-1.11022302462516E-16,0.));
#6955=DIRECTION('ref_axis',(1.11022302462516E-16,1.,0.));
#6956=DIRECTION('',(0.,0.,1.));
#6957=DIRECTION('',(1.11022302462516E-16,1.,0.));
#6958=DIRECTION('center_axis',(-1.,2.42861286636754E-17,0.));
#6959=DIRECTION('ref_axis',(-2.42861286636754E-17,-1.,0.));
#6960=DIRECTION('',(0.,0.,1.));
#6961=DIRECTION('',(-2.42861286636754E-17,-1.,0.));
#6962=DIRECTION('',(0.,0.,-1.));
#6963=DIRECTION('center_axis',(-1.11022302462516E-16,-1.,0.));
#6964=DIRECTION('ref_axis',(1.,-1.11022302462516E-16,0.));
#6965=DIRECTION('center_axis',(1.,-1.11022302462516E-16,0.));
#6966=DIRECTION('ref_axis',(1.11022302462516E-16,1.,0.));
#6967=DIRECTION('center_axis',(5.55111512312578E-17,0.5,0.866025403784439));
#6968=DIRECTION('ref_axis',(9.61481343191782E-17,0.866025403784439,-0.5));
#6969=DIRECTION('center_axis',(-5.55111512312578E-17,-0.5,0.866025403784439));
#6970=DIRECTION('ref_axis',(9.61481343191782E-17,0.866025403784439,0.5));
#6971=DIRECTION('',(0.294851266494801,0.827524650983165,0.477771580006181));
#6972=DIRECTION('',(-0.29485126649484,-0.827524650983155,-0.477771580006175));
#6973=DIRECTION('center_axis',(1.11022302462516E-16,1.,0.));
#6974=DIRECTION('ref_axis',(-1.,1.11022302462516E-16,0.));
#6975=DIRECTION('center_axis',(0.941991607096811,-0.335636428534162,0.));
#6976=DIRECTION('ref_axis',(0.335636428534162,0.941991607096811,0.));
#6977=DIRECTION('',(0.335636428534162,0.941991607096811,0.));
#6978=DIRECTION('',(0.,0.,1.));
#6979=DIRECTION('',(0.,0.,1.));
#6980=DIRECTION('center_axis',(2.33146835171283E-15,1.,0.));
#6981=DIRECTION('ref_axis',(-1.,2.33146835171283E-15,0.));
#6982=DIRECTION('',(-1.,2.33146835171283E-15,0.));
#6983=DIRECTION('center_axis',(-1.11022302462516E-16,-1.,0.));
#6984=DIRECTION('ref_axis',(1.,-1.11022302462516E-16,0.));
#6985=DIRECTION('',(0.,0.,1.));
#6986=DIRECTION('',(1.,-1.11022302462516E-16,0.));
#6987=DIRECTION('center_axis',(-1.11022302462516E-16,-1.,0.));
#6988=DIRECTION('ref_axis',(1.,-1.11022302462516E-16,0.));
#6989=DIRECTION('',(0.,0.,1.));
#6990=DIRECTION('',(0.,0.,1.));
#6991=DIRECTION('',(1.,-1.11022302462516E-16,0.));
#6992=DIRECTION('center_axis',(1.,-1.03092138000907E-16,0.));
#6993=DIRECTION('ref_axis',(1.03092138000907E-16,1.,0.));
#6994=DIRECTION('',(0.,0.,1.));
#6995=DIRECTION('',(9.07382050794743E-17,1.,0.));
#6996=DIRECTION('',(0.,0.,1.));
#6997=DIRECTION('',(9.07382050794743E-17,1.,0.));
#6998=DIRECTION('',(0.,0.,1.));
#6999=DIRECTION('',(9.07382050794743E-17,1.,0.));
#7000=DIRECTION('',(0.,0.,1.));
#7001=DIRECTION('',(9.07382050794743E-17,1.,0.));
#7002=DIRECTION('',(9.07382050794743E-17,1.,0.));
#7003=DIRECTION('',(0.,0.,1.));
#7004=DIRECTION('',(0.,0.,1.));
#7005=DIRECTION('',(1.03092138000907E-16,1.,0.));
#7006=DIRECTION('center_axis',(-0.941991607096796,0.335636428534204,0.));
#7007=DIRECTION('ref_axis',(-0.335636428534204,-0.941991607096796,0.));
#7008=DIRECTION('',(-0.335636428534204,-0.941991607096796,0.));
#7009=DIRECTION('center_axis',(-0.70710678118655,-0.707106781186546,0.));
#7010=DIRECTION('ref_axis',(0.707106781186546,-0.70710678118655,0.));
#7011=DIRECTION('',(0.707106781186545,-0.70710678118655,0.));
#7012=DIRECTION('center_axis',(-0.707106781186547,-0.707106781186548,0.));
#7013=DIRECTION('ref_axis',(0.707106781186548,-0.707106781186547,0.));
#7014=DIRECTION('',(0.707106781186548,-0.707106781186547,0.));
#7015=DIRECTION('center_axis',(-1.11022302462516E-16,-1.,0.));
#7016=DIRECTION('ref_axis',(1.,-1.11022302462516E-16,0.));
#7017=DIRECTION('',(1.,-1.11022302462516E-16,0.));
#7018=DIRECTION('center_axis',(-1.11022302462516E-16,-1.,0.));
#7019=DIRECTION('ref_axis',(1.,-1.11022302462516E-16,0.));
#7020=DIRECTION('',(1.,-1.11022302462516E-16,0.));
#7021=DIRECTION('center_axis',(-0.707106781186558,-0.707106781186537,0.));
#7022=DIRECTION('ref_axis',(0.707106781186537,-0.707106781186558,0.));
#7023=DIRECTION('',(0.707106781186537,-0.707106781186558,0.));
#7024=DIRECTION('center_axis',(-0.941991607096811,0.335636428534162,0.));
#7025=DIRECTION('ref_axis',(-0.335636428534162,-0.941991607096811,0.));
#7026=DIRECTION('',(-0.335636428534162,-0.941991607096811,0.));
#7027=DIRECTION('center_axis',(-0.707106781186551,-0.707106781186544,0.));
#7028=DIRECTION('ref_axis',(0.707106781186544,-0.707106781186551,0.));
#7029=DIRECTION('',(0.707106781186544,-0.707106781186551,0.));
#7030=DIRECTION('center_axis',(1.66533453693774E-16,-1.,0.));
#7031=DIRECTION('ref_axis',(1.,1.66533453693774E-16,0.));
#7032=DIRECTION('',(1.,1.66533453693774E-16,0.));
#7033=DIRECTION('center_axis',(-0.707106781186611,-0.707106781186484,0.));
#7034=DIRECTION('ref_axis',(0.707106781186484,-0.707106781186611,0.));
#7035=DIRECTION('',(0.707106781186484,-0.707106781186611,0.));
#7036=DIRECTION('center_axis',(-0.707106781186549,-0.707106781186546,0.));
#7037=DIRECTION('ref_axis',(0.707106781186546,-0.707106781186549,0.));
#7038=DIRECTION('',(0.707106781186546,-0.707106781186549,0.));
#7039=DIRECTION('center_axis',(-1.,9.91270557701033E-17,0.));
#7040=DIRECTION('ref_axis',(-9.91270557701033E-17,-1.,0.));
#7041=DIRECTION('',(-9.91270557701033E-17,-1.,0.));
#7042=DIRECTION('',(0.,0.,1.));
#7043=DIRECTION('',(0.,0.,1.));
#7044=DIRECTION('center_axis',(0.941991607096797,-0.335636428534201,0.));
#7045=DIRECTION('ref_axis',(0.335636428534201,0.941991607096797,0.));
#7046=DIRECTION('',(0.335636428534201,0.941991607096797,0.));
#7047=DIRECTION('',(0.,0.,1.));
#7048=DIRECTION('center_axis',(1.11022302462516E-16,1.,0.));
#7049=DIRECTION('ref_axis',(-1.,1.11022302462516E-16,0.));
#7050=DIRECTION('',(-1.,1.11022302462516E-16,0.));
#7051=DIRECTION('center_axis',(1.11022302462516E-16,1.,0.));
#7052=DIRECTION('ref_axis',(-1.,1.11022302462516E-16,0.));
#7053=DIRECTION('',(1.,-1.11022302462516E-16,0.));
#7054=DIRECTION('center_axis',(-9.38343210054602E-13,-1.,0.));
#7055=DIRECTION('ref_axis',(1.,-9.38343210054602E-13,0.));
#7056=DIRECTION('',(-1.,9.38343210054602E-13,0.));
#7057=DIRECTION('center_axis',(-9.38343210054602E-13,-1.,0.));
#7058=DIRECTION('ref_axis',(1.,-9.38343210054602E-13,0.));
#7059=DIRECTION('',(1.,-9.38343210054602E-13,0.));
#7060=DIRECTION('',(-1.,9.38343210054602E-13,0.));
#7061=DIRECTION('center_axis',(-1.18952466924124E-17,1.,0.));
#7062=DIRECTION('ref_axis',(-1.,-1.18952466924124E-17,0.));
#7063=DIRECTION('',(-1.,0.,0.));
#7064=DIRECTION('',(0.,0.,1.));
#7065=DIRECTION('',(-1.,0.,0.));
#7066=DIRECTION('',(0.,0.,1.));
#7067=DIRECTION('',(-1.,0.,0.));
#7068=DIRECTION('',(-1.,0.,0.));
#7069=DIRECTION('',(-1.,0.,0.));
#7070=DIRECTION('',(0.,0.,1.));
#7071=DIRECTION('',(-1.,0.,0.));
#7072=DIRECTION('',(0.,0.,1.));
#7073=DIRECTION('',(-1.,0.,0.));
#7074=DIRECTION('',(0.,0.,1.));
#7075=DIRECTION('',(-1.,0.,0.));
#7076=DIRECTION('',(0.,0.,1.));
#7077=DIRECTION('',(-1.,0.,0.));
#7078=DIRECTION('',(-1.,0.,0.));
#7079=DIRECTION('',(-1.,0.,0.));
#7080=DIRECTION('',(0.,0.,1.));
#7081=DIRECTION('',(-1.,0.,0.));
#7082=DIRECTION('',(0.,0.,1.));
#7083=DIRECTION('',(-1.,0.,0.));
#7084=DIRECTION('',(0.,0.,1.));
#7085=DIRECTION('',(-1.,0.,0.));
#7086=DIRECTION('',(0.,0.,1.));
#7087=DIRECTION('',(-1.,0.,0.));
#7088=DIRECTION('',(-1.,0.,0.));
#7089=DIRECTION('',(0.,0.,1.));
#7090=DIRECTION('',(-1.,-1.18952466924124E-17,0.));
#7091=DIRECTION('center_axis',(-1.18952466924124E-17,1.,0.));
#7092=DIRECTION('ref_axis',(-1.,-1.18952466924124E-17,0.));
#7093=DIRECTION('',(1.,0.,0.));
#7094=DIRECTION('',(0.,0.,1.));
#7095=DIRECTION('',(-1.,0.,0.));
#7096=DIRECTION('',(0.,0.,1.));
#7097=DIRECTION('',(-1.,0.,0.));
#7098=DIRECTION('',(0.,0.,1.));
#7099=DIRECTION('',(-1.,0.,0.));
#7100=DIRECTION('',(-1.,0.,0.));
#7101=DIRECTION('',(-1.,0.,0.));
#7102=DIRECTION('',(0.,0.,1.));
#7103=DIRECTION('',(-1.,0.,0.));
#7104=DIRECTION('',(0.,0.,1.));
#7105=DIRECTION('',(-1.,0.,0.));
#7106=DIRECTION('',(0.,0.,1.));
#7107=DIRECTION('',(-1.,0.,0.));
#7108=DIRECTION('',(0.,0.,1.));
#7109=DIRECTION('',(-1.,0.,0.));
#7110=DIRECTION('',(-1.,0.,0.));
#7111=DIRECTION('',(-1.,0.,0.));
#7112=DIRECTION('',(0.,0.,1.));
#7113=DIRECTION('',(-1.,0.,0.));
#7114=DIRECTION('',(0.,0.,1.));
#7115=DIRECTION('',(-1.,0.,0.));
#7116=DIRECTION('',(0.,0.,1.));
#7117=DIRECTION('',(-1.,0.,0.));
#7118=DIRECTION('',(0.,0.,1.));
#7119=DIRECTION('',(-1.,0.,0.));
#7120=DIRECTION('',(-1.,0.,0.));
#7121=DIRECTION('center_axis',(0.,0.,-1.));
#7122=DIRECTION('ref_axis',(-1.,0.,0.));
#7123=DIRECTION('',(0.,1.,0.));
#7124=DIRECTION('center_axis',(9.38328043073391E-13,1.,0.));
#7125=DIRECTION('ref_axis',(-1.,9.38328043073391E-13,0.));
#7126=DIRECTION('',(-1.,0.,0.));
#7127=DIRECTION('',(1.,-9.38328043073391E-13,0.));
#7128=DIRECTION('center_axis',(0.,1.,0.));
#7129=DIRECTION('ref_axis',(1.,0.,0.));
#7130=DIRECTION('',(1.,0.,0.));
#7131=DIRECTION('',(1.,0.,0.));
#7132=DIRECTION('',(0.,0.,1.));
#7133=DIRECTION('',(1.,2.02840973830413E-17,0.));
#7134=DIRECTION('',(0.,0.,1.));
#7135=DIRECTION('',(1.,0.,0.));
#7136=DIRECTION('',(1.,0.,0.));
#7137=DIRECTION('',(1.,0.,0.));
#7138=DIRECTION('',(0.,0.,1.));
#7139=DIRECTION('',(1.,2.02840973830413E-17,0.));
#7140=DIRECTION('',(0.,0.,1.));
#7141=DIRECTION('',(1.,0.,0.));
#7142=DIRECTION('',(0.,0.,1.));
#7143=DIRECTION('',(1.,2.02840973830413E-17,0.));
#7144=DIRECTION('',(0.,0.,1.));
#7145=DIRECTION('',(1.,0.,0.));
#7146=DIRECTION('',(1.,0.,0.));
#7147=DIRECTION('',(1.,0.,0.));
#7148=DIRECTION('',(0.,0.,1.));
#7149=DIRECTION('',(1.,2.02840973830413E-17,0.));
#7150=DIRECTION('',(0.,0.,1.));
#7151=DIRECTION('',(1.,0.,0.));
#7152=DIRECTION('',(0.,0.,1.));
#7153=DIRECTION('',(1.,2.02840973830413E-17,0.));
#7154=DIRECTION('',(0.,0.,1.));
#7155=DIRECTION('',(1.,0.,0.));
#7156=DIRECTION('',(1.,0.,0.));
#7157=DIRECTION('',(0.,0.,1.));
#7158=DIRECTION('',(0.,0.,1.));
#7159=DIRECTION('',(1.,7.93016446160826E-18,0.));
#7160=DIRECTION('',(0.,0.,1.));
#7161=DIRECTION('',(1.,0.,0.));
#7162=DIRECTION('',(0.,0.,1.));
#7163=DIRECTION('',(1.,2.02840973830413E-17,0.));
#7164=DIRECTION('center_axis',(0.,0.,1.));
#7165=DIRECTION('ref_axis',(1.,0.,0.));
#7166=DIRECTION('',(0.,-1.,0.));
#7167=DIRECTION('',(0.,1.,0.));
#7168=DIRECTION('',(-0.707106781186611,0.707106781186484,0.));
#7169=DIRECTION('',(-1.,0.,0.));
#7170=DIRECTION('',(0.707106781186611,-0.707106781186484,0.));
#7171=DIRECTION('',(0.707106781186611,-0.707106781186484,0.));
#7172=DIRECTION('',(1.,0.,0.));
#7173=DIRECTION('',(-1.,-8.67361737988403E-17,0.));
#7174=DIRECTION('',(-0.941991607096811,0.335636428534162,0.));
#7175=DIRECTION('',(0.,-1.,0.));
#7176=DIRECTION('',(0.,-1.,0.));
#7177=DIRECTION('',(0.,-1.,0.));
#7178=DIRECTION('',(0.70710678118655,0.707106781186545,0.));
#7179=DIRECTION('',(-0.707106781186549,-0.707106781186546,0.));
#7180=DIRECTION('',(0.,1.,0.));
#7181=DIRECTION('',(0.,-1.,0.));
#7182=DIRECTION('',(0.70710678118655,0.707106781186545,0.));
#7183=DIRECTION('',(-0.707106781186549,0.707106781186546,0.));
#7184=DIRECTION('',(0.,-1.,0.));
#7185=DIRECTION('',(0.70710678118655,-0.707106781186545,0.));
#7186=DIRECTION('',(0.,1.,0.));
#7187=DIRECTION('',(0.,-1.,0.));
#7188=DIRECTION('',(0.70710678118655,0.707106781186545,0.));
#7189=DIRECTION('',(0.70710678118655,-0.707106781186545,0.));
#7190=DIRECTION('',(5.55111512312578E-16,1.,0.));
#7191=DIRECTION('',(-0.707106781186551,-0.707106781186544,0.));
#7192=DIRECTION('',(0.,1.,0.));
#7193=DIRECTION('',(-0.70710678118655,0.707106781186545,0.));
#7194=DIRECTION('',(2.77555756156289E-16,-1.,0.));
#7195=DIRECTION('',(-0.707106781186549,-0.707106781186546,0.));
#7196=DIRECTION('',(0.,1.,0.));
#7197=DIRECTION('',(0.,1.,0.));
#7198=DIRECTION('',(-1.,-1.18952466924124E-17,0.));
#7199=DIRECTION('',(0.941991607096797,-0.335636428534201,0.));
#7200=DIRECTION('',(-0.707106781186611,0.707106781186484,0.));
#7201=DIRECTION('',(-1.,0.,0.));
#7202=DIRECTION('',(1.,-7.70371977754894E-32,0.));
#7203=DIRECTION('',(0.941991607096811,-0.335636428534162,0.));
#7204=DIRECTION('',(2.22044604925031E-15,1.,0.));
#7205=DIRECTION('',(0.,1.,0.));
#7206=DIRECTION('',(0.707106781186561,0.707106781186535,0.));
#7207=DIRECTION('',(0.,-1.,0.));
#7208=DIRECTION('',(0.70710678118656,-0.707106781186535,0.));
#7209=DIRECTION('',(0.,1.,0.));
#7210=DIRECTION('',(0.707106781186549,0.707106781186546,0.));
#7211=DIRECTION('',(0.,-1.,0.));
#7212=DIRECTION('',(-0.707106781186546,0.707106781186549,0.));
#7213=DIRECTION('',(0.,-1.,0.));
#7214=DIRECTION('',(-0.941991607096796,0.335636428534204,0.));
#7215=DIRECTION('',(0.,-1.,0.));
#7216=DIRECTION('',(0.,1.,0.));
#7217=DIRECTION('',(-0.707106781186547,-0.707106781186548,0.));
#7218=DIRECTION('',(-0.707106781186558,0.707106781186537,0.));
#7219=DIRECTION('',(0.,-1.,0.));
#7220=DIRECTION('',(5.55111512312578E-16,1.,0.));
#7221=DIRECTION('',(-0.707106781186558,-0.707106781186537,0.));
#7222=DIRECTION('',(0.707106781186557,0.707106781186538,0.));
#7223=DIRECTION('',(0.,-1.,0.));
#7224=DIRECTION('',(0.707106781186557,-0.707106781186538,0.));
#7225=DIRECTION('',(0.,1.,0.));
#7226=DIRECTION('',(0.,1.,0.));
#7227=DIRECTION('',(-0.707106781186611,-0.707106781186484,0.));
#7228=DIRECTION('center_axis',(0.707106781186484,0.707106781186611,0.));
#7229=DIRECTION('ref_axis',(-0.707106781186611,0.707106781186484,0.));
#7230=DIRECTION('',(0.707106781186611,-0.707106781186484,0.));
#7231=DIRECTION('center_axis',(0.707106781186484,0.707106781186611,0.));
#7232=DIRECTION('ref_axis',(-0.707106781186611,0.707106781186484,0.));
#7233=DIRECTION('',(0.707106781186611,-0.707106781186484,0.));
#7234=DIRECTION('center_axis',(-0.707106781186484,-0.707106781186611,0.));
#7235=DIRECTION('ref_axis',(0.707106781186611,-0.707106781186484,0.));
#7236=DIRECTION('',(0.,0.,1.));
#7237=DIRECTION('',(-0.707106781186611,0.707106781186484,0.));
#7238=DIRECTION('center_axis',(0.,0.,-1.));
#7239=DIRECTION('ref_axis',(-1.,0.,0.));
#7240=DIRECTION('',(-0.707106781186611,0.707106781186484,0.));
#7241=DIRECTION('',(-1.,-1.18952466924124E-17,0.));
#7242=DIRECTION('',(-1.,0.,0.));
#7243=DIRECTION('center_axis',(0.,-1.,0.));
#7244=DIRECTION('ref_axis',(1.,0.,0.));
#7245=DIRECTION('',(1.,0.,0.));
#7246=DIRECTION('',(-1.,0.,0.));
#7247=DIRECTION('center_axis',(0.,0.,1.));
#7248=DIRECTION('ref_axis',(1.,0.,0.));
#7249=DIRECTION('',(0.,1.,0.));
#7250=DIRECTION('',(0.,-1.,0.));
#7251=DIRECTION('',(1.,0.,0.));
#7252=DIRECTION('',(0.,-1.,0.));
#7253=DIRECTION('center_axis',(-1.,0.,0.));
#7254=DIRECTION('ref_axis',(0.,-1.,0.));
#7255=DIRECTION('',(0.,-1.,0.));
#7256=DIRECTION('center_axis',(0.,-1.,0.));
#7257=DIRECTION('ref_axis',(1.,0.,0.));
#7258=DIRECTION('',(1.,0.,0.));
#7259=DIRECTION('',(0.,0.,1.));
#7260=DIRECTION('center_axis',(0.,0.,1.));
#7261=DIRECTION('ref_axis',(1.,0.,0.));
#7262=DIRECTION('',(1.97372982155583E-14,1.,0.));
#7263=DIRECTION('',(0.,-1.,0.));
#7264=DIRECTION('',(0.,-1.,0.));
#7265=DIRECTION('',(1.,0.,0.));
#7266=DIRECTION('',(0.,1.,0.));
#7267=DIRECTION('',(0.70710678118654,-0.707106781186555,0.));
#7268=DIRECTION('center_axis',(-9.38343210054602E-13,-1.,0.));
#7269=DIRECTION('ref_axis',(1.,-9.38343210054602E-13,0.));
#7270=DIRECTION('center_axis',(0.,0.,1.));
#7271=DIRECTION('ref_axis',(1.,0.,0.));
#7272=DIRECTION('',(-0.941991607096811,0.335636428534162,0.));
#7273=DIRECTION('',(-1.,-8.67361737988403E-17,0.));
#7274=DIRECTION('',(0.,1.,0.));
#7275=DIRECTION('',(0.,1.,0.));
#7276=DIRECTION('',(-1.,0.,0.));
#7277=DIRECTION('',(0.,1.,0.));
#7278=DIRECTION('',(0.941991607096797,-0.335636428534201,0.));
#7279=DIRECTION('',(-1.,-1.18952466924124E-17,0.));
#7280=DIRECTION('center_axis',(-1.18952466924124E-17,1.,0.));
#7281=DIRECTION('ref_axis',(-1.,-1.18952466924124E-17,0.));
#7282=DIRECTION('center_axis',(0.707106781186547,0.,0.707106781186548));
#7283=DIRECTION('ref_axis',(0.707106781186548,0.,-0.707106781186547));
#7284=DIRECTION('',(0.,-1.,0.));
#7285=DIRECTION('',(0.707106781186548,0.,-0.707106781186547));
#7286=DIRECTION('center_axis',(0.,1.,0.));
#7287=DIRECTION('ref_axis',(0.,0.,1.));
#7288=DIRECTION('center_axis',(-1.,0.,0.));
#7289=DIRECTION('ref_axis',(0.,-1.,0.));
#7290=DIRECTION('center_axis',(-0.707106781186547,0.,0.707106781186548));
#7291=DIRECTION('ref_axis',(-0.707106781186548,0.,-0.707106781186547));
#7292=DIRECTION('',(0.,1.,0.));
#7293=DIRECTION('',(-0.707106781186548,0.,-0.707106781186547));
#7294=DIRECTION('center_axis',(0.,-1.,0.));
#7295=DIRECTION('ref_axis',(0.,0.,-1.));
#7296=DIRECTION('center_axis',(1.,0.,0.));
#7297=DIRECTION('ref_axis',(0.,1.,0.));
#7298=DIRECTION('center_axis',(0.,0.,-1.));
#7299=DIRECTION('ref_axis',(-1.,0.,0.));
#7300=DIRECTION('',(0.,-1.,0.));
#7301=DIRECTION('',(0.,1.,0.));
#7302=DIRECTION('center_axis',(0.,0.,-1.));
#7303=DIRECTION('ref_axis',(-1.,0.,0.));
#7304=DIRECTION('',(-0.70710678118655,-0.707106781186545,0.));
#7305=DIRECTION('',(0.707106781186549,0.707106781186546,0.));
#7306=DIRECTION('center_axis',(0.,0.,-1.));
#7307=DIRECTION('ref_axis',(-1.,0.,0.));
#7308=DIRECTION('',(0.,-1.,0.));
#7309=DIRECTION('',(0.,1.,0.));
#7310=DIRECTION('center_axis',(0.,0.,-1.));
#7311=DIRECTION('ref_axis',(-1.,0.,0.));
#7312=DIRECTION('',(0.707106781186549,-0.707106781186546,0.));
#7313=DIRECTION('',(-0.70710678118655,0.707106781186545,0.));
#7314=DIRECTION('center_axis',(0.,0.,-1.));
#7315=DIRECTION('ref_axis',(-1.,0.,0.));
#7316=DIRECTION('',(0.,-1.,0.));
#7317=DIRECTION('',(0.,1.,0.));
#7318=DIRECTION('center_axis',(0.,0.,-1.));
#7319=DIRECTION('ref_axis',(-1.,0.,0.));
#7320=DIRECTION('',(-0.70710678118655,-0.707106781186545,0.));
#7321=DIRECTION('',(0.707106781186549,0.707106781186546,0.));
#7322=DIRECTION('center_axis',(0.,0.,-1.));
#7323=DIRECTION('ref_axis',(-1.,0.,0.));
#7324=DIRECTION('',(-5.55111512312578E-16,-1.,0.));
#7325=DIRECTION('',(0.,1.,0.));
#7326=DIRECTION('center_axis',(0.,0.,-1.));
#7327=DIRECTION('ref_axis',(-1.,0.,0.));
#7328=DIRECTION('',(0.70710678118655,-0.707106781186545,0.));
#7329=DIRECTION('',(-0.70710678118655,0.707106781186545,0.));
#7330=DIRECTION('center_axis',(0.,0.,-1.));
#7331=DIRECTION('ref_axis',(-1.,0.,0.));
#7332=DIRECTION('',(0.,-1.,0.));
#7333=DIRECTION('',(-2.77555756156289E-16,1.,0.));
#7334=DIRECTION('center_axis',(0.,0.,-1.));
#7335=DIRECTION('ref_axis',(-1.,0.,0.));
#7336=DIRECTION('',(-0.70710678118655,-0.707106781186545,0.));
#7337=DIRECTION('',(0.707106781186551,0.707106781186544,0.));
#7338=DIRECTION('center_axis',(0.,0.,-1.));
#7339=DIRECTION('ref_axis',(-1.,0.,0.));
#7340=DIRECTION('',(0.,-1.,0.));
#7341=DIRECTION('center_axis',(0.,0.,-1.));
#7342=DIRECTION('ref_axis',(-1.,0.,0.));
#7343=DIRECTION('',(-0.707106781186557,-0.707106781186538,0.));
#7344=DIRECTION('',(0.707106781186611,0.707106781186484,0.));
#7345=DIRECTION('center_axis',(0.,0.,-1.));
#7346=DIRECTION('ref_axis',(-1.,0.,0.));
#7347=DIRECTION('',(0.,-1.,0.));
#7348=DIRECTION('',(0.,1.,0.));
#7349=DIRECTION('center_axis',(0.,0.,-1.));
#7350=DIRECTION('ref_axis',(-1.,0.,0.));
#7351=DIRECTION('',(0.707106781186558,-0.707106781186537,0.));
#7352=DIRECTION('',(-0.707106781186557,0.707106781186538,0.));
#7353=DIRECTION('center_axis',(0.,0.,-1.));
#7354=DIRECTION('ref_axis',(-1.,0.,0.));
#7355=DIRECTION('',(-5.55111512312578E-16,-1.,0.));
#7356=DIRECTION('',(0.,1.,0.));
#7357=DIRECTION('center_axis',(0.,0.,-1.));
#7358=DIRECTION('ref_axis',(-1.,0.,0.));
#7359=DIRECTION('',(-0.707106781186561,-0.707106781186535,0.));
#7360=DIRECTION('',(0.707106781186558,0.707106781186537,0.));
#7361=DIRECTION('center_axis',(0.,0.,-1.));
#7362=DIRECTION('ref_axis',(-1.,0.,0.));
#7363=DIRECTION('',(0.,-1.,0.));
#7364=DIRECTION('',(0.,1.,0.));
#7365=DIRECTION('center_axis',(0.,0.,-1.));
#7366=DIRECTION('ref_axis',(-1.,0.,0.));
#7367=DIRECTION('',(0.707106781186546,-0.707106781186549,0.));
#7368=DIRECTION('',(-0.70710678118656,0.707106781186535,0.));
#7369=DIRECTION('center_axis',(0.,0.,-1.));
#7370=DIRECTION('ref_axis',(-1.,0.,0.));
#7371=DIRECTION('',(0.,-1.,0.));
#7372=DIRECTION('',(0.,1.,0.));
#7373=DIRECTION('center_axis',(0.,0.,-1.));
#7374=DIRECTION('ref_axis',(-1.,0.,0.));
#7375=DIRECTION('',(-0.707106781186549,-0.707106781186546,0.));
#7376=DIRECTION('',(0.707106781186547,0.707106781186548,0.));
#7377=DIRECTION('center_axis',(0.,0.,-1.));
#7378=DIRECTION('ref_axis',(-1.,0.,0.));
#7379=DIRECTION('',(0.,1.,0.));
#7380=DIRECTION('',(-2.22044604925031E-15,-1.,0.));
#7381=DIRECTION('center_axis',(-1.,0.,0.));
#7382=DIRECTION('ref_axis',(0.,-1.,0.));
#7383=DIRECTION('',(0.,0.,1.));
#7384=DIRECTION('center_axis',(0.707106781186546,-0.707106781186549,0.));
#7385=DIRECTION('ref_axis',(0.707106781186549,0.707106781186546,0.));
#7386=DIRECTION('center_axis',(1.,0.,0.));
#7387=DIRECTION('ref_axis',(0.,1.,0.));
#7388=DIRECTION('',(0.,0.,1.));
#7389=DIRECTION('center_axis',(0.707106781186549,0.707106781186546,0.));
#7390=DIRECTION('ref_axis',(-0.707106781186546,0.707106781186549,0.));
#7391=DIRECTION('',(0.,0.,1.));
#7392=DIRECTION('center_axis',(-0.707106781186535,-0.70710678118656,0.));
#7393=DIRECTION('ref_axis',(0.70710678118656,-0.707106781186535,0.));
#7394=DIRECTION('',(0.,0.,1.));
#7395=DIRECTION('center_axis',(1.,0.,0.));
#7396=DIRECTION('ref_axis',(0.,1.,0.));
#7397=DIRECTION('center_axis',(-1.,0.,0.));
#7398=DIRECTION('ref_axis',(0.,-1.,0.));
#7399=DIRECTION('',(0.,0.,1.));
#7400=DIRECTION('center_axis',(0.707106781186535,-0.707106781186561,0.));
#7401=DIRECTION('ref_axis',(0.707106781186561,0.707106781186535,0.));
#7402=DIRECTION('center_axis',(1.,-5.55111512312578E-16,0.));
#7403=DIRECTION('ref_axis',(5.55111512312578E-16,1.,0.));
#7404=DIRECTION('',(0.,0.,1.));
#7405=DIRECTION('center_axis',(0.707106781186537,0.707106781186558,0.));
#7406=DIRECTION('ref_axis',(-0.707106781186558,0.707106781186537,0.));
#7407=DIRECTION('',(0.,0.,1.));
#7408=DIRECTION('center_axis',(-0.707106781186538,-0.707106781186557,0.));
#7409=DIRECTION('ref_axis',(0.707106781186557,-0.707106781186538,0.));
#7410=DIRECTION('',(0.,0.,1.));
#7411=DIRECTION('center_axis',(1.,0.,0.));
#7412=DIRECTION('ref_axis',(0.,1.,0.));
#7413=DIRECTION('center_axis',(-1.,0.,0.));
#7414=DIRECTION('ref_axis',(0.,-1.,0.));
#7415=DIRECTION('',(0.,0.,1.));
#7416=DIRECTION('center_axis',(0.707106781186538,-0.707106781186557,0.));
#7417=DIRECTION('ref_axis',(0.707106781186557,0.707106781186538,0.));
#7418=DIRECTION('center_axis',(1.,0.,0.));
#7419=DIRECTION('ref_axis',(0.,1.,0.));
#7420=DIRECTION('',(0.,0.,1.));
#7421=DIRECTION('center_axis',(-0.707106781186484,-0.707106781186611,0.));
#7422=DIRECTION('ref_axis',(0.707106781186611,-0.707106781186484,0.));
#7423=DIRECTION('center_axis',(-1.,0.,0.));
#7424=DIRECTION('ref_axis',(0.,-1.,0.));
#7425=DIRECTION('',(0.,0.,1.));
#7426=DIRECTION('center_axis',(0.707106781186545,-0.70710678118655,0.));
#7427=DIRECTION('ref_axis',(0.70710678118655,0.707106781186545,0.));
#7428=DIRECTION('center_axis',(1.,0.,0.));
#7429=DIRECTION('ref_axis',(0.,1.,0.));
#7430=DIRECTION('',(0.,0.,1.));
#7431=DIRECTION('center_axis',(0.707106781186545,0.70710678118655,0.));
#7432=DIRECTION('ref_axis',(-0.70710678118655,0.707106781186545,0.));
#7433=DIRECTION('',(0.,0.,1.));
#7434=DIRECTION('center_axis',(-0.707106781186545,-0.70710678118655,0.));
#7435=DIRECTION('ref_axis',(0.70710678118655,-0.707106781186545,0.));
#7436=DIRECTION('',(0.,0.,1.));
#7437=DIRECTION('center_axis',(1.,-5.55111512312578E-16,0.));
#7438=DIRECTION('ref_axis',(5.55111512312578E-16,1.,0.));
#7439=DIRECTION('center_axis',(-1.,0.,0.));
#7440=DIRECTION('ref_axis',(0.,-1.,0.));
#7441=DIRECTION('',(0.,0.,1.));
#7442=DIRECTION('center_axis',(0.707106781186545,-0.70710678118655,0.));
#7443=DIRECTION('ref_axis',(0.70710678118655,0.707106781186545,0.));
#7444=DIRECTION('center_axis',(1.,0.,0.));
#7445=DIRECTION('ref_axis',(0.,1.,0.));
#7446=DIRECTION('',(0.,0.,1.));
#7447=DIRECTION('center_axis',(0.707106781186546,0.707106781186549,0.));
#7448=DIRECTION('ref_axis',(-0.707106781186549,0.707106781186546,0.));
#7449=DIRECTION('',(0.,0.,1.));
#7450=DIRECTION('center_axis',(-0.707106781186545,-0.707106781186551,0.));
#7451=DIRECTION('ref_axis',(0.70710678118655,-0.707106781186545,0.));
#7452=DIRECTION('',(0.,0.,1.));
#7453=DIRECTION('center_axis',(1.,0.,0.));
#7454=DIRECTION('ref_axis',(0.,1.,0.));
#7455=DIRECTION('center_axis',(-1.,0.,0.));
#7456=DIRECTION('ref_axis',(0.,-1.,0.));
#7457=DIRECTION('',(0.,0.,1.));
#7458=DIRECTION('center_axis',(0.707106781186545,-0.70710678118655,0.));
#7459=DIRECTION('ref_axis',(0.70710678118655,0.707106781186545,0.));
#7460=DIRECTION('center_axis',(1.,0.,0.));
#7461=DIRECTION('ref_axis',(0.,1.,0.));
#7462=DIRECTION('',(0.,0.,1.));
#7463=DIRECTION('center_axis',(-1.,0.,0.));
#7464=DIRECTION('ref_axis',(0.,-1.,0.));
#7465=DIRECTION('',(0.,0.,1.));
#7466=DIRECTION('center_axis',(1.,0.,0.));
#7467=DIRECTION('ref_axis',(0.,1.,0.));
#7468=DIRECTION('',(0.,0.,-1.));
#7469=DIRECTION('',(0.,0.,-1.));
#7470=DIRECTION('center_axis',(-7.70371977754894E-32,-1.,0.));
#7471=DIRECTION('ref_axis',(1.,-7.70371977754894E-32,0.));
#7472=DIRECTION('',(0.,0.,1.));
#7473=DIRECTION('center_axis',(-8.67361737988403E-17,1.,0.));
#7474=DIRECTION('ref_axis',(-1.,-8.67361737988403E-17,0.));
#7475=DIRECTION('',(0.,0.,1.));
#7476=DIRECTION('',(0.,0.,-1.));
#7477=DIRECTION('center_axis',(-1.,0.,0.));
#7478=DIRECTION('ref_axis',(0.,-1.,0.));
#7479=DIRECTION('center_axis',(0.,-1.,0.));
#7480=DIRECTION('ref_axis',(1.,0.,0.));
#7481=DIRECTION('center_axis',(-0.5,0.,0.866025403784439));
#7482=DIRECTION('ref_axis',(0.866025403784439,0.,0.5));
#7483=DIRECTION('',(0.827524650983165,-0.294851266494801,0.477771580006181));
#7484=DIRECTION('',(-0.827524650983155,0.294851266494839,-0.477771580006175));
#7485=DIRECTION('center_axis',(1.,0.,0.));
#7486=DIRECTION('ref_axis',(0.,1.,0.));
#7487=DIRECTION('center_axis',(-0.335636428534162,-0.941991607096811,0.));
#7488=DIRECTION('ref_axis',(0.941991607096811,-0.335636428534162,0.));
#7489=DIRECTION('',(0.,0.,1.));
#7490=DIRECTION('center_axis',(1.,-2.22044604925031E-15,0.));
#7491=DIRECTION('ref_axis',(2.22044604925031E-15,1.,0.));
#7492=DIRECTION('center_axis',(-1.,0.,0.));
#7493=DIRECTION('ref_axis',(0.,-1.,0.));
#7494=DIRECTION('center_axis',(-1.,0.,0.));
#7495=DIRECTION('ref_axis',(0.,-1.,0.));
#7496=DIRECTION('',(0.,0.,1.));
#7497=DIRECTION('center_axis',(0.335636428534204,0.941991607096796,0.));
#7498=DIRECTION('ref_axis',(-0.941991607096796,0.335636428534204,0.));
#7499=DIRECTION('center_axis',(-0.707106781186546,0.707106781186549,0.));
#7500=DIRECTION('ref_axis',(-0.707106781186549,-0.707106781186546,0.));
#7501=DIRECTION('center_axis',(-0.707106781186548,0.707106781186547,0.));
#7502=DIRECTION('ref_axis',(-0.707106781186547,-0.707106781186548,0.));
#7503=DIRECTION('center_axis',(-1.,0.,0.));
#7504=DIRECTION('ref_axis',(0.,-1.,0.));
#7505=DIRECTION('center_axis',(-1.,0.,0.));
#7506=DIRECTION('ref_axis',(0.,-1.,0.));
#7507=DIRECTION('center_axis',(-0.707106781186537,0.707106781186558,0.));
#7508=DIRECTION('ref_axis',(-0.707106781186558,-0.707106781186537,0.));
#7509=DIRECTION('center_axis',(0.335636428534162,0.941991607096811,0.));
#7510=DIRECTION('ref_axis',(-0.941991607096811,0.335636428534162,0.));
#7511=DIRECTION('center_axis',(-0.707106781186544,0.707106781186551,0.));
#7512=DIRECTION('ref_axis',(-0.707106781186551,-0.707106781186544,0.));
#7513=DIRECTION('center_axis',(-1.,-2.77555756156289E-16,0.));
#7514=DIRECTION('ref_axis',(2.77555756156289E-16,-1.,0.));
#7515=DIRECTION('center_axis',(-0.707106781186484,0.707106781186611,0.));
#7516=DIRECTION('ref_axis',(-0.707106781186611,-0.707106781186484,0.));
#7517=DIRECTION('center_axis',(-0.707106781186546,0.707106781186549,0.));
#7518=DIRECTION('ref_axis',(-0.707106781186549,-0.707106781186546,0.));
#7519=DIRECTION('center_axis',(-1.18952466924124E-17,1.,0.));
#7520=DIRECTION('ref_axis',(-1.,-1.18952466924124E-17,0.));
#7521=DIRECTION('',(0.,0.,1.));
#7522=DIRECTION('',(0.,0.,1.));
#7523=DIRECTION('center_axis',(-0.335636428534201,-0.941991607096797,0.));
#7524=DIRECTION('ref_axis',(0.941991607096797,-0.335636428534201,0.));
#7525=DIRECTION('',(0.,0.,1.));
#7526=DIRECTION('center_axis',(1.,0.,0.));
#7527=DIRECTION('ref_axis',(0.,1.,0.));
#7528=DIRECTION('center_axis',(1.,0.,0.));
#7529=DIRECTION('ref_axis',(0.,1.,0.));
#7530=CARTESIAN_POINT('',(0.,0.,0.));
#7531=CARTESIAN_POINT('Origin',(-1.60000503014691,-1.60000503014593,5.));
#7532=CARTESIAN_POINT('',(-67.5751288694036,4.,5.));
#7533=CARTESIAN_POINT('',(-67.5751288694036,5.20000000000006,5.));
#7534=CARTESIAN_POINT('',(-67.5751288694036,1.49999748492661,5.));
#7535=CARTESIAN_POINT('',(-5.19999999993717,3.99999999999999,5.));
#7536=CARTESIAN_POINT('',(-69.525,4.,5.));
#7537=CARTESIAN_POINT('',(-5.19999999993717,-67.5751288694026,5.));
#7538=CARTESIAN_POINT('',(-5.19999999993717,5.19999999993507,5.));
#7539=CARTESIAN_POINT('',(-4.00000000000099,-67.5751288694026,5.));
#7540=CARTESIAN_POINT('',(-3.10000251507353,-67.5751288694026,5.));
#7541=CARTESIAN_POINT('',(-4.00000000000098,3.99999999999999,5.));
#7542=CARTESIAN_POINT('',(-4.00000000000099,-69.524999999999,5.));
#7543=CARTESIAN_POINT('',(64.3751288694036,3.99999999999999,5.));
#7544=CARTESIAN_POINT('',(5.20000000007146,3.99999999999999,5.));
#7545=CARTESIAN_POINT('',(64.3751288694036,5.19999999994427,5.));
#7546=CARTESIAN_POINT('',(64.3751288694036,0.499997484926609,5.));
#7547=CARTESIAN_POINT('',(-4.00000000000098,5.19999999993507,5.));
#7548=CARTESIAN_POINT('',(66.8,5.19999999986864,5.));
#7549=CARTESIAN_POINT('',(-4.00000000000097,64.3751288694045,5.));
#7550=CARTESIAN_POINT('',(-4.00000000000098,5.19999999993507,5.));
#7551=CARTESIAN_POINT('',(-5.19999999994524,64.3751288694045,5.));
#7552=CARTESIAN_POINT('',(-2.10000251507351,64.3751288694045,5.));
#7553=CARTESIAN_POINT('',(-5.19999999993717,5.19999999993507,5.));
#7554=CARTESIAN_POINT('',(-5.19999999986961,66.800000000001,5.));
#7555=CARTESIAN_POINT('',(-5.19999999992742,5.1999999999362,5.));
#7556=CARTESIAN_POINT('Ctrl Pts',(-70.,3.525,0.203248557872772));
#7557=CARTESIAN_POINT('Ctrl Pts',(-70.,3.525,2.26883237191518));
#7558=CARTESIAN_POINT('Ctrl Pts',(-70.,3.525,4.3344161859576));
#7559=CARTESIAN_POINT('Ctrl Pts',(-70.,3.525,6.40000000000001));
#7560=CARTESIAN_POINT('Ctrl Pts',(-70.,3.60180791734503,0.203248557872772));
#7561=CARTESIAN_POINT('Ctrl Pts',(-70.,3.60180791734503,2.26883237191519));
#7562=CARTESIAN_POINT('Ctrl Pts',(-70.,3.60180791734503,4.33441618595759));
#7563=CARTESIAN_POINT('Ctrl Pts',(-70.,3.60180791734503,6.40000000000001));
#7564=CARTESIAN_POINT('Ctrl Pts',(-69.973561603568,3.75054767684529,0.203248557872772));
#7565=CARTESIAN_POINT('Ctrl Pts',(-69.973561603568,3.75054767684529,2.26883237191518));
#7566=CARTESIAN_POINT('Ctrl Pts',(-69.973561603568,3.75054767684529,4.3344161859576));
#7567=CARTESIAN_POINT('Ctrl Pts',(-69.973561603568,3.75054767684529,6.40000000000001));
#7568=CARTESIAN_POINT('Ctrl Pts',(-69.8230605577937,3.94824743204126,0.203248557872773));
#7569=CARTESIAN_POINT('Ctrl Pts',(-69.8230605577937,3.94824743204126,2.26883237191519));
#7570=CARTESIAN_POINT('Ctrl Pts',(-69.8230605577937,3.94824743204126,4.33441618595759));
#7571=CARTESIAN_POINT('Ctrl Pts',(-69.8230605577937,3.94824743204126,6.40000000000001));
#7572=CARTESIAN_POINT('Ctrl Pts',(-69.6402118760176,4.,0.203248557872773));
#7573=CARTESIAN_POINT('Ctrl Pts',(-69.6402118760176,4.,2.26883237191518));
#7574=CARTESIAN_POINT('Ctrl Pts',(-69.6402118760176,4.,4.3344161859576));
#7575=CARTESIAN_POINT('Ctrl Pts',(-69.6402118760176,4.,6.40000000000001));
#7576=CARTESIAN_POINT('Ctrl Pts',(-69.525,4.,0.203248557872773));
#7577=CARTESIAN_POINT('Ctrl Pts',(-69.525,4.,2.26883237191518));
#7578=CARTESIAN_POINT('Ctrl Pts',(-69.525,4.,4.3344161859576));
#7579=CARTESIAN_POINT('Ctrl Pts',(-69.525,4.,6.40000000000001));
#7580=CARTESIAN_POINT('',(-69.525,4.,0.203248557872773));
#7581=CARTESIAN_POINT('',(-69.525,4.,6.12575862213494));
#7582=CARTESIAN_POINT('Ctrl Pts',(-69.525,4.,0.203248557872773));
#7583=CARTESIAN_POINT('Ctrl Pts',(-69.525,4.,2.17741857929349));
#7584=CARTESIAN_POINT('Ctrl Pts',(-69.525,4.,4.15158860071421));
#7585=CARTESIAN_POINT('Ctrl Pts',(-69.5249999999999,4.,6.12575862213493));
#7586=CARTESIAN_POINT('',(-70.,3.525,6.4));
#7587=CARTESIAN_POINT('Ctrl Pts',(-69.525,4.,6.12575862213493));
#7588=CARTESIAN_POINT('Ctrl Pts',(-69.5499558566679,4.,6.14016689270002));
#7589=CARTESIAN_POINT('Ctrl Pts',(-69.5742302442756,3.99854722591036,6.15418186986006));
#7590=CARTESIAN_POINT('Ctrl Pts',(-69.5977471007709,3.99575246062211,6.16776361262496));
#7591=CARTESIAN_POINT('Ctrl Pts',(-69.621814614,3.99289225477104,6.18166337740568));
#7592=CARTESIAN_POINT('Ctrl Pts',(-69.6450899574032,3.98862652634606,6.19510938153881));
#7593=CARTESIAN_POINT('Ctrl Pts',(-69.6675084466373,3.9830216422767,6.20805881212135));
#7594=CARTESIAN_POINT('Ctrl Pts',(-69.6898994242323,3.97742363643834,6.22099235135383));
#7595=CARTESIAN_POINT('Ctrl Pts',(-69.7114368656354,3.97048966293791,6.23343053506337));
#7596=CARTESIAN_POINT('Ctrl Pts',(-69.7320542124364,3.96223487206044,6.2453307077717));
#7597=CARTESIAN_POINT('Ctrl Pts',(-69.7381359242778,3.95979987109195,6.24884102468949));
#7598=CARTESIAN_POINT('Ctrl Pts',(-69.744137496028,3.95724960814897,6.25230452744226));
#7599=CARTESIAN_POINT('Ctrl Pts',(-69.7500569508798,3.9545836375989,6.25572012118158));
#7600=CARTESIAN_POINT('Ctrl Pts',(-69.7680146088693,3.94649596930064,6.26608189701012));
#7601=CARTESIAN_POINT('Ctrl Pts',(-69.7854510534075,3.93724131992773,6.27614596943563));
#7602=CARTESIAN_POINT('Ctrl Pts',(-69.8022234563929,3.92670874387598,6.28582616430092));
#7603=CARTESIAN_POINT('Ctrl Pts',(-69.8125854553661,3.92020171311075,6.29180659354183));
#7604=CARTESIAN_POINT('Ctrl Pts',(-69.822693301326,3.91320636155805,6.2976405053708));
#7605=CARTESIAN_POINT('Ctrl Pts',(-69.8325050376229,3.90569076300712,6.30330757987627));
#7606=CARTESIAN_POINT('Ctrl Pts',(-69.8493076732965,3.89282027194433,6.3130124664905));
#7607=CARTESIAN_POINT('Ctrl Pts',(-69.8652443685897,3.87842351997286,6.32222807441496));
#7608=CARTESIAN_POINT('Ctrl Pts',(-69.8801630477164,3.86248718079768,6.33085235284255));
#7609=CARTESIAN_POINT('Ctrl Pts',(-69.8820984901042,3.86041971449695,6.33197120484621));
#7610=CARTESIAN_POINT('Ctrl Pts',(-69.8840167268027,3.85832632930722,6.33308010441617));
#7611=CARTESIAN_POINT('Ctrl Pts',(-69.8859173597404,3.8562069920257,6.33417882872632));
#7612=CARTESIAN_POINT('Ctrl Pts',(-69.9008875146035,3.83951423316534,6.342832826428));
#7613=CARTESIAN_POINT('Ctrl Pts',(-69.9144676352301,3.82155146715828,6.35067216811494));
#7614=CARTESIAN_POINT('Ctrl Pts',(-69.9266157152451,3.80242253817122,6.35767371748095));
#7615=CARTESIAN_POINT('Ctrl Pts',(-69.9387637952601,3.78329360918416,6.36467526684696));
#7616=CARTESIAN_POINT('Ctrl Pts',(-69.949480421593,3.76299751371364,6.37083902389204));
#7617=CARTESIAN_POINT('Ctrl Pts',(-69.9586710532797,3.74160555914108,6.37614185231));
#7618=CARTESIAN_POINT('Ctrl Pts',(-69.9612298865669,3.73564966325652,6.37761825288125));
#7619=CARTESIAN_POINT('Ctrl Pts',(-69.9636700802517,3.72960867452747,6.3790279174163));
#7620=CARTESIAN_POINT('Ctrl Pts',(-69.9659922090688,3.72348470979151,6.38037034658945));
#7621=CARTESIAN_POINT('Ctrl Pts',(-69.9741466748585,3.70197958889978,6.38508446610223));
#7622=CARTESIAN_POINT('Ctrl Pts',(-69.9807141120767,3.67980832213097,6.3888910174013));
#7623=CARTESIAN_POINT('Ctrl Pts',(-69.9858337267863,3.65714876967748,6.3918518034026));
#7624=CARTESIAN_POINT('Ctrl Pts',(-69.9880403558627,3.64738217001385,6.39312794562225));
#7625=CARTESIAN_POINT('Ctrl Pts',(-69.9899775053726,3.63752439074509,6.39424696693456));
#7626=CARTESIAN_POINT('Ctrl Pts',(-69.9916540845623,3.62758781764828,6.39521381597132));
#7627=CARTESIAN_POINT('Ctrl Pts',(-69.9958624633141,3.60264604135682,6.39764070219735));
#7628=CARTESIAN_POINT('Ctrl Pts',(-69.9984045322663,3.57737042877585,6.39909348654968));
#7629=CARTESIAN_POINT('Ctrl Pts',(-69.9994487343066,3.55198834941628,6.39968725612306));
#7630=CARTESIAN_POINT('Ctrl Pts',(-69.9998183878037,3.54300294808784,6.39989745394956));
#7631=CARTESIAN_POINT('Ctrl Pts',(-70.,3.53400383730688,6.40000000000001));
#7632=CARTESIAN_POINT('Ctrl Pts',(-70.,3.525,6.40000000000001));
#7633=CARTESIAN_POINT('',(-70.,3.525,0.400000000000002));
#7634=CARTESIAN_POINT('Ctrl Pts',(-70.,3.525,6.40000000000001));
#7635=CARTESIAN_POINT('Ctrl Pts',(-70.,3.525,4.40000000000001));
#7636=CARTESIAN_POINT('Ctrl Pts',(-70.,3.525,2.4));
#7637=CARTESIAN_POINT('Ctrl Pts',(-70.,3.525,0.400000000000002));
#7638=CARTESIAN_POINT('Ctrl Pts',(-70.,3.525,0.400000000000002));
#7639=CARTESIAN_POINT('Ctrl Pts',(-70.,3.55004979619675,0.400000000000001));
#7640=CARTESIAN_POINT('Ctrl Pts',(-69.9985971578061,3.57501258428382,0.399430548166164));
#7641=CARTESIAN_POINT('Ctrl Pts',(-69.9956572694264,3.59970747854463,0.398218755142796));
#7642=CARTESIAN_POINT('Ctrl Pts',(-69.9929186292268,3.62271189960221,0.397089914636341));
#7643=CARTESIAN_POINT('Ctrl Pts',(-69.9888460492201,3.64548425001248,0.39540366504102));
#7644=CARTESIAN_POINT('Ctrl Pts',(-69.9832987011889,3.66784862600342,0.39310108448669));
#7645=CARTESIAN_POINT('Ctrl Pts',(-69.9787361320152,3.68624282299839,0.391207263691946));
#7646=CARTESIAN_POINT('Ctrl Pts',(-69.9731754328338,3.70436071547197,0.388896513920349));
#7647=CARTESIAN_POINT('Ctrl Pts',(-69.9665205165442,3.72208459014943,0.38613605217388));
#7648=CARTESIAN_POINT('Ctrl Pts',(-69.9640444386133,3.72867906752971,0.385108974129294));
#7649=CARTESIAN_POINT('Ctrl Pts',(-69.9614285902457,3.73518716402742,0.384024651632264));
#7650=CARTESIAN_POINT('Ctrl Pts',(-69.9586710532797,3.74160555914108,0.382883076035669));
#7651=CARTESIAN_POINT('Ctrl Pts',(-69.9498929321839,3.76203736123192,0.379249076219774));
#7652=CARTESIAN_POINT('Ctrl Pts',(-69.9396822913425,3.78156234594192,0.375034900813624));
#7653=CARTESIAN_POINT('Ctrl Pts',(-69.9280855563335,3.80009115371423,0.370240270876352));
#7654=CARTESIAN_POINT('Ctrl Pts',(-69.9167186405339,3.81825276537918,0.36554065889549));
#7655=CARTESIAN_POINT('Ctrl Pts',(-69.904019511777,3.8354579824987,0.360283370824643));
#7656=CARTESIAN_POINT('Ctrl Pts',(-69.8899947191047,3.85158939754686,0.354468143980261));
#7657=CARTESIAN_POINT('Ctrl Pts',(-69.8877739732666,3.85414371500938,0.353547336014388));
#7658=CARTESIAN_POINT('Ctrl Pts',(-69.8855199208953,3.85667102770541,0.352612538897531));
#7659=CARTESIAN_POINT('Ctrl Pts',(-69.8832325128624,3.85917077305978,0.351663751586796));
#7660=CARTESIAN_POINT('Ctrl Pts',(-69.8683864893008,3.8753949350356,0.345505812745925));
#7661=CARTESIAN_POINT('Ctrl Pts',(-69.8524437898102,3.89012640168062,0.338889622659978));
#7662=CARTESIAN_POINT('Ctrl Pts',(-69.8355290156128,3.90335060244915,0.331878515161784));
#7663=CARTESIAN_POINT('Ctrl Pts',(-69.8345244590825,3.90413597842191,0.331462130423842));
#7664=CARTESIAN_POINT('Ctrl Pts',(-69.8335164595051,3.9049160335808,0.33104435277725));
#7665=CARTESIAN_POINT('Ctrl Pts',(-69.8325050376229,3.90569076300712,0.330625195488626));
#7666=CARTESIAN_POINT('Ctrl Pts',(-69.8162735861903,3.91812373808662,0.323898495886431));
#7667=CARTESIAN_POINT('Ctrl Pts',(-69.7991643653737,3.92918793689294,0.316816478914032));
#7668=CARTESIAN_POINT('Ctrl Pts',(-69.7813310333999,3.9389918102023,0.309433976728958));
#7669=CARTESIAN_POINT('Ctrl Pts',(-69.7741528169193,3.94293803433282,0.306462395258339));
#7670=CARTESIAN_POINT('Ctrl Pts',(-69.7668567999951,3.94667967814534,0.303442129231063));
#7671=CARTESIAN_POINT('Ctrl Pts',(-69.7594512409325,3.95022229498041,0.300376754564766));
#7672=CARTESIAN_POINT('Ctrl Pts',(-69.7396579903133,3.9596908445216,0.292183756777716));
#7673=CARTESIAN_POINT('Ctrl Pts',(-69.7192746336933,3.96764916175035,0.283746223190083));
#7674=CARTESIAN_POINT('Ctrl Pts',(-69.6985105672054,3.97424276871119,0.275144474837512));
#7675=CARTESIAN_POINT('Ctrl Pts',(-69.6823045679261,3.97938896633666,0.268430957151402));
#7676=CARTESIAN_POINT('Ctrl Pts',(-69.6658654796089,3.98370324482588,0.261617407451518));
#7677=CARTESIAN_POINT('Ctrl Pts',(-69.6492742821514,3.98724327086157,0.254742013087077));
#7678=CARTESIAN_POINT('Ctrl Pts',(-69.6248000900862,3.99246527351296,0.244599904741423));
#7679=CARTESIAN_POINT('Ctrl Pts',(-69.5999874576901,3.99600498379175,0.23431928520859));
#7680=CARTESIAN_POINT('Ctrl Pts',(-69.5750770776147,3.99800803372619,0.223996774155052));
#7681=CARTESIAN_POINT('Ctrl Pts',(-69.5596438727214,3.99924902161783,0.217601471168093));
#7682=CARTESIAN_POINT('Ctrl Pts',(-69.5441721367713,3.99989961656574,0.211190088491492));
#7683=CARTESIAN_POINT('Ctrl Pts',(-69.5287107112538,3.99998925041892,0.204785603099531));
#7684=CARTESIAN_POINT('Ctrl Pts',(-69.5274738342495,3.99999642091246,0.204273259609794));
#7685=CARTESIAN_POINT('Ctrl Pts',(-69.5262369222206,4.,0.20376090783216));
#7686=CARTESIAN_POINT('Ctrl Pts',(-69.525,4.,0.203248557872773));
#7687=CARTESIAN_POINT('Origin',(-55.5736666581657,4.,4.));
#7688=CARTESIAN_POINT('',(-66.3569919683566,4.,4.29670833227072));
#7689=CARTESIAN_POINT('',(-69.7282485578728,4.,-2.77555756156289E-16));
#7690=CARTESIAN_POINT('Ctrl Pts',(-69.7282485578728,4.,-3.90659726789977E-15));
#7691=CARTESIAN_POINT('Ctrl Pts',(-69.6604990385818,4.,0.067749519290927));
#7692=CARTESIAN_POINT('Ctrl Pts',(-69.5927495192909,4.,0.135499038581858));
#7693=CARTESIAN_POINT('Ctrl Pts',(-69.525,4.,0.203248557872789));
#7694=CARTESIAN_POINT('',(-55.5736666581657,4.,0.));
#7695=CARTESIAN_POINT('',(-35.1,4.,0.));
#7696=CARTESIAN_POINT('',(-55.5736666581657,4.,3.));
#7697=CARTESIAN_POINT('',(-55.5736666581657,4.,0.));
#7698=CARTESIAN_POINT('',(-54.7336666581657,4.,3.));
#7699=CARTESIAN_POINT('',(-55.5736666581657,4.,3.));
#7700=CARTESIAN_POINT('',(-54.7336666581657,4.,0.));
#7701=CARTESIAN_POINT('',(-54.7336666581657,4.,0.));
#7702=CARTESIAN_POINT('',(-46.7336666581657,4.,0.));
#7703=CARTESIAN_POINT('',(54.7336666581657,4.,0.));
#7704=CARTESIAN_POINT('',(-46.7336666581657,4.,3.));
#7705=CARTESIAN_POINT('',(-46.7336666581657,4.,0.));
#7706=CARTESIAN_POINT('',(-45.5457272657723,4.,3.));
#7707=CARTESIAN_POINT('',(-55.5736666581657,4.,3.));
#7708=CARTESIAN_POINT('',(-44.7057272657723,4.,3.));
#7709=CARTESIAN_POINT('',(-55.5736666581657,4.,3.));
#7710=CARTESIAN_POINT('',(-43.5177878733788,4.,3.));
#7711=CARTESIAN_POINT('',(-55.5736666581657,4.,3.));
#7712=CARTESIAN_POINT('',(-43.5177878733788,4.,0.));
#7713=CARTESIAN_POINT('',(-43.5177878733788,4.,0.));
#7714=CARTESIAN_POINT('',(-35.5177878733788,4.,0.));
#7715=CARTESIAN_POINT('',(54.7336666581657,4.,0.));
#7716=CARTESIAN_POINT('',(-35.5177878733788,4.,3.));
#7717=CARTESIAN_POINT('',(-35.5177878733788,4.,0.));
#7718=CARTESIAN_POINT('',(-34.6777878733788,4.,3.));
#7719=CARTESIAN_POINT('',(-55.5736666581657,4.,3.));
#7720=CARTESIAN_POINT('',(-34.6777878733788,4.,0.));
#7721=CARTESIAN_POINT('',(-34.6777878733788,4.,0.));
#7722=CARTESIAN_POINT('',(-26.6777878733788,4.,0.));
#7723=CARTESIAN_POINT('',(54.7336666581657,4.,0.));
#7724=CARTESIAN_POINT('',(-26.6777878733788,4.,3.));
#7725=CARTESIAN_POINT('',(-26.6777878733788,4.,0.));
#7726=CARTESIAN_POINT('',(-25.4898484809853,4.,3.));
#7727=CARTESIAN_POINT('',(-55.5736666581657,4.,3.));
#7728=CARTESIAN_POINT('',(-24.6498484809854,4.,3.));
#7729=CARTESIAN_POINT('',(-55.5736666581657,4.,3.));
#7730=CARTESIAN_POINT('',(-23.461909088592,4.,3.));
#7731=CARTESIAN_POINT('',(-55.5736666581657,4.,3.));
#7732=CARTESIAN_POINT('',(-23.461909088592,4.,0.));
#7733=CARTESIAN_POINT('',(-23.461909088592,4.,0.));
#7734=CARTESIAN_POINT('',(-15.4619090885919,4.,0.));
#7735=CARTESIAN_POINT('',(54.7336666581657,4.,0.));
#7736=CARTESIAN_POINT('',(-15.4619090885919,4.,3.));
#7737=CARTESIAN_POINT('',(-15.4619090885919,4.,0.));
#7738=CARTESIAN_POINT('',(-14.6219090885919,4.,3.));
#7739=CARTESIAN_POINT('',(-55.5736666581657,4.,3.));
#7740=CARTESIAN_POINT('',(-14.6219090885919,4.,0.));
#7741=CARTESIAN_POINT('',(-14.6219090885919,4.,0.));
#7742=CARTESIAN_POINT('',(-6.62190908859184,4.,0.));
#7743=CARTESIAN_POINT('',(54.7336666581657,4.,0.));
#7744=CARTESIAN_POINT('',(-6.62190908859184,4.,3.));
#7745=CARTESIAN_POINT('',(-6.62190908859184,4.,0.));
#7746=CARTESIAN_POINT('',(-5.43396969619844,4.,3.));
#7747=CARTESIAN_POINT('',(-55.5736666581657,4.,3.));
#7748=CARTESIAN_POINT('',(-5.19999999992854,4.,3.));
#7749=CARTESIAN_POINT('',(-55.5736666581657,4.,3.));
#7750=CARTESIAN_POINT('',(-5.19999999992854,4.,2.));
#7751=CARTESIAN_POINT('Origin',(-63.7532144212545,4.59999999999915,2.79341666454143));
#7752=CARTESIAN_POINT('',(-70.,5.199999999997,6.4));
#7753=CARTESIAN_POINT('',(-60.9471169651687,5.19999999999829,1.17331554289798));
#7754=CARTESIAN_POINT('',(-70.,-1.11022302462516E-15,6.4));
#7755=CARTESIAN_POINT('Origin',(73.2,5.19999999986263,0.));
#7756=CARTESIAN_POINT('',(-5.19999999992742,5.1999999999362,0.));
#7757=CARTESIAN_POINT('',(-5.19999999992742,5.19999999993619,0.));
#7758=CARTESIAN_POINT('',(-72.7249999999995,5.19999999999956,2.77555756156289E-16));
#7759=CARTESIAN_POINT('',(-73.2,5.2,0.));
#7760=CARTESIAN_POINT('',(-72.7249999999995,5.19999999999956,6.4));
#7761=CARTESIAN_POINT('Ctrl Pts',(-72.7249999999995,5.19999999999956,6.4));
#7762=CARTESIAN_POINT('Ctrl Pts',(-72.7249999999995,5.19999999999956,4.26666666666667));
#7763=CARTESIAN_POINT('Ctrl Pts',(-72.7249999999995,5.19999999999956,2.13333333333333));
#7764=CARTESIAN_POINT('Ctrl Pts',(-72.7249999999995,5.19999999999956,0.));
#7765=CARTESIAN_POINT('',(-71.6,5.19999999999829,6.4));
#7766=CARTESIAN_POINT('Origin',(-2.60000000000012,61.9388550673106,3.59341666454143));
#7767=CARTESIAN_POINT('',(-4.00000000000098,66.800000000001,6.4));
#7768=CARTESIAN_POINT('',(-4.00000000000098,60.5784528163711,2.80798805875532));
#7769=CARTESIAN_POINT('',(-5.19999999986961,66.800000000001,6.4));
#7770=CARTESIAN_POINT('',(-4.00000000000098,66.800000000001,6.4));
#7771=CARTESIAN_POINT('',(-5.19999999999926,63.8498122913851,4.69670833227071));
#7772=CARTESIAN_POINT('Ctrl Pts',(-3.52500000000099,-69.999999999999,0.203248557872772));
#7773=CARTESIAN_POINT('Ctrl Pts',(-3.52500000000099,-69.999999999999,2.26883237191518));
#7774=CARTESIAN_POINT('Ctrl Pts',(-3.52500000000099,-69.999999999999,4.3344161859576));
#7775=CARTESIAN_POINT('Ctrl Pts',(-3.52500000000099,-69.999999999999,6.40000000000001));
#7776=CARTESIAN_POINT('Ctrl Pts',(-3.60180791734602,-69.999999999999,0.203248557872772));
#7777=CARTESIAN_POINT('Ctrl Pts',(-3.60180791734602,-69.999999999999,2.26883237191519));
#7778=CARTESIAN_POINT('Ctrl Pts',(-3.60180791734602,-69.999999999999,4.33441618595759));
#7779=CARTESIAN_POINT('Ctrl Pts',(-3.60180791734602,-69.999999999999,6.40000000000001));
#7780=CARTESIAN_POINT('Ctrl Pts',(-3.75054767684628,-69.973561603567,0.203248557872772));
#7781=CARTESIAN_POINT('Ctrl Pts',(-3.75054767684628,-69.973561603567,2.26883237191518));
#7782=CARTESIAN_POINT('Ctrl Pts',(-3.75054767684628,-69.973561603567,4.3344161859576));
#7783=CARTESIAN_POINT('Ctrl Pts',(-3.75054767684628,-69.973561603567,6.40000000000001));
#7784=CARTESIAN_POINT('Ctrl Pts',(-3.94824743204225,-69.8230605577927,0.203248557872773));
#7785=CARTESIAN_POINT('Ctrl Pts',(-3.94824743204225,-69.8230605577927,2.26883237191519));
#7786=CARTESIAN_POINT('Ctrl Pts',(-3.94824743204225,-69.8230605577927,4.33441618595759));
#7787=CARTESIAN_POINT('Ctrl Pts',(-3.94824743204225,-69.8230605577927,6.40000000000001));
#7788=CARTESIAN_POINT('Ctrl Pts',(-4.00000000000099,-69.6402118760166,0.203248557872773));
#7789=CARTESIAN_POINT('Ctrl Pts',(-4.00000000000099,-69.6402118760166,2.26883237191518));
#7790=CARTESIAN_POINT('Ctrl Pts',(-4.00000000000099,-69.6402118760166,4.3344161859576));
#7791=CARTESIAN_POINT('Ctrl Pts',(-4.00000000000099,-69.6402118760166,6.40000000000001));
#7792=CARTESIAN_POINT('Ctrl Pts',(-4.00000000000099,-69.524999999999,0.203248557872773));
#7793=CARTESIAN_POINT('Ctrl Pts',(-4.00000000000099,-69.524999999999,2.26883237191518));
#7794=CARTESIAN_POINT('Ctrl Pts',(-4.00000000000099,-69.524999999999,4.3344161859576));
#7795=CARTESIAN_POINT('Ctrl Pts',(-4.00000000000099,-69.524999999999,6.40000000000001));
#7796=CARTESIAN_POINT('',(-4.00000000000099,-69.524999999999,0.203248557872773));
#7797=CARTESIAN_POINT('',(-4.00000000000099,-69.524999999999,6.12575862213494));
#7798=CARTESIAN_POINT('Ctrl Pts',(-4.00000000000099,-69.524999999999,0.203248557872773));
#7799=CARTESIAN_POINT('Ctrl Pts',(-4.00000000000099,-69.524999999999,2.17741857929349));
#7800=CARTESIAN_POINT('Ctrl Pts',(-4.00000000000099,-69.524999999999,4.15158860071421));
#7801=CARTESIAN_POINT('Ctrl Pts',(-4.00000000000099,-69.524999999999,6.12575862213493));
#7802=CARTESIAN_POINT('',(-3.52500000000099,-69.999999999999,6.4));
#7803=CARTESIAN_POINT('Ctrl Pts',(-4.00000000000099,-69.524999999999,6.12575862213493));
#7804=CARTESIAN_POINT('Ctrl Pts',(-4.00000000000099,-69.5499558566669,6.14016689270002));
#7805=CARTESIAN_POINT('Ctrl Pts',(-3.99854722591135,-69.5742302442746,6.15418186986005));
#7806=CARTESIAN_POINT('Ctrl Pts',(-3.9957524606231,-69.5977471007699,6.16776361262496));
#7807=CARTESIAN_POINT('Ctrl Pts',(-3.99289225477203,-69.621814613999,6.18166337740567));
#7808=CARTESIAN_POINT('Ctrl Pts',(-3.98862652634706,-69.6450899574022,6.1951093815388));
#7809=CARTESIAN_POINT('Ctrl Pts',(-3.9830216422777,-69.6675084466363,6.20805881212134));
#7810=CARTESIAN_POINT('Ctrl Pts',(-3.97742363643933,-69.6898994242313,6.22099235135382));
#7811=CARTESIAN_POINT('Ctrl Pts',(-3.9704896629389,-69.7114368656344,6.23343053506335));
#7812=CARTESIAN_POINT('Ctrl Pts',(-3.96223487206143,-69.7320542124354,6.24533070777169));
#7813=CARTESIAN_POINT('Ctrl Pts',(-3.95979987109294,-69.7381359242768,6.24884102468948));
#7814=CARTESIAN_POINT('Ctrl Pts',(-3.95724960814996,-69.744137496027,6.25230452744226));
#7815=CARTESIAN_POINT('Ctrl Pts',(-3.95458363759989,-69.7500569508788,6.25572012118158));
#7816=CARTESIAN_POINT('Ctrl Pts',(-3.94649596930163,-69.7680146088683,6.26608189701012));
#7817=CARTESIAN_POINT('Ctrl Pts',(-3.93724131992872,-69.7854510534065,6.27614596943563));
#7818=CARTESIAN_POINT('Ctrl Pts',(-3.92670874387697,-69.8022234563919,6.28582616430092));
#7819=CARTESIAN_POINT('Ctrl Pts',(-3.92020171311174,-69.8125854553651,6.29180659354183));
#7820=CARTESIAN_POINT('Ctrl Pts',(-3.91320636155904,-69.822693301325,6.2976405053708));
#7821=CARTESIAN_POINT('Ctrl Pts',(-3.90569076300811,-69.8325050376219,6.30330757987627));
#7822=CARTESIAN_POINT('Ctrl Pts',(-3.89282027194532,-69.8493076732955,6.3130124664905));
#7823=CARTESIAN_POINT('Ctrl Pts',(-3.87842351997384,-69.8652443685887,6.32222807441496));
#7824=CARTESIAN_POINT('Ctrl Pts',(-3.86248718079867,-69.8801630477154,6.33085235284255));
#7825=CARTESIAN_POINT('Ctrl Pts',(-3.86041971449794,-69.8820984901032,6.33197120484621));
#7826=CARTESIAN_POINT('Ctrl Pts',(-3.8583263293082,-69.8840167268017,6.33308010441617));
#7827=CARTESIAN_POINT('Ctrl Pts',(-3.85620699202669,-69.8859173597394,6.33417882872632));
#7828=CARTESIAN_POINT('Ctrl Pts',(-3.83951423316633,-69.9008875146025,6.342832826428));
#7829=CARTESIAN_POINT('Ctrl Pts',(-3.82155146715926,-69.914467635229,6.35067216811494));
#7830=CARTESIAN_POINT('Ctrl Pts',(-3.80242253817221,-69.9266157152441,6.35767371748095));
#7831=CARTESIAN_POINT('Ctrl Pts',(-3.78329360918515,-69.9387637952591,6.36467526684696));
#7832=CARTESIAN_POINT('Ctrl Pts',(-3.76299751371462,-69.9494804215919,6.37083902389204));
#7833=CARTESIAN_POINT('Ctrl Pts',(-3.74160555914207,-69.9586710532787,6.37614185231));
#7834=CARTESIAN_POINT('Ctrl Pts',(-3.73564966325751,-69.9612298865659,6.37761825288125));
#7835=CARTESIAN_POINT('Ctrl Pts',(-3.72960867452846,-69.9636700802507,6.3790279174163));
#7836=CARTESIAN_POINT('Ctrl Pts',(-3.7234847097925,-69.9659922090678,6.38037034658945));
#7837=CARTESIAN_POINT('Ctrl Pts',(-3.70197958890075,-69.9741466748575,6.38508446610224));
#7838=CARTESIAN_POINT('Ctrl Pts',(-3.67980832213191,-69.9807141120757,6.38889101740131));
#7839=CARTESIAN_POINT('Ctrl Pts',(-3.6571487696784,-69.9858337267853,6.3918518034026));
#7840=CARTESIAN_POINT('Ctrl Pts',(-3.6473821700148,-69.9880403558617,6.39312794562225));
#7841=CARTESIAN_POINT('Ctrl Pts',(-3.63752439074606,-69.9899775053716,6.39424696693456));
#7842=CARTESIAN_POINT('Ctrl Pts',(-3.62758781764927,-69.9916540845613,6.39521381597132));
#7843=CARTESIAN_POINT('Ctrl Pts',(-3.60264604135778,-69.9958624633131,6.39764070219735));
#7844=CARTESIAN_POINT('Ctrl Pts',(-3.57737042877678,-69.9984045322653,6.39909348654968));
#7845=CARTESIAN_POINT('Ctrl Pts',(-3.55198834941718,-69.9994487343056,6.39968725612307));
#7846=CARTESIAN_POINT('Ctrl Pts',(-3.54300294808877,-69.9998183878027,6.39989745394957));
#7847=CARTESIAN_POINT('Ctrl Pts',(-3.53400383730784,-69.999999999999,6.40000000000001));
#7848=CARTESIAN_POINT('Ctrl Pts',(-3.52500000000099,-69.999999999999,6.40000000000001));
#7849=CARTESIAN_POINT('',(-3.52500000000099,-69.999999999999,0.400000000000002));
#7850=CARTESIAN_POINT('Ctrl Pts',(-3.52500000000099,-69.999999999999,6.40000000000001));
#7851=CARTESIAN_POINT('Ctrl Pts',(-3.52500000000099,-69.999999999999,4.40000000000001));
#7852=CARTESIAN_POINT('Ctrl Pts',(-3.52500000000099,-69.999999999999,2.4));
#7853=CARTESIAN_POINT('Ctrl Pts',(-3.52500000000099,-69.999999999999,0.400000000000002));
#7854=CARTESIAN_POINT('Ctrl Pts',(-3.52500000000099,-69.999999999999,0.400000000000002));
#7855=CARTESIAN_POINT('Ctrl Pts',(-3.55004979619776,-69.999999999999,0.400000000000001));
#7856=CARTESIAN_POINT('Ctrl Pts',(-3.57501258428486,-69.9985971578051,0.399430548166163));
#7857=CARTESIAN_POINT('Ctrl Pts',(-3.59970747854569,-69.9956572694254,0.398218755142792));
#7858=CARTESIAN_POINT('Ctrl Pts',(-3.6227118996033,-69.9929186292258,0.397089914636335));
#7859=CARTESIAN_POINT('Ctrl Pts',(-3.64548425001359,-69.9888460492191,0.395403665041011));
#7860=CARTESIAN_POINT('Ctrl Pts',(-3.66784862600456,-69.9832987011879,0.393101084486675));
#7861=CARTESIAN_POINT('Ctrl Pts',(-3.68624282299947,-69.9787361320142,0.391207263691934));
#7862=CARTESIAN_POINT('Ctrl Pts',(-3.70436071547301,-69.9731754328327,0.388896513920341));
#7863=CARTESIAN_POINT('Ctrl Pts',(-3.72208459015042,-69.9665205165432,0.38613605217388));
#7864=CARTESIAN_POINT('Ctrl Pts',(-3.7286790675307,-69.9640444386123,0.385108974129294));
#7865=CARTESIAN_POINT('Ctrl Pts',(-3.73518716402841,-69.9614285902447,0.384024651632264));
#7866=CARTESIAN_POINT('Ctrl Pts',(-3.74160555914207,-69.9586710532787,0.382883076035669));
#7867=CARTESIAN_POINT('Ctrl Pts',(-3.76203736123291,-69.9498929321829,0.379249076219774));
#7868=CARTESIAN_POINT('Ctrl Pts',(-3.78156234594291,-69.9396822913415,0.375034900813624));
#7869=CARTESIAN_POINT('Ctrl Pts',(-3.80009115371522,-69.9280855563325,0.370240270876353));
#7870=CARTESIAN_POINT('Ctrl Pts',(-3.81825276538017,-69.9167186405329,0.365540658895491));
#7871=CARTESIAN_POINT('Ctrl Pts',(-3.83545798249968,-69.904019511776,0.360283370824644));
#7872=CARTESIAN_POINT('Ctrl Pts',(-3.85158939754784,-69.8899947191037,0.354468143980263));
#7873=CARTESIAN_POINT('Ctrl Pts',(-3.85414371501037,-69.8877739732656,0.35354733601439));
#7874=CARTESIAN_POINT('Ctrl Pts',(-3.8566710277064,-69.8855199208943,0.352612538897532));
#7875=CARTESIAN_POINT('Ctrl Pts',(-3.85917077306077,-69.8832325128615,0.351663751586796));
#7876=CARTESIAN_POINT('Ctrl Pts',(-3.87539493503659,-69.8683864892998,0.345505812745925));
#7877=CARTESIAN_POINT('Ctrl Pts',(-3.89012640168161,-69.8524437898092,0.338889622659978));
#7878=CARTESIAN_POINT('Ctrl Pts',(-3.90335060245014,-69.8355290156118,0.331878515161784));
#7879=CARTESIAN_POINT('Ctrl Pts',(-3.9041359784229,-69.8345244590815,0.331462130423843));
#7880=CARTESIAN_POINT('Ctrl Pts',(-3.90491603358179,-69.8335164595042,0.33104435277725));
#7881=CARTESIAN_POINT('Ctrl Pts',(-3.90569076300811,-69.8325050376219,0.330625195488626));
#7882=CARTESIAN_POINT('Ctrl Pts',(-3.91812373808761,-69.8162735861894,0.323898495886431));
#7883=CARTESIAN_POINT('Ctrl Pts',(-3.92918793689393,-69.7991643653727,0.316816478914032));
#7884=CARTESIAN_POINT('Ctrl Pts',(-3.93899181020329,-69.7813310333989,0.309433976728958));
#7885=CARTESIAN_POINT('Ctrl Pts',(-3.94293803433381,-69.7741528169183,0.306462395258339));
#7886=CARTESIAN_POINT('Ctrl Pts',(-3.94667967814633,-69.7668567999941,0.303442129231063));
#7887=CARTESIAN_POINT('Ctrl Pts',(-3.9502222949814,-69.7594512409315,0.300376754564766));
#7888=CARTESIAN_POINT('Ctrl Pts',(-3.95969084452259,-69.7396579903123,0.292183756777717));
#7889=CARTESIAN_POINT('Ctrl Pts',(-3.96764916175133,-69.7192746336924,0.283746223190085));
#7890=CARTESIAN_POINT('Ctrl Pts',(-3.97424276871218,-69.6985105672044,0.275144474837515));
#7891=CARTESIAN_POINT('Ctrl Pts',(-3.97938896633765,-69.6823045679251,0.268430957151403));
#7892=CARTESIAN_POINT('Ctrl Pts',(-3.98370324482687,-69.6658654796079,0.261617407451518));
#7893=CARTESIAN_POINT('Ctrl Pts',(-3.98724327086256,-69.6492742821504,0.254742013087077));
#7894=CARTESIAN_POINT('Ctrl Pts',(-3.99246527351395,-69.6248000900852,0.244599904741423));
#7895=CARTESIAN_POINT('Ctrl Pts',(-3.99600498379274,-69.5999874576891,0.23431928520859));
#7896=CARTESIAN_POINT('Ctrl Pts',(-3.99800803372718,-69.5750770776137,0.223996774155053));
#7897=CARTESIAN_POINT('Ctrl Pts',(-3.99924902161882,-69.5596438727204,0.217601471168094));
#7898=CARTESIAN_POINT('Ctrl Pts',(-3.99989961656673,-69.5441721367703,0.211190088491492));
#7899=CARTESIAN_POINT('Ctrl Pts',(-3.99998925041991,-69.5287107112529,0.204785603099531));
#7900=CARTESIAN_POINT('Ctrl Pts',(-3.99999642091345,-69.5274738342485,0.204273259609794));
#7901=CARTESIAN_POINT('Ctrl Pts',(-4.00000000000099,-69.5262369222196,0.20376090783216));
#7902=CARTESIAN_POINT('Ctrl Pts',(-4.00000000000099,-69.524999999999,0.203248557872773));
#7903=CARTESIAN_POINT('Origin',(-4.00000000000099,-55.5736666581647,4.));
#7904=CARTESIAN_POINT('',(-4.00000000000099,-66.3569919683556,4.29670833227072));
#7905=CARTESIAN_POINT('',(-4.00000000000099,-69.7282485578718,-2.77555756156289E-16));
#7906=CARTESIAN_POINT('Ctrl Pts',(-4.00000000000099,-69.7282485578718,-3.90659726789977E-15));
#7907=CARTESIAN_POINT('Ctrl Pts',(-4.00000000000099,-69.6604990385809,0.067749519290927));
#7908=CARTESIAN_POINT('Ctrl Pts',(-4.00000000000099,-69.5927495192899,0.135499038581858));
#7909=CARTESIAN_POINT('Ctrl Pts',(-4.00000000000099,-69.524999999999,0.203248557872789));
#7910=CARTESIAN_POINT('',(-4.00000000000099,-55.5736666581647,0.));
#7911=CARTESIAN_POINT('',(-4.00000000000098,-35.099999999999,0.));
#7912=CARTESIAN_POINT('',(-4.00000000000099,-55.5736666581647,3.));
#7913=CARTESIAN_POINT('',(-4.00000000000099,-55.5736666581647,0.));
#7914=CARTESIAN_POINT('',(-4.00000000000099,-54.7336666581647,3.));
#7915=CARTESIAN_POINT('',(-4.00000000000099,-55.5736666581647,3.));
#7916=CARTESIAN_POINT('',(-4.00000000000099,-54.7336666581647,0.));
#7917=CARTESIAN_POINT('',(-4.00000000000099,-54.7336666581647,0.));
#7918=CARTESIAN_POINT('',(-4.00000000000098,-46.7336666581647,0.));
#7919=CARTESIAN_POINT('',(-4.00000000000098,54.7336666581667,0.));
#7920=CARTESIAN_POINT('',(-4.00000000000098,-46.7336666581647,3.));
#7921=CARTESIAN_POINT('',(-4.00000000000098,-46.7336666581647,0.));
#7922=CARTESIAN_POINT('',(-4.00000000000098,-45.5457272657713,3.));
#7923=CARTESIAN_POINT('',(-4.00000000000099,-55.5736666581647,3.));
#7924=CARTESIAN_POINT('',(-4.00000000000098,-44.7057272657713,3.));
#7925=CARTESIAN_POINT('',(-4.00000000000099,-55.5736666581647,3.));
#7926=CARTESIAN_POINT('',(-4.00000000000098,-43.5177878733778,3.));
#7927=CARTESIAN_POINT('',(-4.00000000000099,-55.5736666581647,3.));
#7928=CARTESIAN_POINT('',(-4.00000000000099,-43.5177878733778,0.));
#7929=CARTESIAN_POINT('',(-4.00000000000099,-43.5177878733778,0.));
#7930=CARTESIAN_POINT('',(-4.00000000000098,-35.5177878733778,0.));
#7931=CARTESIAN_POINT('',(-4.00000000000098,54.7336666581667,0.));
#7932=CARTESIAN_POINT('',(-4.00000000000098,-35.5177878733778,3.));
#7933=CARTESIAN_POINT('',(-4.00000000000098,-35.5177878733778,0.));
#7934=CARTESIAN_POINT('',(-4.00000000000098,-34.6777878733778,3.));
#7935=CARTESIAN_POINT('',(-4.00000000000099,-55.5736666581647,3.));
#7936=CARTESIAN_POINT('',(-4.00000000000098,-34.6777878733778,0.));
#7937=CARTESIAN_POINT('',(-4.00000000000098,-34.6777878733778,0.));
#7938=CARTESIAN_POINT('',(-4.00000000000098,-26.6777878733778,0.));
#7939=CARTESIAN_POINT('',(-4.00000000000098,54.7336666581667,0.));
#7940=CARTESIAN_POINT('',(-4.00000000000098,-26.6777878733778,3.));
#7941=CARTESIAN_POINT('',(-4.00000000000098,-26.6777878733778,0.));
#7942=CARTESIAN_POINT('',(-4.00000000000098,-25.4898484809844,3.));
#7943=CARTESIAN_POINT('',(-4.00000000000099,-55.5736666581647,3.));
#7944=CARTESIAN_POINT('',(-4.00000000000098,-24.6498484809844,3.));
#7945=CARTESIAN_POINT('',(-4.00000000000099,-55.5736666581647,3.));
#7946=CARTESIAN_POINT('',(-4.00000000000098,-23.461909088591,3.));
#7947=CARTESIAN_POINT('',(-4.00000000000099,-55.5736666581647,3.));
#7948=CARTESIAN_POINT('',(-4.00000000000098,-23.461909088591,0.));
#7949=CARTESIAN_POINT('',(-4.00000000000098,-23.461909088591,0.));
#7950=CARTESIAN_POINT('',(-4.00000000000098,-15.4619090885909,0.));
#7951=CARTESIAN_POINT('',(-4.00000000000098,54.7336666581667,0.));
#7952=CARTESIAN_POINT('',(-4.00000000000098,-15.4619090885909,3.));
#7953=CARTESIAN_POINT('',(-4.00000000000098,-15.4619090885909,0.));
#7954=CARTESIAN_POINT('',(-4.00000000000098,-14.6219090885909,3.));
#7955=CARTESIAN_POINT('',(-4.00000000000099,-55.5736666581647,3.));
#7956=CARTESIAN_POINT('',(-4.00000000000098,-14.6219090885909,0.));
#7957=CARTESIAN_POINT('',(-4.00000000000098,-14.6219090885909,0.));
#7958=CARTESIAN_POINT('',(-4.00000000000098,-6.62190908859086,0.));
#7959=CARTESIAN_POINT('',(-4.00000000000098,54.7336666581667,0.));
#7960=CARTESIAN_POINT('',(-4.00000000000098,-6.62190908859086,3.));
#7961=CARTESIAN_POINT('',(-4.00000000000098,-6.62190908859086,0.));
#7962=CARTESIAN_POINT('',(-4.00000000000098,-5.43396969619746,3.));
#7963=CARTESIAN_POINT('',(-4.00000000000099,-55.5736666581647,3.));
#7964=CARTESIAN_POINT('',(-4.00000000000098,-5.20000000006494,3.));
#7965=CARTESIAN_POINT('',(-4.00000000000099,-55.5736666581647,3.));
#7966=CARTESIAN_POINT('',(-4.00000000000098,-5.20000000006494,4.));
#7967=CARTESIAN_POINT('',(-4.00000000000098,-5.20000000006494,2.));
#7968=CARTESIAN_POINT('',(-4.00000000000098,-4.,4.));
#7969=CARTESIAN_POINT('',(-4.00000000000098,-34.7625000000339,4.));
#7970=CARTESIAN_POINT('',(-4.00000000000098,-4.,3.));
#7971=CARTESIAN_POINT('',(-4.00000000000098,-4.,2.));
#7972=CARTESIAN_POINT('',(-4.00000000000098,-3.40603030380395,3.));
#7973=CARTESIAN_POINT('',(-4.00000000000099,-55.5736666581647,3.));
#7974=CARTESIAN_POINT('',(-4.00000000000098,-3.40603030380396,0.));
#7975=CARTESIAN_POINT('',(-4.00000000000098,-3.40603030380396,0.));
#7976=CARTESIAN_POINT('',(-4.00000000000098,3.40603030380263,0.));
#7977=CARTESIAN_POINT('',(-4.00000000000098,54.7336666581667,0.));
#7978=CARTESIAN_POINT('',(-4.00000000000098,3.40603030380263,3.));
#7979=CARTESIAN_POINT('',(-4.00000000000098,3.40603030380263,2.));
#7980=CARTESIAN_POINT('',(-4.00000000000098,4.,3.));
#7981=CARTESIAN_POINT('',(-4.00000000000098,-27.7868333290824,3.));
#7982=CARTESIAN_POINT('',(-4.00000000000098,4.,4.));
#7983=CARTESIAN_POINT('Origin',(61.9388550673096,2.59999999999915,3.59341666454143));
#7984=CARTESIAN_POINT('',(66.8,4.,6.4));
#7985=CARTESIAN_POINT('',(60.5784528163701,4.,2.80798805875532));
#7986=CARTESIAN_POINT('',(66.8,5.19999999986864,6.4));
#7987=CARTESIAN_POINT('',(66.8,4.,6.4));
#7988=CARTESIAN_POINT('',(63.8498122913841,5.19999999999829,4.69670833227071));
#7989=CARTESIAN_POINT('Origin',(0.,-6.86872780875092E-11,4.));
#7990=CARTESIAN_POINT('',(3.99999999999902,5.19999999992756,4.));
#7991=CARTESIAN_POINT('',(5.20000000007259,5.19999999992644,4.));
#7992=CARTESIAN_POINT('',(33.4000000000811,5.20000000091039,4.));
#7993=CARTESIAN_POINT('',(5.20000000013596,72.7250000000005,4.));
#7994=CARTESIAN_POINT('',(5.2000000001364,73.200000000001,4.));
#7995=CARTESIAN_POINT('',(4.72500000013596,73.200000000001,4.));
#7996=CARTESIAN_POINT('Ctrl Pts',(4.72500000013596,73.200000000001,4.));
#7997=CARTESIAN_POINT('Ctrl Pts',(4.84021187615356,73.200000000001,4.));
#7998=CARTESIAN_POINT('Ctrl Pts',(4.94992097773129,73.1689479013606,4.));
#7999=CARTESIAN_POINT('Ctrl Pts',(5.03250489392791,73.1056901139047,4.));
#8000=CARTESIAN_POINT('Ctrl Pts',(5.087560838059,73.0635182556007,4.));
#8001=CARTESIAN_POINT('Ctrl Pts',(5.13056114424293,73.0070327578232,4.));
#8002=CARTESIAN_POINT('Ctrl Pts',(5.15867093476219,72.9416051732594,4.));
#8003=CARTESIAN_POINT('Ctrl Pts',(5.18678072528144,72.8761775886956,4.));
#8004=CARTESIAN_POINT('Ctrl Pts',(5.20000000013603,72.8018079173456,4.));
#8005=CARTESIAN_POINT('Ctrl Pts',(5.20000000013596,72.7250000000005,4.));
#8006=CARTESIAN_POINT('',(-4.72499999986405,73.200000000001,4.));
#8007=CARTESIAN_POINT('',(-5.1999999998636,73.200000000001,4.));
#8008=CARTESIAN_POINT('',(-5.19999999986405,72.7250000000014,4.));
#8009=CARTESIAN_POINT('Ctrl Pts',(-5.19999999986405,72.7250000000014,4.));
#8010=CARTESIAN_POINT('Ctrl Pts',(-5.19999999986394,72.8402118760189,4.));
#8011=CARTESIAN_POINT('Ctrl Pts',(-5.1689479012235,72.9499209775965,4.));
#8012=CARTESIAN_POINT('Ctrl Pts',(-5.10569011376764,73.032504893793,4.));
#8013=CARTESIAN_POINT('Ctrl Pts',(-5.06351825546373,73.087560837924,4.));
#8014=CARTESIAN_POINT('Ctrl Pts',(-5.00703275768629,73.1305611441078,4.));
#8015=CARTESIAN_POINT('Ctrl Pts',(-4.94160517312262,73.1586709346271,4.));
#8016=CARTESIAN_POINT('Ctrl Pts',(-4.87617758855895,73.1867807251463,4.));
#8017=CARTESIAN_POINT('Ctrl Pts',(-4.80180791720905,73.200000000001,4.));
#8018=CARTESIAN_POINT('Ctrl Pts',(-4.72499999986405,73.200000000001,4.));
#8019=CARTESIAN_POINT('',(-5.19999999986705,69.5250000000014,4.));
#8020=CARTESIAN_POINT('',(-5.20000000000099,-73.199999999999,4.));
#8021=CARTESIAN_POINT('',(-4.72499999986705,70.000000000001,4.));
#8022=CARTESIAN_POINT('Ctrl Pts',(-5.19999999986705,69.5250000000014,4.));
#8023=CARTESIAN_POINT('Ctrl Pts',(-5.19999999986694,69.6402118760189,4.));
#8024=CARTESIAN_POINT('Ctrl Pts',(-5.16894812145826,69.7499210200451,4.));
#8025=CARTESIAN_POINT('Ctrl Pts',(-5.10569037004779,69.8325049505887,4.));
#8026=CARTESIAN_POINT('Ctrl Pts',(-5.06351853577414,69.8875609042844,4.));
#8027=CARTESIAN_POINT('Ctrl Pts',(-5.00703298016637,69.9305612075434,4.));
#8028=CARTESIAN_POINT('Ctrl Pts',(-4.94160532552585,69.9586709814726,4.));
#8029=CARTESIAN_POINT('Ctrl Pts',(-4.87617767088532,69.9867807554017,4.));
#8030=CARTESIAN_POINT('Ctrl Pts',(-4.80180791721205,70.000000000001,4.));
#8031=CARTESIAN_POINT('Ctrl Pts',(-4.72499999986705,70.000000000001,4.));
#8032=CARTESIAN_POINT('',(-4.02500000000097,70.000000000001,4.));
#8033=CARTESIAN_POINT('',(-1.99999999996663,70.000000000001,4.));
#8034=CARTESIAN_POINT('',(-3.55000000000097,69.525000000001,4.));
#8035=CARTESIAN_POINT('Ctrl Pts',(-4.02500000000097,70.000000000001,4.));
#8036=CARTESIAN_POINT('Ctrl Pts',(-3.90978812398342,70.000000000001,4.));
#8037=CARTESIAN_POINT('Ctrl Pts',(-3.80007893034691,69.968948379108,4.));
#8038=CARTESIAN_POINT('Ctrl Pts',(-3.7174949830268,69.9056906698009,4.));
#8039=CARTESIAN_POINT('Ctrl Pts',(-3.66243901814673,69.8635188635962,4.));
#8040=CARTESIAN_POINT('Ctrl Pts',(-3.61943871829617,69.8070332403186,4.));
#8041=CARTESIAN_POINT('Ctrl Pts',(-3.59132896375973,69.7416055037561,4.));
#8042=CARTESIAN_POINT('Ctrl Pts',(-3.56321920922329,69.6761777671935,4.));
#8043=CARTESIAN_POINT('Ctrl Pts',(-3.55000000000097,69.601807917346,4.));
#8044=CARTESIAN_POINT('Ctrl Pts',(-3.55000000000097,69.525000000001,4.));
#8045=CARTESIAN_POINT('',(-3.55000000000097,69.4713203435606,4.));
#8046=CARTESIAN_POINT('',(-3.55000000000098,34.425000000001,4.));
#8047=CARTESIAN_POINT('',(-4.00000000000097,68.400000000001,4.));
#8048=CARTESIAN_POINT('Ctrl Pts',(-3.55000000000097,69.4713203435606,4.));
#8049=CARTESIAN_POINT('Ctrl Pts',(-3.55000000000097,69.2602807272117,4.));
#8050=CARTESIAN_POINT('Ctrl Pts',(-3.55000000000097,69.0751544407965,4.));
#8051=CARTESIAN_POINT('Ctrl Pts',(-3.66449601873311,68.7906075085627,4.));
#8052=CARTESIAN_POINT('Ctrl Pts',(-3.71982669329552,68.7068643935772,4.));
#8053=CARTESIAN_POINT('Ctrl Pts',(-3.83929400508239,68.5619547031868,4.));
#8054=CARTESIAN_POINT('Ctrl Pts',(-3.9014055722617,68.4985944277403,4.));
#8055=CARTESIAN_POINT('Ctrl Pts',(-4.00000000000098,68.400000000001,4.));
#8056=CARTESIAN_POINT('',(-0.750000000000974,68.400000000001,4.));
#8057=CARTESIAN_POINT('',(3.33703509269867E-11,68.400000000001,4.));
#8058=CARTESIAN_POINT('',(-9.73926495007049E-13,67.650000000001,4.));
#8059=CARTESIAN_POINT('Ctrl Pts',(-0.750000000000974,68.400000000001,4.));
#8060=CARTESIAN_POINT('Ctrl Pts',(-0.568086511552209,68.400000000001,4.));
#8061=CARTESIAN_POINT('Ctrl Pts',(-0.394861025843101,68.3509734292342,4.));
#8062=CARTESIAN_POINT('Ctrl Pts',(-0.264465169411629,68.2510932109149,4.));
#8063=CARTESIAN_POINT('Ctrl Pts',(-0.177534598457314,68.1845063987021,4.));
#8064=CARTESIAN_POINT('Ctrl Pts',(-0.109639418293059,68.0953179653548,4.));
#8065=CARTESIAN_POINT('Ctrl Pts',(-0.0652557686789744,67.992010280421,4.));
#8066=CARTESIAN_POINT('Ctrl Pts',(-0.0208721190648894,67.8887025954872,
4.));
#8067=CARTESIAN_POINT('Ctrl Pts',(-9.73929187867627E-13,67.7712756589668,
4.));
#8068=CARTESIAN_POINT('Ctrl Pts',(-9.73926495007049E-13,67.650000000001,
4.));
#8069=CARTESIAN_POINT('',(-9.73784533047479E-13,68.9286796564413,4.));
#8070=CARTESIAN_POINT('',(-9.73665592596262E-13,70.000000000001,4.));
#8071=CARTESIAN_POINT('',(-0.450000000000974,70.000000000001,4.));
#8072=CARTESIAN_POINT('Ctrl Pts',(-0.450000000000928,70.0000000000009,4.));
#8073=CARTESIAN_POINT('Ctrl Pts',(-0.27858470114648,69.8285847011465,4.));
#8074=CARTESIAN_POINT('Ctrl Pts',(-0.160941005605907,69.7051837320358,4.));
#8075=CARTESIAN_POINT('Ctrl Pts',(-0.0468318056835832,69.4494004186736,
4.));
#8076=CARTESIAN_POINT('Ctrl Pts',(-0.0245032221791439,69.3585296849044,
4.));
#8077=CARTESIAN_POINT('Ctrl Pts',(-9.69272972908656E-13,69.1550445265655,
4.));
#8078=CARTESIAN_POINT('Ctrl Pts',(-9.71023425439964E-13,69.0461362669719,
4.));
#8079=CARTESIAN_POINT('Ctrl Pts',(-9.71054833764917E-13,68.9286796564413,
4.));
#8080=CARTESIAN_POINT('',(3.52499999999903,70.000000000001,4.));
#8081=CARTESIAN_POINT('',(-0.22499999996663,70.000000000001,4.));
#8082=CARTESIAN_POINT('',(3.99999999999903,69.525000000001,4.));
#8083=CARTESIAN_POINT('Ctrl Pts',(3.99999999999903,69.525000000001,4.));
#8084=CARTESIAN_POINT('Ctrl Pts',(3.99999999999903,69.6402118760185,4.));
#8085=CARTESIAN_POINT('Ctrl Pts',(3.9689491620284,69.7499212203197,4.));
#8086=CARTESIAN_POINT('Ctrl Pts',(3.90569158043409,69.8325052186484,4.));
#8087=CARTESIAN_POINT('Ctrl Pts',(3.86351985937122,69.8875612175341,4.));
#8088=CARTESIAN_POINT('Ctrl Pts',(3.80703403003116,69.9305615070987,4.));
#8089=CARTESIAN_POINT('Ctrl Pts',(3.74160604452437,69.9586712027154,4.));
#8090=CARTESIAN_POINT('Ctrl Pts',(3.67617805901758,69.9867808983322,4.));
#8091=CARTESIAN_POINT('Ctrl Pts',(3.60180791734406,70.000000000001,4.));
#8092=CARTESIAN_POINT('Ctrl Pts',(3.52499999999903,70.000000000001,4.));
#8093=CARTESIAN_POINT('',(3.99999999999903,70.000000000001,4.));
#8094=CARTESIAN_POINT('Origin',(0.,-6.86872780875092E-11,4.));
#8095=CARTESIAN_POINT('',(58.0763747332959,4.,4.));
#8096=CARTESIAN_POINT('',(55.5736666581657,4.,4.));
#8097=CARTESIAN_POINT('',(-2.00000000000049,3.99999999999999,4.));
#8098=CARTESIAN_POINT('',(62.6430780618347,1.48113255204164,4.));
#8099=CARTESIAN_POINT('',(66.8,5.55111512312578E-16,4.));
#8100=CARTESIAN_POINT('',(62.6430780618347,2.37286024225849,4.));
#8101=CARTESIAN_POINT('',(62.6430780618347,1.29999999996523,4.));
#8102=CARTESIAN_POINT('',(58.0763747332959,4.,4.));
#8103=CARTESIAN_POINT('Origin',(0.,-6.86872780875092E-11,4.));
#8104=CARTESIAN_POINT('',(-4.00000000000098,58.0763747332969,4.));
#8105=CARTESIAN_POINT('',(-4.00000000000097,55.5736666581667,4.));
#8106=CARTESIAN_POINT('',(-4.00000000000098,2.59999999993319,4.));
#8107=CARTESIAN_POINT('',(-1.48113255204262,62.6430780618357,4.));
#8108=CARTESIAN_POINT('',(-9.74020863964142E-13,66.800000000001,4.));
#8109=CARTESIAN_POINT('',(-2.37286024225946,62.6430780618357,4.));
#8110=CARTESIAN_POINT('',(-1.2999999999662,62.6430780618357,4.));
#8111=CARTESIAN_POINT('',(-4.00000000000098,58.0763747332969,4.));
#8112=CARTESIAN_POINT('Origin',(0.,-6.86872780875092E-11,4.));
#8113=CARTESIAN_POINT('',(3.99999999999902,-5.20000000007244,4.));
#8114=CARTESIAN_POINT('',(73.2,-5.20000000013738,4.));
#8115=CARTESIAN_POINT('',(3.99999999999901,-55.5736666581647,4.));
#8116=CARTESIAN_POINT('',(3.99999999999903,70.000000000001,4.));
#8117=CARTESIAN_POINT('',(-9.87188109036197E-13,-66.799999999999,4.));
#8118=CARTESIAN_POINT('',(-9.87465664792353E-13,-66.799999999999,4.));
#8119=CARTESIAN_POINT('',(-9.87517362180373E-13,-68.9286796564394,4.));
#8120=CARTESIAN_POINT('',(-9.87543380404077E-13,-69.999999999999,4.));
#8121=CARTESIAN_POINT('',(0.449999999999013,-69.999999999999,4.));
#8122=CARTESIAN_POINT('Ctrl Pts',(-9.81434443263207E-13,-68.9286796564394,
4.));
#8123=CARTESIAN_POINT('Ctrl Pts',(-9.82753592911226E-13,-69.0461362669699,
4.));
#8124=CARTESIAN_POINT('Ctrl Pts',(-9.83780631350247E-13,-69.1550445265635,
4.));
#8125=CARTESIAN_POINT('Ctrl Pts',(0.0245032221771883,-69.3585296849024,
4.));
#8126=CARTESIAN_POINT('Ctrl Pts',(0.0468318056816254,-69.4494004186716,
4.));
#8127=CARTESIAN_POINT('Ctrl Pts',(0.160941005603944,-69.7051837320338,4.));
#8128=CARTESIAN_POINT('Ctrl Pts',(0.278584701144533,-69.8285847011445,4.));
#8129=CARTESIAN_POINT('Ctrl Pts',(0.449999999998959,-69.999999999999,4.));
#8130=CARTESIAN_POINT('',(-0.475000000000989,-69.999999999999,4.));
#8131=CARTESIAN_POINT('',(0.225000000033356,-69.999999999999,4.));
#8132=CARTESIAN_POINT('',(-9.89261450534684E-13,-70.474999999999,4.));
#8133=CARTESIAN_POINT('Ctrl Pts',(-0.475000000000989,-69.999999999999,4.));
#8134=CARTESIAN_POINT('Ctrl Pts',(-0.359788123983438,-69.999999999999,4.));
#8135=CARTESIAN_POINT('Ctrl Pts',(-0.250078728989486,-70.0310505742557,
4.));
#8136=CARTESIAN_POINT('Ctrl Pts',(-0.167494713478393,-70.0943081129322,
4.));
#8137=CARTESIAN_POINT('Ctrl Pts',(-0.112438703137664,-70.1364798053832,
4.));
#8138=CARTESIAN_POINT('Ctrl Pts',(-0.069438417011539,-70.192965704243,4.));
#8139=CARTESIAN_POINT('Ctrl Pts',(-0.0413287412273704,-70.2583937735607,
4.));
#8140=CARTESIAN_POINT('Ctrl Pts',(-0.0132190654432017,-70.3238218428784,
4.));
#8141=CARTESIAN_POINT('Ctrl Pts',(-9.89275363647671E-13,-70.398192082654,
4.));
#8142=CARTESIAN_POINT('Ctrl Pts',(-9.89261450534684E-13,-70.474999999999,
4.));
#8143=CARTESIAN_POINT('',(-9.89303083898107E-13,-70.849999999999,4.));
#8144=CARTESIAN_POINT('',(-9.85411752196796E-13,-35.799999999999,4.));
#8145=CARTESIAN_POINT('',(-0.750000000000989,-71.599999999999,4.));
#8146=CARTESIAN_POINT('Ctrl Pts',(-9.89295451114813E-13,-70.849999999999,
4.));
#8147=CARTESIAN_POINT('Ctrl Pts',(-9.89307015937986E-13,-71.0319134884478,
4.));
#8148=CARTESIAN_POINT('Ctrl Pts',(-0.0490281117307973,-71.2051386779791,
4.));
#8149=CARTESIAN_POINT('Ctrl Pts',(-0.148908580768419,-71.3355344340073,
4.));
#8150=CARTESIAN_POINT('Ctrl Pts',(-0.215495560126833,-71.4224649380262,
4.));
#8151=CARTESIAN_POINT('Ctrl Pts',(-0.304683587177608,-71.4903601382659,
4.));
#8152=CARTESIAN_POINT('Ctrl Pts',(-0.407990782404687,-71.5347439037592,
4.));
#8153=CARTESIAN_POINT('Ctrl Pts',(-0.511297977631765,-71.5791276692524,
4.));
#8154=CARTESIAN_POINT('Ctrl Pts',(-0.628724341035146,-71.599999999999,4.));
#8155=CARTESIAN_POINT('Ctrl Pts',(-0.750000000000989,-71.599999999999,4.));
#8156=CARTESIAN_POINT('',(-4.00000000000099,-71.599999999999,4.));
#8157=CARTESIAN_POINT('',(-1.99999999996664,-71.599999999999,4.));
#8158=CARTESIAN_POINT('',(-3.55000000000099,-72.6713203435587,4.));
#8159=CARTESIAN_POINT('Ctrl Pts',(-3.55000000000099,-72.6713203435586,4.));
#8160=CARTESIAN_POINT('Ctrl Pts',(-3.55000000000099,-72.5538637330281,4.));
#8161=CARTESIAN_POINT('Ctrl Pts',(-3.55000000000099,-72.4449554734345,4.));
#8162=CARTESIAN_POINT('Ctrl Pts',(-3.57450322217916,-72.2414703150956,4.));
#8163=CARTESIAN_POINT('Ctrl Pts',(-3.59683180568359,-72.1505995813264,4.));
#8164=CARTESIAN_POINT('Ctrl Pts',(-3.71094100560591,-71.8948162679642,4.));
#8165=CARTESIAN_POINT('Ctrl Pts',(-3.8285847011465,-71.7714152988535,4.));
#8166=CARTESIAN_POINT('Ctrl Pts',(-4.00000000000094,-71.5999999999991,4.));
#8167=CARTESIAN_POINT('',(-3.55000000000099,-72.724999999999,4.));
#8168=CARTESIAN_POINT('',(-3.55000000000099,-36.599999999999,4.));
#8169=CARTESIAN_POINT('',(-4.02500000000099,-73.199999999999,4.));
#8170=CARTESIAN_POINT('Ctrl Pts',(-3.55000000000099,-72.724999999999,4.));
#8171=CARTESIAN_POINT('Ctrl Pts',(-3.55000000000099,-72.8402118760166,4.));
#8172=CARTESIAN_POINT('Ctrl Pts',(-3.58105249670922,-72.949920900819,4.));
#8173=CARTESIAN_POINT('Ctrl Pts',(-3.64431034940519,-73.0325047910843,4.));
#8174=CARTESIAN_POINT('Ctrl Pts',(-3.68648225120251,-73.0875607179278,4.));
#8175=CARTESIAN_POINT('Ctrl Pts',(-3.74296764454993,-73.1305610294215,4.));
#8176=CARTESIAN_POINT('Ctrl Pts',(-3.80839510241329,-73.1586708499393,4.));
#8177=CARTESIAN_POINT('Ctrl Pts',(-3.87382256027665,-73.1867806704571,4.));
#8178=CARTESIAN_POINT('Ctrl Pts',(-3.94819208265596,-73.199999999999,4.));
#8179=CARTESIAN_POINT('Ctrl Pts',(-4.02500000000099,-73.199999999999,4.));
#8180=CARTESIAN_POINT('',(4.72499999999946,-73.199999999999,4.));
#8181=CARTESIAN_POINT('',(5.19999999999902,-73.199999999999,4.));
#8182=CARTESIAN_POINT('',(5.19999999999946,-72.7249999999995,4.));
#8183=CARTESIAN_POINT('Ctrl Pts',(5.19999999999946,-72.7249999999995,4.));
#8184=CARTESIAN_POINT('Ctrl Pts',(5.19999999999935,-72.840211876017,4.));
#8185=CARTESIAN_POINT('Ctrl Pts',(5.16894790135892,-72.9499209775945,4.));
#8186=CARTESIAN_POINT('Ctrl Pts',(5.10569011390305,-73.032504893791,4.));
#8187=CARTESIAN_POINT('Ctrl Pts',(5.06351825559914,-73.087560837922,4.));
#8188=CARTESIAN_POINT('Ctrl Pts',(5.0070327578217,-73.1305611441059,4.));
#8189=CARTESIAN_POINT('Ctrl Pts',(4.94160517325803,-73.1586709346251,4.));
#8190=CARTESIAN_POINT('Ctrl Pts',(4.87617758869436,-73.1867807251444,4.));
#8191=CARTESIAN_POINT('Ctrl Pts',(4.80180791734446,-73.199999999999,4.));
#8192=CARTESIAN_POINT('Ctrl Pts',(4.72499999999946,-73.199999999999,4.));
#8193=CARTESIAN_POINT('',(5.20000000006283,-5.20000000007357,4.));
#8194=CARTESIAN_POINT('',(5.2000000001364,73.200000000001,4.));
#8195=CARTESIAN_POINT('',(72.7249999999995,-5.20000000013693,4.));
#8196=CARTESIAN_POINT('',(73.2,-5.20000000013738,4.));
#8197=CARTESIAN_POINT('',(73.2,-4.72500000013693,4.));
#8198=CARTESIAN_POINT('Ctrl Pts',(73.2,-4.72500000013693,4.));
#8199=CARTESIAN_POINT('Ctrl Pts',(73.2,-4.84021187615454,4.));
#8200=CARTESIAN_POINT('Ctrl Pts',(73.1689479013596,-4.94992097773226,4.));
#8201=CARTESIAN_POINT('Ctrl Pts',(73.1056901139036,-5.03250489392888,4.));
#8202=CARTESIAN_POINT('Ctrl Pts',(73.0635182555997,-5.08756083805997,4.));
#8203=CARTESIAN_POINT('Ctrl Pts',(73.0070327578222,-5.1305611442439,4.));
#8204=CARTESIAN_POINT('Ctrl Pts',(72.9416051732584,-5.15867093476316,4.));
#8205=CARTESIAN_POINT('Ctrl Pts',(72.8761775886946,-5.18678072528242,4.));
#8206=CARTESIAN_POINT('Ctrl Pts',(72.8018079173446,-5.200000000137,4.));
#8207=CARTESIAN_POINT('Ctrl Pts',(72.7249999999995,-5.20000000013693,4.));
#8208=CARTESIAN_POINT('',(73.2,4.72499999986308,4.));
#8209=CARTESIAN_POINT('',(73.2,5.19999999986263,4.));
#8210=CARTESIAN_POINT('',(72.7250000000004,5.19999999986308,4.));
#8211=CARTESIAN_POINT('Ctrl Pts',(72.7250000000004,5.19999999986308,4.));
#8212=CARTESIAN_POINT('Ctrl Pts',(72.8402118760179,5.19999999986297,4.));
#8213=CARTESIAN_POINT('Ctrl Pts',(72.9499209775955,5.16894790122253,4.));
#8214=CARTESIAN_POINT('Ctrl Pts',(73.032504893792,5.10569011376666,4.));
#8215=CARTESIAN_POINT('Ctrl Pts',(73.087560837923,5.06351825546275,4.));
#8216=CARTESIAN_POINT('Ctrl Pts',(73.1305611441068,5.00703275768532,4.));
#8217=CARTESIAN_POINT('Ctrl Pts',(73.1586709346261,4.94160517312165,4.));
#8218=CARTESIAN_POINT('Ctrl Pts',(73.1867807251454,4.87617758855798,4.));
#8219=CARTESIAN_POINT('Ctrl Pts',(73.2,4.80180791720807,4.));
#8220=CARTESIAN_POINT('Ctrl Pts',(73.2,4.72499999986308,4.));
#8221=CARTESIAN_POINT('',(69.5250000000004,5.19999999986608,4.));
#8222=CARTESIAN_POINT('',(-73.2,5.2,4.));
#8223=CARTESIAN_POINT('',(70.,4.72499999986608,4.));
#8224=CARTESIAN_POINT('Ctrl Pts',(69.5250000000004,5.19999999986608,4.));
#8225=CARTESIAN_POINT('Ctrl Pts',(69.6402118760179,5.19999999986597,4.));
#8226=CARTESIAN_POINT('Ctrl Pts',(69.7499210200442,5.16894812145729,4.));
#8227=CARTESIAN_POINT('Ctrl Pts',(69.8325049505877,5.10569037004682,4.));
#8228=CARTESIAN_POINT('Ctrl Pts',(69.8875609042834,5.06351853577317,4.));
#8229=CARTESIAN_POINT('Ctrl Pts',(69.9305612075424,5.0070329801654,4.));
#8230=CARTESIAN_POINT('Ctrl Pts',(69.9586709814716,4.94160532552487,4.));
#8231=CARTESIAN_POINT('Ctrl Pts',(69.9867807554007,4.87617767088435,4.));
#8232=CARTESIAN_POINT('Ctrl Pts',(70.,4.80180791721108,4.));
#8233=CARTESIAN_POINT('Ctrl Pts',(70.,4.72499999986608,4.));
#8234=CARTESIAN_POINT('',(70.,4.025,4.));
#8235=CARTESIAN_POINT('',(70.,1.99999999996566,4.));
#8236=CARTESIAN_POINT('',(69.525,3.55,4.));
#8237=CARTESIAN_POINT('Ctrl Pts',(70.,4.025,4.));
#8238=CARTESIAN_POINT('Ctrl Pts',(70.,3.90978812398245,4.));
#8239=CARTESIAN_POINT('Ctrl Pts',(69.968948379107,3.80007893034594,4.));
#8240=CARTESIAN_POINT('Ctrl Pts',(69.9056906698,3.71749498302583,4.));
#8241=CARTESIAN_POINT('Ctrl Pts',(69.8635188635953,3.66243901814576,4.));
#8242=CARTESIAN_POINT('Ctrl Pts',(69.8070332403177,3.6194387182952,4.));
#8243=CARTESIAN_POINT('Ctrl Pts',(69.7416055037551,3.59132896375876,4.));
#8244=CARTESIAN_POINT('Ctrl Pts',(69.6761777671926,3.56321920922232,4.));
#8245=CARTESIAN_POINT('Ctrl Pts',(69.601807917345,3.55,4.));
#8246=CARTESIAN_POINT('Ctrl Pts',(69.525,3.55,4.));
#8247=CARTESIAN_POINT('',(69.4713203435596,3.55,4.));
#8248=CARTESIAN_POINT('',(34.425,3.55,4.));
#8249=CARTESIAN_POINT('',(68.4,4.,4.));
#8250=CARTESIAN_POINT('Ctrl Pts',(69.4713203435596,3.55,4.));
#8251=CARTESIAN_POINT('Ctrl Pts',(69.2602807272107,3.55,4.));
#8252=CARTESIAN_POINT('Ctrl Pts',(69.0751544407955,3.55,4.));
#8253=CARTESIAN_POINT('Ctrl Pts',(68.7906075085617,3.66449601873214,4.));
#8254=CARTESIAN_POINT('Ctrl Pts',(68.7068643935762,3.71982669329455,4.));
#8255=CARTESIAN_POINT('Ctrl Pts',(68.5619547031858,3.83929400508142,4.));
#8256=CARTESIAN_POINT('Ctrl Pts',(68.4985944277393,3.90140557226072,4.));
#8257=CARTESIAN_POINT('Ctrl Pts',(68.4,4.00000000000001,4.));
#8258=CARTESIAN_POINT('',(68.4,0.750000000000001,4.));
#8259=CARTESIAN_POINT('',(68.4,-3.43436390437546E-11,4.));
#8260=CARTESIAN_POINT('',(67.65,5.55111512312578E-16,4.));
#8261=CARTESIAN_POINT('Ctrl Pts',(68.4,0.750000000000001,4.));
#8262=CARTESIAN_POINT('Ctrl Pts',(68.4,0.568086511551236,4.));
#8263=CARTESIAN_POINT('Ctrl Pts',(68.3509734292332,0.394861025842128,4.));
#8264=CARTESIAN_POINT('Ctrl Pts',(68.2510932109139,0.264465169410655,4.));
#8265=CARTESIAN_POINT('Ctrl Pts',(68.1845063987011,0.17753459845634,4.));
#8266=CARTESIAN_POINT('Ctrl Pts',(68.0953179653538,0.109639418292086,4.));
#8267=CARTESIAN_POINT('Ctrl Pts',(67.99201028042,0.065255768678001,4.));
#8268=CARTESIAN_POINT('Ctrl Pts',(67.8887025954862,0.020872119063916,4.));
#8269=CARTESIAN_POINT('Ctrl Pts',(67.7712756589658,5.55111512312578E-16,
4.));
#8270=CARTESIAN_POINT('Ctrl Pts',(67.65,5.55111512312578E-16,4.));
#8271=CARTESIAN_POINT('',(68.9286796564404,5.55111512312578E-16,4.));
#8272=CARTESIAN_POINT('',(70.,5.55111512312578E-16,4.));
#8273=CARTESIAN_POINT('',(70.,0.450000000000001,4.));
#8274=CARTESIAN_POINT('Ctrl Pts',(70.,0.449999999999955,4.));
#8275=CARTESIAN_POINT('Ctrl Pts',(69.8285847011455,0.278584701145512,4.));
#8276=CARTESIAN_POINT('Ctrl Pts',(69.7051837320348,0.160941005604934,4.));
#8277=CARTESIAN_POINT('Ctrl Pts',(69.4494004186727,0.0468318056826101,4.));
#8278=CARTESIAN_POINT('Ctrl Pts',(69.3585296849034,0.0245032221781707,4.));
#8279=CARTESIAN_POINT('Ctrl Pts',(69.1550445265645,-3.93131707743244E-15,
4.));
#8280=CARTESIAN_POINT('Ctrl Pts',(69.0461362669709,-4.54184528124473E-15,
4.));
#8281=CARTESIAN_POINT('Ctrl Pts',(68.9286796564404,-5.09453048323782E-15,
4.));
#8282=CARTESIAN_POINT('',(70.,-3.525,4.));
#8283=CARTESIAN_POINT('',(70.,0.224999999965657,4.));
#8284=CARTESIAN_POINT('',(69.525,-4.,4.));
#8285=CARTESIAN_POINT('Ctrl Pts',(69.525,-4.,4.));
#8286=CARTESIAN_POINT('Ctrl Pts',(69.6402118760176,-4.,4.));
#8287=CARTESIAN_POINT('Ctrl Pts',(69.7499212203188,-3.96894916202937,4.));
#8288=CARTESIAN_POINT('Ctrl Pts',(69.8325052186474,-3.90569158043507,4.));
#8289=CARTESIAN_POINT('Ctrl Pts',(69.8875612175331,-3.8635198593722,4.));
#8290=CARTESIAN_POINT('Ctrl Pts',(69.9305615070977,-3.80703403003214,4.));
#8291=CARTESIAN_POINT('Ctrl Pts',(69.9586712027145,-3.74160604452535,4.));
#8292=CARTESIAN_POINT('Ctrl Pts',(69.9867808983312,-3.67617805901856,4.));
#8293=CARTESIAN_POINT('Ctrl Pts',(70.,-3.60180791734503,4.));
#8294=CARTESIAN_POINT('Ctrl Pts',(70.,-3.525,4.));
#8295=CARTESIAN_POINT('',(5.20000000006396,-4.,4.));
#8296=CARTESIAN_POINT('',(70.,-4.,4.));
#8297=CARTESIAN_POINT('',(5.20000000007146,3.99999999999999,4.));
#8298=CARTESIAN_POINT('',(5.2000000001364,73.200000000001,4.));
#8299=CARTESIAN_POINT('',(3.99999999999902,3.99999999999999,4.));
#8300=CARTESIAN_POINT('',(-2.00000000000049,3.99999999999999,4.));
#8301=CARTESIAN_POINT('',(3.99999999999902,-4.,4.));
#8302=CARTESIAN_POINT('',(3.99999999999903,70.000000000001,4.));
#8303=CARTESIAN_POINT('',(70.,-4.,4.));
#8304=CARTESIAN_POINT('',(2.35000000000143,-72.2249999999969,4.));
#8305=CARTESIAN_POINT('',(2.35000000000145,-70.811412379342,4.));
#8306=CARTESIAN_POINT('',(2.35000000000192,-36.1125000000328,4.));
#8307=CARTESIAN_POINT('',(1.35000000000145,-68.9749999999969,4.));
#8308=CARTESIAN_POINT('',(-12.7891270904399,-43.0097319779764,4.));
#8309=CARTESIAN_POINT('',(1.91932499799263,-68.9749999999969,4.));
#8310=CARTESIAN_POINT('',(0.675000000000601,-68.9749999999969,4.));
#8311=CARTESIAN_POINT('',(2.60000000000149,-70.2249999999969,4.));
#8312=CARTESIAN_POINT('',(-12.7849063418651,-41.9719675387242,4.));
#8313=CARTESIAN_POINT('',(3.2806750020103,-68.9749999999969,4.));
#8314=CARTESIAN_POINT('',(17.0499311591078,-43.6889675387239,4.));
#8315=CARTESIAN_POINT('',(3.85000000000145,-68.9749999999969,4.));
#8316=CARTESIAN_POINT('',(1.64033750100503,-68.9749999999969,4.));
#8317=CARTESIAN_POINT('',(2.8500000000015,-70.8114123793424,4.));
#8318=CARTESIAN_POINT('',(17.8944894086855,-43.1835257883012,4.));
#8319=CARTESIAN_POINT('',(2.85000000000146,-72.2249999999969,4.));
#8320=CARTESIAN_POINT('',(2.85000000000253,-35.4057061897056,4.));
#8321=CARTESIAN_POINT('',(1.42500000000073,-72.2249999999969,4.));
#8322=CARTESIAN_POINT('',(3.99999999999901,-66.799999999999,4.));
#8323=CARTESIAN_POINT('',(0.891727690215622,-66.799999999999,4.));
#8324=CARTESIAN_POINT('',(-9.87465664792353E-13,-66.799999999999,4.));
#8325=CARTESIAN_POINT('',(3.99999999999901,-58.0763747332948,4.));
#8326=CARTESIAN_POINT('',(0.891727690215622,-66.799999999999,4.));
#8327=CARTESIAN_POINT('',(3.99999999999903,70.000000000001,4.));
#8328=CARTESIAN_POINT('Origin',(2.35000000000143,-72.2249999999969,4.));
#8329=CARTESIAN_POINT('',(2.35000000000143,-72.2249999999969,3.6));
#8330=CARTESIAN_POINT('',(2.35000000000143,-72.2249999999969,4.));
#8331=CARTESIAN_POINT('',(2.35000000000145,-70.811412379342,3.6));
#8332=CARTESIAN_POINT('',(2.35000000000146,-70.2249999999969,3.6));
#8333=CARTESIAN_POINT('',(2.35000000000145,-70.811412379342,4.));
#8334=CARTESIAN_POINT('Origin',(2.85000000000146,-72.2249999999969,4.));
#8335=CARTESIAN_POINT('',(2.85000000000146,-72.2249999999969,3.6));
#8336=CARTESIAN_POINT('',(2.85000000000146,-72.2249999999969,4.));
#8337=CARTESIAN_POINT('',(2.35000000000143,-72.2249999999969,3.6));
#8338=CARTESIAN_POINT('Origin',(2.8500000000015,-70.8114123793424,4.));
#8339=CARTESIAN_POINT('',(2.8500000000015,-70.8114123793424,3.6));
#8340=CARTESIAN_POINT('',(2.8500000000015,-70.8114123793424,4.));
#8341=CARTESIAN_POINT('',(2.85000000000146,-72.2249999999969,3.6));
#8342=CARTESIAN_POINT('Origin',(3.85000000000145,-68.9749999999969,4.));
#8343=CARTESIAN_POINT('',(3.85000000000145,-68.9749999999969,3.6));
#8344=CARTESIAN_POINT('',(3.85000000000145,-68.9749999999969,4.));
#8345=CARTESIAN_POINT('',(2.8500000000015,-70.8114123793424,3.6));
#8346=CARTESIAN_POINT('Origin',(3.2806750020103,-68.9749999999969,4.));
#8347=CARTESIAN_POINT('',(3.2806750020103,-68.9749999999969,3.6));
#8348=CARTESIAN_POINT('',(3.2806750020103,-68.9749999999969,4.));
#8349=CARTESIAN_POINT('',(1.35000000000145,-68.9749999999969,3.6));
#8350=CARTESIAN_POINT('Origin',(2.60000000000149,-70.2249999999969,4.));
#8351=CARTESIAN_POINT('',(2.60000000000149,-70.2249999999969,3.6));
#8352=CARTESIAN_POINT('',(2.60000000000149,-70.2249999999969,4.));
#8353=CARTESIAN_POINT('',(3.2806750020103,-68.9749999999969,3.6));
#8354=CARTESIAN_POINT('Origin',(1.91932499799263,-68.9749999999969,4.));
#8355=CARTESIAN_POINT('',(1.91932499799263,-68.9749999999969,3.6));
#8356=CARTESIAN_POINT('',(1.91932499799263,-68.9749999999969,4.));
#8357=CARTESIAN_POINT('',(2.60000000000149,-70.2249999999969,3.6));
#8358=CARTESIAN_POINT('Origin',(1.35000000000145,-68.9749999999969,4.));
#8359=CARTESIAN_POINT('',(1.35000000000145,-68.9749999999969,3.6));
#8360=CARTESIAN_POINT('',(1.35000000000145,-68.9749999999969,4.));
#8361=CARTESIAN_POINT('',(1.35000000000145,-68.9749999999969,3.6));
#8362=CARTESIAN_POINT('Origin',(2.35000000000145,-70.811412379342,4.));
#8363=CARTESIAN_POINT('',(1.35000000000145,-68.9749999999969,3.6));
#8364=CARTESIAN_POINT('Origin',(2.60000000000145,-70.5999999999969,3.6));
#8365=CARTESIAN_POINT('Origin',(-71.8499999999934,-0.975000000000549,4.));
#8366=CARTESIAN_POINT('',(-71.8499999999934,-0.975000000000549,4.));
#8367=CARTESIAN_POINT('',(-71.2693191886369,-0.975000000002366,4.));
#8368=CARTESIAN_POINT('',(-35.9249999999967,-0.975000000000549,4.));
#8369=CARTESIAN_POINT('',(-71.8499999999934,-0.975000000000549,3.6));
#8370=CARTESIAN_POINT('',(-71.8499999999934,-0.975000000000549,4.));
#8371=CARTESIAN_POINT('',(-71.2693191886369,-0.975000000002366,3.6));
#8372=CARTESIAN_POINT('',(-71.8499999999934,-0.975000000000549,3.6));
#8373=CARTESIAN_POINT('',(-71.2693191886369,-0.975000000002366,4.));
#8374=CARTESIAN_POINT('Origin',(-70.8903404056764,-2.60000000000178,4.));
#8375=CARTESIAN_POINT('',(-70.8903404056764,-2.60000000000178,4.));
#8376=CARTESIAN_POINT('',(-62.2941840349013,-17.1559469058016,4.));
#8377=CARTESIAN_POINT('',(-70.8903404056764,-2.60000000000178,3.6));
#8378=CARTESIAN_POINT('',(-70.8903404056764,-2.60000000000178,4.));
#8379=CARTESIAN_POINT('',(-71.8499999999934,-0.975000000000549,3.6));
#8380=CARTESIAN_POINT('Origin',(-71.8499999999934,-4.22500000000055,4.));
#8381=CARTESIAN_POINT('',(-71.8499999999934,-4.22500000000055,4.));
#8382=CARTESIAN_POINT('',(-61.6355945292671,13.0711422865054,4.));
#8383=CARTESIAN_POINT('',(-71.8499999999934,-4.22500000000055,3.6));
#8384=CARTESIAN_POINT('',(-71.8499999999934,-4.22500000000055,4.));
#8385=CARTESIAN_POINT('',(-71.8499999999934,-4.22500000000055,3.6));
#8386=CARTESIAN_POINT('Origin',(-71.2693191886361,-4.22500000000055,4.));
#8387=CARTESIAN_POINT('',(-71.2693191886361,-4.22500000000237,4.));
#8388=CARTESIAN_POINT('',(-35.634659594318,-4.22500000000055,4.));
#8389=CARTESIAN_POINT('',(-71.2693191886361,-4.22500000000237,3.6));
#8390=CARTESIAN_POINT('',(-71.2693191886361,-4.22500000000237,4.));
#8391=CARTESIAN_POINT('',(-69.3499999999934,-4.22500000000055,3.6));
#8392=CARTESIAN_POINT('Origin',(-70.5999999999963,-3.09163595302552,4.));
#8393=CARTESIAN_POINT('',(-70.5999999999963,-3.09163595302552,4.));
#8394=CARTESIAN_POINT('',(-60.7953299681193,13.5106977245495,4.));
#8395=CARTESIAN_POINT('',(-70.5999999999963,-3.09163595302552,3.6));
#8396=CARTESIAN_POINT('',(-70.5999999999963,-3.09163595302552,4.));
#8397=CARTESIAN_POINT('',(-69.3499999999934,-0.975000000000549,3.6));
#8398=CARTESIAN_POINT('Origin',(-69.9306808113597,-4.22500000000237,4.));
#8399=CARTESIAN_POINT('',(-69.9306808113597,-4.22500000000237,4.));
#8400=CARTESIAN_POINT('',(-61.814354237743,-17.9684469058019,4.));
#8401=CARTESIAN_POINT('',(-69.9306808113597,-4.22500000000237,3.6));
#8402=CARTESIAN_POINT('',(-69.9306808113597,-4.22500000000237,4.));
#8403=CARTESIAN_POINT('',(-71.8499999999934,-0.975000000000549,3.6));
#8404=CARTESIAN_POINT('Origin',(-69.3499999999934,-4.22500000000055,4.));
#8405=CARTESIAN_POINT('',(-69.3499999999934,-4.22500000000055,4.));
#8406=CARTESIAN_POINT('',(-34.6749999999967,-4.22500000000055,4.));
#8407=CARTESIAN_POINT('',(-69.3499999999934,-4.22500000000055,3.6));
#8408=CARTESIAN_POINT('',(-69.3499999999934,-4.22500000000055,4.));
#8409=CARTESIAN_POINT('',(-69.3499999999934,-4.22500000000055,3.6));
#8410=CARTESIAN_POINT('Origin',(-70.309659594315,-2.60000000000178,4.));
#8411=CARTESIAN_POINT('',(-70.309659594315,-2.60000000000178,4.));
#8412=CARTESIAN_POINT('',(-61.788579068033,-17.0288203203855,4.));
#8413=CARTESIAN_POINT('',(-70.309659594315,-2.60000000000178,3.6));
#8414=CARTESIAN_POINT('',(-70.309659594315,-2.60000000000178,4.));
#8415=CARTESIAN_POINT('',(-69.3499999999934,-4.22500000000055,3.6));
#8416=CARTESIAN_POINT('Origin',(-69.3499999999934,-0.975000000000549,4.));
#8417=CARTESIAN_POINT('',(-69.3499999999934,-0.975000000000549,4.));
#8418=CARTESIAN_POINT('',(-60.1703299681178,14.569015701062,4.));
#8419=CARTESIAN_POINT('',(-69.3499999999934,-0.975000000000549,3.6));
#8420=CARTESIAN_POINT('',(-69.3499999999934,-0.975000000000549,4.));
#8421=CARTESIAN_POINT('',(-69.3499999999934,-0.975000000000549,3.6));
#8422=CARTESIAN_POINT('Origin',(-69.930680811359,-0.975000000000549,4.));
#8423=CARTESIAN_POINT('',(-69.930680811359,-0.975000000002366,4.));
#8424=CARTESIAN_POINT('',(-34.9653404056795,-0.975000000000549,4.));
#8425=CARTESIAN_POINT('',(-69.930680811359,-0.975000000002366,3.6));
#8426=CARTESIAN_POINT('',(-69.930680811359,-0.975000000002366,4.));
#8427=CARTESIAN_POINT('',(-71.8499999999934,-0.975000000000549,3.6));
#8428=CARTESIAN_POINT('Origin',(-70.5999999999964,-2.10836404697878,4.));
#8429=CARTESIAN_POINT('',(-70.5999999999964,-2.10836404697878,4.));
#8430=CARTESIAN_POINT('',(-61.0105945292686,14.1294602630163,4.));
#8431=CARTESIAN_POINT('',(-70.5999999999964,-2.10836404697878,3.6));
#8432=CARTESIAN_POINT('',(-70.5999999999964,-2.10836404697878,4.));
#8433=CARTESIAN_POINT('',(-71.8499999999934,-4.22500000000055,3.6));
#8434=CARTESIAN_POINT('Origin',(-71.2693191886369,-0.975000000002366,4.));
#8435=CARTESIAN_POINT('',(-62.268408865194,-16.2163203203858,4.));
#8436=CARTESIAN_POINT('',(-69.3499999999934,-4.22500000000055,3.6));
#8437=CARTESIAN_POINT('Origin',(-70.5999999999934,-2.60000000000146,3.6));
#8438=CARTESIAN_POINT('Origin',(-9.80882042256326E-13,9.81992265280951E-13,
3.));
#8439=CARTESIAN_POINT('',(3.99999999999902,-5.20000000007244,3.));
#8440=CARTESIAN_POINT('',(-36.6000000000029,-5.20000000003435,3.));
#8441=CARTESIAN_POINT('',(3.99999999999902,-5.43396969619745,3.));
#8442=CARTESIAN_POINT('',(-2.00000000000098,-5.43396969619746,3.));
#8443=CARTESIAN_POINT('',(3.99999999999902,55.5736666581667,3.));
#8444=CARTESIAN_POINT('Origin',(5.19999999999902,-73.199999999999,0.));
#8445=CARTESIAN_POINT('',(5.20000000007259,5.19999999992644,0.));
#8446=CARTESIAN_POINT('',(5.20000000007259,5.19999999992644,0.));
#8447=CARTESIAN_POINT('',(5.20000000013596,72.7250000000005,0.));
#8448=CARTESIAN_POINT('',(5.2000000001364,73.200000000001,0.));
#8449=CARTESIAN_POINT('Ctrl Pts',(5.20000000013596,72.7250000000005,4.));
#8450=CARTESIAN_POINT('Ctrl Pts',(5.20000000013596,72.7250000000005,2.66666666666667));
#8451=CARTESIAN_POINT('Ctrl Pts',(5.20000000013596,72.7250000000005,1.33333333333333));
#8452=CARTESIAN_POINT('Ctrl Pts',(5.20000000013596,72.7250000000005,0.));
#8453=CARTESIAN_POINT('Origin',(5.19999999999902,-73.199999999999,0.));
#8454=CARTESIAN_POINT('',(5.20000000006283,-5.20000000007357,0.));
#8455=CARTESIAN_POINT('',(5.20000000006283,-5.20000000007357,0.));
#8456=CARTESIAN_POINT('',(5.19999999999946,-72.7249999999995,0.));
#8457=CARTESIAN_POINT('Ctrl Pts',(5.19999999999946,-72.7249999999995,0.));
#8458=CARTESIAN_POINT('Ctrl Pts',(5.19999999999946,-72.7249999999995,1.33333333333333));
#8459=CARTESIAN_POINT('Ctrl Pts',(5.19999999999946,-72.7249999999995,2.66666666666667));
#8460=CARTESIAN_POINT('Ctrl Pts',(5.19999999999946,-72.7249999999995,4.));
#8461=CARTESIAN_POINT('',(5.2000000001364,73.200000000001,0.));
#8462=CARTESIAN_POINT('Origin',(5.19999999999902,-73.199999999999,0.));
#8463=CARTESIAN_POINT('',(5.20000000006396,-4.,3.));
#8464=CARTESIAN_POINT('',(5.20000000006396,-4.,0.));
#8465=CARTESIAN_POINT('',(5.20000000007147,4.,3.));
#8466=CARTESIAN_POINT('',(5.20000000003336,-36.6000000000019,3.));
#8467=CARTESIAN_POINT('',(5.20000000007147,4.,2.));
#8468=CARTESIAN_POINT('Origin',(3.99999999999903,70.000000000001,0.));
#8469=CARTESIAN_POINT('',(3.99999999999902,5.19999999992756,3.));
#8470=CARTESIAN_POINT('',(3.99999999999902,5.19999999992756,0.));
#8471=CARTESIAN_POINT('',(3.99999999999903,69.525000000001,0.203248557872772));
#8472=CARTESIAN_POINT('Ctrl Pts',(3.99999999999903,69.525000000001,0.203248557872771));
#8473=CARTESIAN_POINT('Ctrl Pts',(3.99999999999903,69.525000000001,1.46883237191518));
#8474=CARTESIAN_POINT('Ctrl Pts',(3.99999999999903,69.525000000001,2.73441618595759));
#8475=CARTESIAN_POINT('Ctrl Pts',(3.99999999999903,69.525000000001,4.));
#8476=CARTESIAN_POINT('',(3.99999999999903,69.7282485578738,2.77555756156289E-16));
#8477=CARTESIAN_POINT('Ctrl Pts',(3.99999999999903,69.7282485578737,3.2682190287403E-15));
#8478=CARTESIAN_POINT('Ctrl Pts',(3.99999999999903,69.6604990385828,0.0677495192909318));
#8479=CARTESIAN_POINT('Ctrl Pts',(3.99999999999903,69.5927495192919,0.13549903858186));
#8480=CARTESIAN_POINT('Ctrl Pts',(3.99999999999903,69.525000000001,0.203248557872789));
#8481=CARTESIAN_POINT('',(3.99999999999902,55.5736666581667,0.));
#8482=CARTESIAN_POINT('',(3.99999999999902,35.100000000001,0.));
#8483=CARTESIAN_POINT('',(3.99999999999902,55.5736666581667,3.));
#8484=CARTESIAN_POINT('',(3.99999999999902,55.5736666581667,0.));
#8485=CARTESIAN_POINT('',(3.99999999999902,54.7336666581667,3.));
#8486=CARTESIAN_POINT('',(3.99999999999902,55.5736666581667,3.));
#8487=CARTESIAN_POINT('',(3.99999999999902,54.7336666581667,0.));
#8488=CARTESIAN_POINT('',(3.99999999999902,54.7336666581667,0.));
#8489=CARTESIAN_POINT('',(3.99999999999902,46.7336666581667,0.));
#8490=CARTESIAN_POINT('',(3.99999999999901,-54.7336666581647,0.));
#8491=CARTESIAN_POINT('',(3.99999999999902,46.7336666581667,3.));
#8492=CARTESIAN_POINT('',(3.99999999999902,46.7336666581667,0.));
#8493=CARTESIAN_POINT('',(3.99999999999902,45.5457272657733,3.));
#8494=CARTESIAN_POINT('',(3.99999999999902,55.5736666581667,3.));
#8495=CARTESIAN_POINT('',(3.99999999999902,44.7057272657733,3.));
#8496=CARTESIAN_POINT('',(3.99999999999902,55.5736666581667,3.));
#8497=CARTESIAN_POINT('',(3.99999999999902,43.5177878733799,3.));
#8498=CARTESIAN_POINT('',(3.99999999999902,55.5736666581667,3.));
#8499=CARTESIAN_POINT('',(3.99999999999902,43.5177878733799,0.));
#8500=CARTESIAN_POINT('',(3.99999999999902,43.5177878733799,0.));
#8501=CARTESIAN_POINT('',(3.99999999999902,35.5177878733796,0.));
#8502=CARTESIAN_POINT('',(3.99999999999901,-54.7336666581647,0.));
#8503=CARTESIAN_POINT('',(3.99999999999902,35.5177878733796,3.));
#8504=CARTESIAN_POINT('',(3.99999999999902,35.5177878733796,0.));
#8505=CARTESIAN_POINT('',(3.99999999999902,34.6777878733796,3.));
#8506=CARTESIAN_POINT('',(3.99999999999902,55.5736666581667,3.));
#8507=CARTESIAN_POINT('',(3.99999999999902,34.6777878733796,0.));
#8508=CARTESIAN_POINT('',(3.99999999999902,34.6777878733796,0.));
#8509=CARTESIAN_POINT('',(3.99999999999902,26.6777878733793,0.));
#8510=CARTESIAN_POINT('',(3.99999999999901,-54.7336666581647,0.));
#8511=CARTESIAN_POINT('',(3.99999999999902,26.6777878733793,3.));
#8512=CARTESIAN_POINT('',(3.99999999999902,26.6777878733793,0.));
#8513=CARTESIAN_POINT('',(3.99999999999902,25.4898484809859,3.));
#8514=CARTESIAN_POINT('',(3.99999999999902,55.5736666581667,3.));
#8515=CARTESIAN_POINT('',(3.99999999999902,24.6498484809859,3.));
#8516=CARTESIAN_POINT('',(3.99999999999902,55.5736666581667,3.));
#8517=CARTESIAN_POINT('',(3.99999999999902,23.4619090885925,3.));
#8518=CARTESIAN_POINT('',(3.99999999999902,55.5736666581667,3.));
#8519=CARTESIAN_POINT('',(3.99999999999902,23.4619090885925,0.));
#8520=CARTESIAN_POINT('',(3.99999999999902,23.4619090885925,0.));
#8521=CARTESIAN_POINT('',(3.99999999999903,15.4619090885923,0.));
#8522=CARTESIAN_POINT('',(3.99999999999901,-54.7336666581647,0.));
#8523=CARTESIAN_POINT('',(3.99999999999902,15.4619090885923,3.));
#8524=CARTESIAN_POINT('',(3.99999999999903,15.4619090885923,0.));
#8525=CARTESIAN_POINT('',(3.99999999999902,14.6219090885923,3.));
#8526=CARTESIAN_POINT('',(3.99999999999902,55.5736666581667,3.));
#8527=CARTESIAN_POINT('',(3.99999999999903,14.6219090885923,0.));
#8528=CARTESIAN_POINT('',(3.99999999999903,14.6219090885923,0.));
#8529=CARTESIAN_POINT('',(3.99999999999902,6.6219090885921,0.));
#8530=CARTESIAN_POINT('',(3.99999999999901,-54.7336666581647,0.));
#8531=CARTESIAN_POINT('',(3.99999999999902,6.6219090885921,3.));
#8532=CARTESIAN_POINT('',(3.99999999999902,6.6219090885921,0.));
#8533=CARTESIAN_POINT('',(3.99999999999902,5.43396969619746,3.));
#8534=CARTESIAN_POINT('',(3.99999999999902,55.5736666581667,3.));
#8535=CARTESIAN_POINT('',(3.99999999999902,55.5736666581667,3.));
#8536=CARTESIAN_POINT('Origin',(3.99999999999903,70.000000000001,0.));
#8537=CARTESIAN_POINT('',(3.99999999999902,-5.20000000007244,0.));
#8538=CARTESIAN_POINT('',(3.99999999999902,-5.43396969619746,0.));
#8539=CARTESIAN_POINT('',(3.99999999999902,-5.43396969619746,0.));
#8540=CARTESIAN_POINT('',(3.99999999999902,-13.4339696961975,0.));
#8541=CARTESIAN_POINT('',(3.99999999999901,-54.7336666581647,0.));
#8542=CARTESIAN_POINT('',(3.99999999999902,-13.4339696961975,3.));
#8543=CARTESIAN_POINT('',(3.99999999999902,-13.4339696961975,0.));
#8544=CARTESIAN_POINT('',(3.99999999999902,-14.6219090885909,3.));
#8545=CARTESIAN_POINT('',(3.99999999999902,55.5736666581667,3.));
#8546=CARTESIAN_POINT('',(3.99999999999902,-15.4619090885909,3.));
#8547=CARTESIAN_POINT('',(3.99999999999902,55.5736666581667,3.));
#8548=CARTESIAN_POINT('',(3.99999999999902,-16.6498484809843,3.));
#8549=CARTESIAN_POINT('',(3.99999999999902,55.5736666581667,3.));
#8550=CARTESIAN_POINT('',(3.99999999999902,-16.6498484809843,0.));
#8551=CARTESIAN_POINT('',(3.99999999999902,-16.6498484809843,0.));
#8552=CARTESIAN_POINT('',(3.99999999999902,-24.6498484809844,0.));
#8553=CARTESIAN_POINT('',(3.99999999999901,-54.7336666581647,0.));
#8554=CARTESIAN_POINT('',(3.99999999999902,-24.6498484809844,3.));
#8555=CARTESIAN_POINT('',(3.99999999999902,-24.6498484809844,0.));
#8556=CARTESIAN_POINT('',(3.99999999999902,-25.4898484809844,3.));
#8557=CARTESIAN_POINT('',(3.99999999999902,55.5736666581667,3.));
#8558=CARTESIAN_POINT('',(3.99999999999902,-25.4898484809844,0.));
#8559=CARTESIAN_POINT('',(3.99999999999902,-25.4898484809844,0.));
#8560=CARTESIAN_POINT('',(3.99999999999902,-33.4898484809844,0.));
#8561=CARTESIAN_POINT('',(3.99999999999901,-54.7336666581647,0.));
#8562=CARTESIAN_POINT('',(3.99999999999901,-33.4898484809844,3.));
#8563=CARTESIAN_POINT('',(3.99999999999902,-33.4898484809844,0.));
#8564=CARTESIAN_POINT('',(3.99999999999901,-34.6777878733778,3.));
#8565=CARTESIAN_POINT('',(3.99999999999902,55.5736666581667,3.));
#8566=CARTESIAN_POINT('',(3.99999999999901,-35.5177878733778,3.));
#8567=CARTESIAN_POINT('',(3.99999999999902,55.5736666581667,3.));
#8568=CARTESIAN_POINT('',(3.99999999999901,-36.7057272657712,3.));
#8569=CARTESIAN_POINT('',(3.99999999999902,55.5736666581667,3.));
#8570=CARTESIAN_POINT('',(3.99999999999902,-36.7057272657712,0.));
#8571=CARTESIAN_POINT('',(3.99999999999902,-36.7057272657712,0.));
#8572=CARTESIAN_POINT('',(3.99999999999901,-44.7057272657713,0.));
#8573=CARTESIAN_POINT('',(3.99999999999901,-54.7336666581647,0.));
#8574=CARTESIAN_POINT('',(3.99999999999901,-44.7057272657713,3.));
#8575=CARTESIAN_POINT('',(3.99999999999901,-44.7057272657713,0.));
#8576=CARTESIAN_POINT('',(3.99999999999901,-45.5457272657713,3.));
#8577=CARTESIAN_POINT('',(3.99999999999902,55.5736666581667,3.));
#8578=CARTESIAN_POINT('',(3.99999999999902,-45.5457272657713,0.));
#8579=CARTESIAN_POINT('',(3.99999999999902,-45.5457272657713,0.));
#8580=CARTESIAN_POINT('',(3.99999999999901,-53.5457272657713,0.));
#8581=CARTESIAN_POINT('',(3.99999999999901,-54.7336666581647,0.));
#8582=CARTESIAN_POINT('',(3.99999999999901,-53.5457272657713,3.));
#8583=CARTESIAN_POINT('',(3.99999999999901,-53.5457272657713,0.));
#8584=CARTESIAN_POINT('',(3.99999999999901,-54.7336666581647,3.));
#8585=CARTESIAN_POINT('',(3.99999999999902,55.5736666581667,3.));
#8586=CARTESIAN_POINT('',(3.99999999999901,-55.5736666581647,3.));
#8587=CARTESIAN_POINT('',(3.99999999999902,55.5736666581667,3.));
#8588=CARTESIAN_POINT('',(3.99999999999901,-55.5736666581647,0.));
#8589=CARTESIAN_POINT('Origin',(3.99999999999903,70.000000000001,0.));
#8590=CARTESIAN_POINT('',(3.99999999999902,-3.40603030380263,3.));
#8591=CARTESIAN_POINT('',(3.99999999999902,-3.40603030380264,0.));
#8592=CARTESIAN_POINT('',(3.99999999999902,-3.40603030380263,0.));
#8593=CARTESIAN_POINT('',(3.99999999999902,-4.,3.));
#8594=CARTESIAN_POINT('',(3.99999999999902,35.0000000000005,3.));
#8595=CARTESIAN_POINT('',(3.99999999999902,-4.,0.));
#8596=CARTESIAN_POINT('',(3.99999999999902,3.99999999999999,3.));
#8597=CARTESIAN_POINT('',(3.99999999999902,4.,2.));
#8598=CARTESIAN_POINT('',(3.99999999999902,3.40603030380395,3.));
#8599=CARTESIAN_POINT('',(3.99999999999902,55.5736666581667,3.));
#8600=CARTESIAN_POINT('',(3.99999999999902,3.40603030380396,0.));
#8601=CARTESIAN_POINT('',(3.99999999999902,3.40603030380396,0.));
#8602=CARTESIAN_POINT('',(3.99999999999901,-54.7336666581647,0.));
#8603=CARTESIAN_POINT('Origin',(-5.1999999998636,73.200000000001,0.));
#8604=CARTESIAN_POINT('',(-5.19999999986705,69.5250000000014,6.4));
#8605=CARTESIAN_POINT('',(-5.19999999999926,70.000000000001,6.4));
#8606=CARTESIAN_POINT('Ctrl Pts',(-5.19999999986705,69.5250000000014,4.));
#8607=CARTESIAN_POINT('Ctrl Pts',(-5.19999999986705,69.5250000000014,4.8));
#8608=CARTESIAN_POINT('Ctrl Pts',(-5.19999999986705,69.5250000000014,5.6));
#8609=CARTESIAN_POINT('Ctrl Pts',(-5.19999999986705,69.5250000000014,6.4));
#8610=CARTESIAN_POINT('',(-5.19999999986405,72.7250000000014,0.));
#8611=CARTESIAN_POINT('Ctrl Pts',(-5.19999999986405,72.7250000000014,0.));
#8612=CARTESIAN_POINT('Ctrl Pts',(-5.19999999986405,72.7250000000014,1.33333333333333));
#8613=CARTESIAN_POINT('Ctrl Pts',(-5.19999999986405,72.7250000000014,2.66666666666667));
#8614=CARTESIAN_POINT('Ctrl Pts',(-5.19999999986405,72.7250000000014,4.));
#8615=CARTESIAN_POINT('',(-5.20000000000099,-73.199999999999,0.));
#8616=CARTESIAN_POINT('Origin',(-5.1999999998636,73.200000000001,0.));
#8617=CARTESIAN_POINT('',(-5.19999999993606,-4.,4.));
#8618=CARTESIAN_POINT('',(-5.19999999993606,-4.,3.));
#8619=CARTESIAN_POINT('',(-5.19999999993605,-4.,0.));
#8620=CARTESIAN_POINT('',(-5.19999999993718,-5.20000000006381,4.));
#8621=CARTESIAN_POINT('',(-5.19999999993717,1.99999999996565,4.));
#8622=CARTESIAN_POINT('',(-5.19999999993718,-5.20000000006381,0.));
#8623=CARTESIAN_POINT('',(-5.19999999993718,-5.20000000006381,0.));
#8624=CARTESIAN_POINT('',(-5.20000000000054,-72.7249999999986,2.77555756156289E-16));
#8625=CARTESIAN_POINT('',(-5.20000000000099,-73.199999999999,0.));
#8626=CARTESIAN_POINT('',(-5.20000000000054,-72.7249999999986,6.4));
#8627=CARTESIAN_POINT('Ctrl Pts',(-5.20000000000054,-72.7249999999986,6.4));
#8628=CARTESIAN_POINT('Ctrl Pts',(-5.20000000000054,-72.7249999999986,4.26666666666667));
#8629=CARTESIAN_POINT('Ctrl Pts',(-5.20000000000054,-72.7249999999986,2.13333333333333));
#8630=CARTESIAN_POINT('Ctrl Pts',(-5.20000000000054,-72.7249999999986,0.));
#8631=CARTESIAN_POINT('',(-5.19999999999799,-69.999999999999,6.4));
#8632=CARTESIAN_POINT('',(-5.19999999999928,-71.599999999999,6.4));
#8633=CARTESIAN_POINT('',(-5.19999999999928,-60.9471169651677,1.17331554289798));
#8634=CARTESIAN_POINT('',(-5.19999999989795,36.6000000000029,3.));
#8635=CARTESIAN_POINT('Origin',(-4.00000000000098,-4.59396969619747,0.));
#8636=CARTESIAN_POINT('',(0.593969696195722,5.44009282066327E-14,0.));
#8637=CARTESIAN_POINT('',(0.593969696195722,5.49560397189452E-14,3.));
#8638=CARTESIAN_POINT('',(0.593969696195722,5.55111512312578E-14,0.));
#8639=CARTESIAN_POINT('',(-4.00000000000098,-4.59396969619747,0.));
#8640=CARTESIAN_POINT('',(-1.85150757595155,-2.44547727214765,3.));
#8641=CARTESIAN_POINT('Origin',(-4.00000000000098,-4.59396969619747,0.));
#8642=CARTESIAN_POINT('',(-3.40603030380362,-4.,0.));
#8643=CARTESIAN_POINT('',(-3.40603030380362,-4.,3.));
#8644=CARTESIAN_POINT('',(-3.40603030380362,-4.,0.));
#8645=CARTESIAN_POINT('',(-9.27591337074318E-13,-0.593969696196701,0.));
#8646=CARTESIAN_POINT('',(-4.00000000000098,-4.59396969619747,0.));
#8647=CARTESIAN_POINT('',(-9.27868892830475E-13,-0.593969696196702,3.));
#8648=CARTESIAN_POINT('',(-9.27313781318162E-13,-0.593969696196702,0.));
#8649=CARTESIAN_POINT('',(-1.85150757595155,-2.44547727214765,3.));
#8650=CARTESIAN_POINT('Origin',(3.99999999999902,4.59396969619747,0.));
#8651=CARTESIAN_POINT('',(-0.593969696197685,-5.16253706450698E-14,0.));
#8652=CARTESIAN_POINT('',(-0.593969696197685,-5.13478148889135E-14,3.));
#8653=CARTESIAN_POINT('',(-0.593969696197685,-5.10702591327572E-14,0.));
#8654=CARTESIAN_POINT('',(3.99999999999902,4.59396969619747,0.));
#8655=CARTESIAN_POINT('',(1.85150757595008,2.44547727214815,3.));
#8656=CARTESIAN_POINT('Origin',(3.99999999999902,4.59396969619747,0.));
#8657=CARTESIAN_POINT('',(3.40603030380165,4.,0.));
#8658=CARTESIAN_POINT('',(3.40603030380165,4.,3.));
#8659=CARTESIAN_POINT('',(3.40603030380165,4.,2.));
#8660=CARTESIAN_POINT('',(-1.03417274743833E-12,0.593969696196705,0.));
#8661=CARTESIAN_POINT('',(3.99999999999902,4.59396969619747,0.));
#8662=CARTESIAN_POINT('',(-1.03445030319449E-12,0.593969696196705,3.));
#8663=CARTESIAN_POINT('',(-1.0350054147068E-12,0.593969696196704,0.));
#8664=CARTESIAN_POINT('',(1.85150757595008,2.44547727214815,3.));
#8665=CARTESIAN_POINT('Ctrl Pts',(-9.89261450534684E-13,-70.474999999999,
4.));
#8666=CARTESIAN_POINT('Ctrl Pts',(-9.89261450534684E-13,-70.474999999999,
4.8));
#8667=CARTESIAN_POINT('Ctrl Pts',(-9.89261450534684E-13,-70.474999999999,
5.6));
#8668=CARTESIAN_POINT('Ctrl Pts',(-9.89261450534684E-13,-70.474999999999,
6.4));
#8669=CARTESIAN_POINT('Ctrl Pts',(-9.89275363647671E-13,-70.398192082654,
4.));
#8670=CARTESIAN_POINT('Ctrl Pts',(-9.89275363647671E-13,-70.398192082654,
4.8));
#8671=CARTESIAN_POINT('Ctrl Pts',(-9.89275363647671E-13,-70.398192082654,
5.6));
#8672=CARTESIAN_POINT('Ctrl Pts',(-9.89275363647671E-13,-70.398192082654,
6.4));
#8673=CARTESIAN_POINT('Ctrl Pts',(-0.0264381308854141,-70.2494516031028,
4.));
#8674=CARTESIAN_POINT('Ctrl Pts',(-0.0264381308854141,-70.2494516031028,
4.8));
#8675=CARTESIAN_POINT('Ctrl Pts',(-0.0264381308854141,-70.2494516031028,
5.6));
#8676=CARTESIAN_POINT('Ctrl Pts',(-0.0264381308854141,-70.2494516031028,
6.4));
#8677=CARTESIAN_POINT('Ctrl Pts',(-0.176939132326851,-70.0517509570935,
4.));
#8678=CARTESIAN_POINT('Ctrl Pts',(-0.176939132326851,-70.0517509570935,
4.8));
#8679=CARTESIAN_POINT('Ctrl Pts',(-0.176939132326851,-70.0517509570935,
5.6));
#8680=CARTESIAN_POINT('Ctrl Pts',(-0.176939132326851,-70.0517509570935,
6.40000000000001));
#8681=CARTESIAN_POINT('Ctrl Pts',(-0.359788123983438,-69.999999999999,4.));
#8682=CARTESIAN_POINT('Ctrl Pts',(-0.359788123983438,-69.999999999999,4.8));
#8683=CARTESIAN_POINT('Ctrl Pts',(-0.359788123983438,-69.999999999999,5.6));
#8684=CARTESIAN_POINT('Ctrl Pts',(-0.359788123983438,-69.999999999999,6.4));
#8685=CARTESIAN_POINT('Ctrl Pts',(-0.475000000000989,-69.999999999999,4.));
#8686=CARTESIAN_POINT('Ctrl Pts',(-0.475000000000989,-69.999999999999,4.8));
#8687=CARTESIAN_POINT('Ctrl Pts',(-0.475000000000989,-69.999999999999,5.6));
#8688=CARTESIAN_POINT('Ctrl Pts',(-0.475000000000989,-69.999999999999,6.4));
#8689=CARTESIAN_POINT('',(-0.475000000000989,-69.999999999999,6.4));
#8690=CARTESIAN_POINT('',(-9.89261450534684E-13,-70.474999999999,6.4));
#8691=CARTESIAN_POINT('Ctrl Pts',(-0.475000000000989,-69.999999999999,6.4));
#8692=CARTESIAN_POINT('Ctrl Pts',(-0.359788123983438,-69.999999999999,6.4));
#8693=CARTESIAN_POINT('Ctrl Pts',(-0.250078728989486,-70.0310505742557,
6.4));
#8694=CARTESIAN_POINT('Ctrl Pts',(-0.167494713478393,-70.0943081129322,
6.4));
#8695=CARTESIAN_POINT('Ctrl Pts',(-0.112438703137664,-70.1364798053832,
6.4));
#8696=CARTESIAN_POINT('Ctrl Pts',(-0.069438417011539,-70.192965704243,6.4));
#8697=CARTESIAN_POINT('Ctrl Pts',(-0.0413287412273704,-70.2583937735607,
6.4));
#8698=CARTESIAN_POINT('Ctrl Pts',(-0.0132190654432017,-70.3238218428784,
6.4));
#8699=CARTESIAN_POINT('Ctrl Pts',(-9.89275363647671E-13,-70.398192082654,
6.4));
#8700=CARTESIAN_POINT('Ctrl Pts',(-9.89261450534684E-13,-70.474999999999,
6.4));
#8701=CARTESIAN_POINT('Ctrl Pts',(-9.89261450534684E-13,-70.474999999999,
6.4));
#8702=CARTESIAN_POINT('Ctrl Pts',(-9.89261450534684E-13,-70.474999999999,
5.6));
#8703=CARTESIAN_POINT('Ctrl Pts',(-9.89261450534684E-13,-70.474999999999,
4.8));
#8704=CARTESIAN_POINT('Ctrl Pts',(-9.89261450534684E-13,-70.474999999999,
4.));
#8705=CARTESIAN_POINT('Ctrl Pts',(-0.475000000000989,-69.999999999999,4.));
#8706=CARTESIAN_POINT('Ctrl Pts',(-0.475000000000989,-69.999999999999,4.8));
#8707=CARTESIAN_POINT('Ctrl Pts',(-0.475000000000989,-69.999999999999,5.6));
#8708=CARTESIAN_POINT('Ctrl Pts',(-0.475000000000989,-69.999999999999,6.4));
#8709=CARTESIAN_POINT('Origin',(-9.89386350624954E-13,-71.599999999999,
4.));
#8710=CARTESIAN_POINT('',(-9.89303083898107E-13,-70.849999999999,6.4));
#8711=CARTESIAN_POINT('',(-9.73843228280202E-13,68.400000000001,6.4));
#8712=CARTESIAN_POINT('Ctrl Pts',(-9.89303083898107E-13,-70.849999999999,
4.));
#8713=CARTESIAN_POINT('Ctrl Pts',(-9.89303083898107E-13,-70.849999999999,
4.8));
#8714=CARTESIAN_POINT('Ctrl Pts',(-9.89303083898107E-13,-70.849999999999,
5.6));
#8715=CARTESIAN_POINT('Ctrl Pts',(-9.89303083898107E-13,-70.849999999999,
6.4));
#8716=CARTESIAN_POINT('Origin',(-2.60000000000012,68.400000000001,6.4));
#8717=CARTESIAN_POINT('',(-9.87543380404077E-13,-69.999999999999,6.4));
#8718=CARTESIAN_POINT('',(-9.87543380404077E-13,-69.999999999999,6.4));
#8719=CARTESIAN_POINT('',(-4.72500000000054,-73.199999999999,6.4));
#8720=CARTESIAN_POINT('Ctrl Pts',(-4.72500000000054,-73.199999999999,6.4));
#8721=CARTESIAN_POINT('Ctrl Pts',(-4.84021187601815,-73.199999999999,6.4));
#8722=CARTESIAN_POINT('Ctrl Pts',(-4.9499208544253,-73.1689472628974,6.4));
#8723=CARTESIAN_POINT('Ctrl Pts',(-5.03250472903133,-73.105689370748,6.4));
#8724=CARTESIAN_POINT('Ctrl Pts',(-5.08756064543535,-73.0635174426484,6.4));
#8725=CARTESIAN_POINT('Ctrl Pts',(-5.13056096014999,-73.0070321123052,6.4));
#8726=CARTESIAN_POINT('Ctrl Pts',(-5.1586707987913,-72.9416047309791,6.4));
#8727=CARTESIAN_POINT('Ctrl Pts',(-5.18678063743262,-72.8761773496529,6.4));
#8728=CARTESIAN_POINT('Ctrl Pts',(-5.20000000000062,-72.8018079173436,6.4));
#8729=CARTESIAN_POINT('Ctrl Pts',(-5.20000000000054,-72.7249999999986,6.4));
#8730=CARTESIAN_POINT('',(-4.02500000000099,-73.199999999999,6.4));
#8731=CARTESIAN_POINT('',(-4.00000000000099,-73.199999999999,6.4));
#8732=CARTESIAN_POINT('',(-3.55000000000099,-72.724999999999,6.4));
#8733=CARTESIAN_POINT('Ctrl Pts',(-3.55000000000099,-72.724999999999,6.4));
#8734=CARTESIAN_POINT('Ctrl Pts',(-3.55000000000099,-72.8402118760166,6.4));
#8735=CARTESIAN_POINT('Ctrl Pts',(-3.58105249670922,-72.949920900819,6.4));
#8736=CARTESIAN_POINT('Ctrl Pts',(-3.64431034940519,-73.0325047910843,6.4));
#8737=CARTESIAN_POINT('Ctrl Pts',(-3.68648225120251,-73.0875607179278,6.4));
#8738=CARTESIAN_POINT('Ctrl Pts',(-3.74296764454993,-73.1305610294215,6.4));
#8739=CARTESIAN_POINT('Ctrl Pts',(-3.80839510241329,-73.1586708499393,6.4));
#8740=CARTESIAN_POINT('Ctrl Pts',(-3.87382256027665,-73.1867806704571,6.4));
#8741=CARTESIAN_POINT('Ctrl Pts',(-3.94819208265596,-73.199999999999,6.4));
#8742=CARTESIAN_POINT('Ctrl Pts',(-4.02500000000099,-73.199999999999,6.4));
#8743=CARTESIAN_POINT('',(-3.55000000000099,-72.6713203435587,6.4));
#8744=CARTESIAN_POINT('',(-3.55000000000097,70.000000000001,6.4));
#8745=CARTESIAN_POINT('',(-4.00000000000099,-71.599999999999,6.4));
#8746=CARTESIAN_POINT('Ctrl Pts',(-3.55000000000099,-72.6713203435586,6.4));
#8747=CARTESIAN_POINT('Ctrl Pts',(-3.55000000000099,-72.5538637330281,6.4));
#8748=CARTESIAN_POINT('Ctrl Pts',(-3.55000000000099,-72.4449554734345,6.4));
#8749=CARTESIAN_POINT('Ctrl Pts',(-3.57450322217916,-72.2414703150956,6.4));
#8750=CARTESIAN_POINT('Ctrl Pts',(-3.59683180568359,-72.1505995813264,6.4));
#8751=CARTESIAN_POINT('Ctrl Pts',(-3.71094100560591,-71.8948162679642,6.4));
#8752=CARTESIAN_POINT('Ctrl Pts',(-3.8285847011465,-71.7714152988535,6.4));
#8753=CARTESIAN_POINT('Ctrl Pts',(-4.00000000000094,-71.5999999999991,6.4));
#8754=CARTESIAN_POINT('',(-0.750000000000989,-71.599999999999,6.4));
#8755=CARTESIAN_POINT('',(-9.89386350624954E-13,-71.599999999999,6.4));
#8756=CARTESIAN_POINT('Ctrl Pts',(-9.89295451114813E-13,-70.849999999999,
6.4));
#8757=CARTESIAN_POINT('Ctrl Pts',(-9.89307015937986E-13,-71.0319134884478,
6.4));
#8758=CARTESIAN_POINT('Ctrl Pts',(-0.0490281117307973,-71.2051386779791,
6.4));
#8759=CARTESIAN_POINT('Ctrl Pts',(-0.148908580768419,-71.3355344340073,
6.4));
#8760=CARTESIAN_POINT('Ctrl Pts',(-0.215495560126833,-71.4224649380262,
6.4));
#8761=CARTESIAN_POINT('Ctrl Pts',(-0.304683587177608,-71.4903601382659,
6.4));
#8762=CARTESIAN_POINT('Ctrl Pts',(-0.407990782404687,-71.5347439037592,
6.4));
#8763=CARTESIAN_POINT('Ctrl Pts',(-0.511297977631765,-71.5791276692524,
6.4));
#8764=CARTESIAN_POINT('Ctrl Pts',(-0.628724341035146,-71.599999999999,6.4));
#8765=CARTESIAN_POINT('Ctrl Pts',(-0.750000000000989,-71.599999999999,6.4));
#8766=CARTESIAN_POINT('Ctrl Pts',(-4.02500000000099,-73.199999999999,4.));
#8767=CARTESIAN_POINT('Ctrl Pts',(-4.02500000000099,-73.199999999999,4.8));
#8768=CARTESIAN_POINT('Ctrl Pts',(-4.02500000000099,-73.199999999999,5.6));
#8769=CARTESIAN_POINT('Ctrl Pts',(-4.02500000000099,-73.199999999999,6.4));
#8770=CARTESIAN_POINT('Ctrl Pts',(-3.94819208265596,-73.199999999999,4.));
#8771=CARTESIAN_POINT('Ctrl Pts',(-3.94819208265596,-73.199999999999,4.8));
#8772=CARTESIAN_POINT('Ctrl Pts',(-3.94819208265596,-73.199999999999,5.6));
#8773=CARTESIAN_POINT('Ctrl Pts',(-3.94819208265596,-73.199999999999,6.4));
#8774=CARTESIAN_POINT('Ctrl Pts',(-3.79945303789735,-73.1735613409152,4.));
#8775=CARTESIAN_POINT('Ctrl Pts',(-3.79945303789735,-73.1735613409152,4.8));
#8776=CARTESIAN_POINT('Ctrl Pts',(-3.79945303789735,-73.1735613409152,5.6));
#8777=CARTESIAN_POINT('Ctrl Pts',(-3.79945303789735,-73.1735613409152,6.4));
#8778=CARTESIAN_POINT('Ctrl Pts',(-3.60175416118138,-73.0230602506873,4.));
#8779=CARTESIAN_POINT('Ctrl Pts',(-3.60175416118138,-73.0230602506873,4.8));
#8780=CARTESIAN_POINT('Ctrl Pts',(-3.60175416118138,-73.0230602506873,5.6));
#8781=CARTESIAN_POINT('Ctrl Pts',(-3.60175416118138,-73.0230602506873,6.4));
#8782=CARTESIAN_POINT('Ctrl Pts',(-3.55000000000099,-72.8402118760166,4.));
#8783=CARTESIAN_POINT('Ctrl Pts',(-3.55000000000099,-72.8402118760166,4.8));
#8784=CARTESIAN_POINT('Ctrl Pts',(-3.55000000000099,-72.8402118760166,5.6));
#8785=CARTESIAN_POINT('Ctrl Pts',(-3.55000000000099,-72.8402118760166,6.4));
#8786=CARTESIAN_POINT('Ctrl Pts',(-3.55000000000099,-72.724999999999,4.));
#8787=CARTESIAN_POINT('Ctrl Pts',(-3.55000000000099,-72.724999999999,4.8));
#8788=CARTESIAN_POINT('Ctrl Pts',(-3.55000000000099,-72.724999999999,5.6));
#8789=CARTESIAN_POINT('Ctrl Pts',(-3.55000000000099,-72.724999999999,6.4));
#8790=CARTESIAN_POINT('Ctrl Pts',(-4.02500000000099,-73.199999999999,6.4));
#8791=CARTESIAN_POINT('Ctrl Pts',(-4.02500000000099,-73.199999999999,5.6));
#8792=CARTESIAN_POINT('Ctrl Pts',(-4.02500000000099,-73.199999999999,4.8));
#8793=CARTESIAN_POINT('Ctrl Pts',(-4.02500000000099,-73.199999999999,4.));
#8794=CARTESIAN_POINT('Ctrl Pts',(-3.55000000000099,-72.724999999999,4.));
#8795=CARTESIAN_POINT('Ctrl Pts',(-3.55000000000099,-72.724999999999,4.8));
#8796=CARTESIAN_POINT('Ctrl Pts',(-3.55000000000099,-72.724999999999,5.6));
#8797=CARTESIAN_POINT('Ctrl Pts',(-3.55000000000099,-72.724999999999,6.4));
#8798=CARTESIAN_POINT('Origin',(-5.20000000000099,-73.199999999999,0.));
#8799=CARTESIAN_POINT('',(-4.72500000000054,-73.199999999999,2.77555756156289E-16));
#8800=CARTESIAN_POINT('Ctrl Pts',(-4.72500000000054,-73.199999999999,0.));
#8801=CARTESIAN_POINT('Ctrl Pts',(-4.72500000000054,-73.199999999999,2.13333333333333));
#8802=CARTESIAN_POINT('Ctrl Pts',(-4.72500000000054,-73.199999999999,4.26666666666667));
#8803=CARTESIAN_POINT('Ctrl Pts',(-4.72500000000054,-73.199999999999,6.4));
#8804=CARTESIAN_POINT('',(4.72499999999946,-73.199999999999,0.));
#8805=CARTESIAN_POINT('',(5.19999999999902,-73.199999999999,0.));
#8806=CARTESIAN_POINT('Ctrl Pts',(4.72499999999946,-73.199999999999,4.));
#8807=CARTESIAN_POINT('Ctrl Pts',(4.72499999999946,-73.199999999999,2.66666666666667));
#8808=CARTESIAN_POINT('Ctrl Pts',(4.72499999999946,-73.199999999999,1.33333333333333));
#8809=CARTESIAN_POINT('Ctrl Pts',(4.72499999999946,-73.199999999999,0.));
#8810=CARTESIAN_POINT('Ctrl Pts',(-3.55000000000097,69.525000000001,4.));
#8811=CARTESIAN_POINT('Ctrl Pts',(-3.55000000000097,69.525000000001,4.8));
#8812=CARTESIAN_POINT('Ctrl Pts',(-3.55000000000097,69.525000000001,5.6));
#8813=CARTESIAN_POINT('Ctrl Pts',(-3.55000000000097,69.525000000001,6.4));
#8814=CARTESIAN_POINT('Ctrl Pts',(-3.55000000000097,69.601807917346,4.));
#8815=CARTESIAN_POINT('Ctrl Pts',(-3.55000000000097,69.601807917346,4.8));
#8816=CARTESIAN_POINT('Ctrl Pts',(-3.55000000000097,69.601807917346,5.6));
#8817=CARTESIAN_POINT('Ctrl Pts',(-3.55000000000097,69.601807917346,6.4));
#8818=CARTESIAN_POINT('Ctrl Pts',(-3.57643841844562,69.7505476170411,4.));
#8819=CARTESIAN_POINT('Ctrl Pts',(-3.57643841844562,69.7505476170411,4.8));
#8820=CARTESIAN_POINT('Ctrl Pts',(-3.57643841844562,69.7505476170411,5.6));
#8821=CARTESIAN_POINT('Ctrl Pts',(-3.57643841844562,69.7505476170411,6.4));
#8822=CARTESIAN_POINT('Ctrl Pts',(-3.72693946792257,69.9482472985126,4.));
#8823=CARTESIAN_POINT('Ctrl Pts',(-3.72693946792257,69.9482472985126,4.8));
#8824=CARTESIAN_POINT('Ctrl Pts',(-3.72693946792257,69.9482472985126,5.6));
#8825=CARTESIAN_POINT('Ctrl Pts',(-3.72693946792257,69.9482472985126,6.4));
#8826=CARTESIAN_POINT('Ctrl Pts',(-3.90978812398342,70.000000000001,4.));
#8827=CARTESIAN_POINT('Ctrl Pts',(-3.90978812398342,70.000000000001,4.8));
#8828=CARTESIAN_POINT('Ctrl Pts',(-3.90978812398342,70.000000000001,5.6));
#8829=CARTESIAN_POINT('Ctrl Pts',(-3.90978812398342,70.000000000001,6.4));
#8830=CARTESIAN_POINT('Ctrl Pts',(-4.02500000000097,70.000000000001,4.));
#8831=CARTESIAN_POINT('Ctrl Pts',(-4.02500000000097,70.000000000001,4.8));
#8832=CARTESIAN_POINT('Ctrl Pts',(-4.02500000000097,70.000000000001,5.6));
#8833=CARTESIAN_POINT('Ctrl Pts',(-4.02500000000097,70.000000000001,6.4));
#8834=CARTESIAN_POINT('',(-4.02500000000097,70.000000000001,6.4));
#8835=CARTESIAN_POINT('',(-3.55000000000097,69.525000000001,6.4));
#8836=CARTESIAN_POINT('Ctrl Pts',(-4.02500000000097,70.000000000001,6.4));
#8837=CARTESIAN_POINT('Ctrl Pts',(-3.90978812398342,70.000000000001,6.4));
#8838=CARTESIAN_POINT('Ctrl Pts',(-3.80007893034691,69.968948379108,6.4));
#8839=CARTESIAN_POINT('Ctrl Pts',(-3.7174949830268,69.9056906698009,6.4));
#8840=CARTESIAN_POINT('Ctrl Pts',(-3.66243901814673,69.8635188635962,6.4));
#8841=CARTESIAN_POINT('Ctrl Pts',(-3.61943871829617,69.8070332403186,6.4));
#8842=CARTESIAN_POINT('Ctrl Pts',(-3.59132896375973,69.7416055037561,6.4));
#8843=CARTESIAN_POINT('Ctrl Pts',(-3.56321920922329,69.6761777671935,6.4));
#8844=CARTESIAN_POINT('Ctrl Pts',(-3.55000000000097,69.601807917346,6.4));
#8845=CARTESIAN_POINT('Ctrl Pts',(-3.55000000000097,69.525000000001,6.4));
#8846=CARTESIAN_POINT('Ctrl Pts',(-3.55000000000097,69.525000000001,6.4));
#8847=CARTESIAN_POINT('Ctrl Pts',(-3.55000000000097,69.525000000001,5.6));
#8848=CARTESIAN_POINT('Ctrl Pts',(-3.55000000000097,69.525000000001,4.8));
#8849=CARTESIAN_POINT('Ctrl Pts',(-3.55000000000097,69.525000000001,4.));
#8850=CARTESIAN_POINT('Ctrl Pts',(-4.02500000000097,70.000000000001,4.));
#8851=CARTESIAN_POINT('Ctrl Pts',(-4.02500000000097,70.000000000001,4.8));
#8852=CARTESIAN_POINT('Ctrl Pts',(-4.02500000000097,70.000000000001,5.6));
#8853=CARTESIAN_POINT('Ctrl Pts',(-4.02500000000097,70.000000000001,6.4));
#8854=CARTESIAN_POINT('Origin',(-3.55000000000097,68.850000000001,4.));
#8855=CARTESIAN_POINT('',(-3.55000000000097,69.4713203435606,6.4));
#8856=CARTESIAN_POINT('',(-3.55000000000097,70.000000000001,6.4));
#8857=CARTESIAN_POINT('',(-3.55000000000097,69.4713203435606,4.));
#8858=CARTESIAN_POINT('Origin',(-2.60000000000012,68.400000000001,6.4));
#8859=CARTESIAN_POINT('',(-4.72499999986705,70.000000000001,6.4));
#8860=CARTESIAN_POINT('',(-4.00000000000097,70.000000000001,6.4));
#8861=CARTESIAN_POINT('Ctrl Pts',(-5.19999999986705,69.5250000000014,6.4));
#8862=CARTESIAN_POINT('Ctrl Pts',(-5.19999999986694,69.6402118760189,6.4));
#8863=CARTESIAN_POINT('Ctrl Pts',(-5.16894812145826,69.7499210200451,6.4));
#8864=CARTESIAN_POINT('Ctrl Pts',(-5.10569037004779,69.8325049505887,6.4));
#8865=CARTESIAN_POINT('Ctrl Pts',(-5.06351853577414,69.8875609042844,6.4));
#8866=CARTESIAN_POINT('Ctrl Pts',(-5.00703298016637,69.9305612075434,6.4));
#8867=CARTESIAN_POINT('Ctrl Pts',(-4.94160532552585,69.9586709814726,6.4));
#8868=CARTESIAN_POINT('Ctrl Pts',(-4.87617767088532,69.9867807554017,6.4));
#8869=CARTESIAN_POINT('Ctrl Pts',(-4.80180791721205,70.000000000001,6.4));
#8870=CARTESIAN_POINT('Ctrl Pts',(-4.72499999986705,70.000000000001,6.4));
#8871=CARTESIAN_POINT('',(-0.891727690217603,66.800000000001,6.4));
#8872=CARTESIAN_POINT('',(-4.00000000000098,66.800000000001,6.4));
#8873=CARTESIAN_POINT('',(-9.74020863964142E-13,66.800000000001,6.4));
#8874=CARTESIAN_POINT('',(-4.00000000000098,66.800000000001,6.4));
#8875=CARTESIAN_POINT('',(-9.73926495007049E-13,67.650000000001,6.4));
#8876=CARTESIAN_POINT('',(-9.73843228280202E-13,68.400000000001,6.4));
#8877=CARTESIAN_POINT('',(-0.750000000000974,68.400000000001,6.4));
#8878=CARTESIAN_POINT('Ctrl Pts',(-0.750000000000974,68.400000000001,6.4));
#8879=CARTESIAN_POINT('Ctrl Pts',(-0.568086511552209,68.400000000001,6.4));
#8880=CARTESIAN_POINT('Ctrl Pts',(-0.394861025843101,68.3509734292342,6.4));
#8881=CARTESIAN_POINT('Ctrl Pts',(-0.264465169411629,68.2510932109149,6.4));
#8882=CARTESIAN_POINT('Ctrl Pts',(-0.177534598457314,68.1845063987021,6.4));
#8883=CARTESIAN_POINT('Ctrl Pts',(-0.109639418293059,68.0953179653548,6.4));
#8884=CARTESIAN_POINT('Ctrl Pts',(-0.0652557686789744,67.992010280421,6.4));
#8885=CARTESIAN_POINT('Ctrl Pts',(-0.0208721190648894,67.8887025954872,
6.4));
#8886=CARTESIAN_POINT('Ctrl Pts',(-9.73929187867627E-13,67.7712756589668,
6.4));
#8887=CARTESIAN_POINT('Ctrl Pts',(-9.73926495007049E-13,67.650000000001,
6.4));
#8888=CARTESIAN_POINT('',(-4.00000000000097,68.400000000001,6.4));
#8889=CARTESIAN_POINT('',(-5.19999999999926,68.400000000001,6.4));
#8890=CARTESIAN_POINT('',(-3.98933982822117,68.4106601717808,6.4));
#8891=CARTESIAN_POINT('',(-4.00000000000097,68.400000000001,6.4));
#8892=CARTESIAN_POINT('Ctrl Pts',(-3.55000000000097,69.4713203435606,6.4));
#8893=CARTESIAN_POINT('Ctrl Pts',(-3.55000000000097,69.2355894127961,6.4));
#8894=CARTESIAN_POINT('Ctrl Pts',(-3.55985863148149,69.0486999931083,6.4));
#8895=CARTESIAN_POINT('Ctrl Pts',(-3.62827753331023,68.8818745762959,6.4));
#8896=CARTESIAN_POINT('Ctrl Pts',(-3.66248698422459,68.7984618678897,6.4));
#8897=CARTESIAN_POINT('Ctrl Pts',(-3.71133650272601,68.7200651602023,6.4));
#8898=CARTESIAN_POINT('Ctrl Pts',(-3.77221855408712,68.6439507596422,6.4));
#8899=CARTESIAN_POINT('Ctrl Pts',(-3.83310060544824,68.5678363590821,6.4));
#8900=CARTESIAN_POINT('Ctrl Pts',(-3.90601518966904,68.4940042656493,6.39999999999999));
#8901=CARTESIAN_POINT('Ctrl Pts',(-3.98933984064789,68.410660190828,6.4));
#8902=CARTESIAN_POINT('Ctrl Pts',(5.20000000013596,72.7250000000005,0.));
#8903=CARTESIAN_POINT('Ctrl Pts',(5.20000000013596,72.7250000000005,1.33333333333333));
#8904=CARTESIAN_POINT('Ctrl Pts',(5.20000000013596,72.7250000000005,2.66666666666667));
#8905=CARTESIAN_POINT('Ctrl Pts',(5.20000000013596,72.7250000000005,4.));
#8906=CARTESIAN_POINT('Ctrl Pts',(5.20000000013603,72.8018079173456,0.));
#8907=CARTESIAN_POINT('Ctrl Pts',(5.20000000013603,72.8018079173456,1.33333333333334));
#8908=CARTESIAN_POINT('Ctrl Pts',(5.20000000013603,72.8018079173456,2.66666666666666));
#8909=CARTESIAN_POINT('Ctrl Pts',(5.20000000013603,72.8018079173456,4.));
#8910=CARTESIAN_POINT('Ctrl Pts',(5.17356145042686,72.9505472600456,0.));
#8911=CARTESIAN_POINT('Ctrl Pts',(5.17356145042686,72.9505472600456,1.33333333333333));
#8912=CARTESIAN_POINT('Ctrl Pts',(5.17356145042686,72.9505472600456,2.66666666666667));
#8913=CARTESIAN_POINT('Ctrl Pts',(5.17356145042686,72.9505472600456,4.));
#8914=CARTESIAN_POINT('Ctrl Pts',(5.0230603787831,73.148246502267,0.));
#8915=CARTESIAN_POINT('Ctrl Pts',(5.0230603787831,73.148246502267,1.33333333333334));
#8916=CARTESIAN_POINT('Ctrl Pts',(5.0230603787831,73.148246502267,2.66666666666667));
#8917=CARTESIAN_POINT('Ctrl Pts',(5.0230603787831,73.148246502267,4.));
#8918=CARTESIAN_POINT('Ctrl Pts',(4.84021187615356,73.200000000001,0.));
#8919=CARTESIAN_POINT('Ctrl Pts',(4.84021187615356,73.200000000001,1.33333333333333));
#8920=CARTESIAN_POINT('Ctrl Pts',(4.84021187615356,73.200000000001,2.66666666666667));
#8921=CARTESIAN_POINT('Ctrl Pts',(4.84021187615356,73.200000000001,4.));
#8922=CARTESIAN_POINT('Ctrl Pts',(4.72500000013596,73.200000000001,0.));
#8923=CARTESIAN_POINT('Ctrl Pts',(4.72500000013596,73.200000000001,1.33333333333333));
#8924=CARTESIAN_POINT('Ctrl Pts',(4.72500000013596,73.200000000001,2.66666666666667));
#8925=CARTESIAN_POINT('Ctrl Pts',(4.72500000013596,73.200000000001,4.));
#8926=CARTESIAN_POINT('',(4.72500000013596,73.200000000001,0.));
#8927=CARTESIAN_POINT('Ctrl Pts',(5.20000000013596,72.7250000000005,1.38777878078145E-16));
#8928=CARTESIAN_POINT('Ctrl Pts',(5.20000000013603,72.8018079173456,1.38777878078145E-16));
#8929=CARTESIAN_POINT('Ctrl Pts',(5.18678072528144,72.8761775886956,1.38777878078145E-16));
#8930=CARTESIAN_POINT('Ctrl Pts',(5.15867093476219,72.9416051732594,1.38777878078144E-16));
#8931=CARTESIAN_POINT('Ctrl Pts',(5.13056114424293,73.0070327578232,1.38777878078144E-16));
#8932=CARTESIAN_POINT('Ctrl Pts',(5.087560838059,73.0635182556007,1.38777878078145E-16));
#8933=CARTESIAN_POINT('Ctrl Pts',(5.03250489392791,73.1056901139047,1.38777878078145E-16));
#8934=CARTESIAN_POINT('Ctrl Pts',(4.94992097773129,73.1689479013606,1.38777878078145E-16));
#8935=CARTESIAN_POINT('Ctrl Pts',(4.84021187615356,73.200000000001,1.38777878078144E-16));
#8936=CARTESIAN_POINT('Ctrl Pts',(4.72500000013596,73.200000000001,1.38777878078145E-16));
#8937=CARTESIAN_POINT('Ctrl Pts',(4.72500000013596,73.200000000001,0.));
#8938=CARTESIAN_POINT('Ctrl Pts',(4.72500000013596,73.200000000001,1.33333333333333));
#8939=CARTESIAN_POINT('Ctrl Pts',(4.72500000013596,73.200000000001,2.66666666666667));
#8940=CARTESIAN_POINT('Ctrl Pts',(4.72500000013596,73.200000000001,4.));
#8941=CARTESIAN_POINT('Ctrl Pts',(-4.72499999986705,70.000000000001,4.));
#8942=CARTESIAN_POINT('Ctrl Pts',(-4.72499999986705,70.000000000001,4.8));
#8943=CARTESIAN_POINT('Ctrl Pts',(-4.72499999986705,70.000000000001,5.6));
#8944=CARTESIAN_POINT('Ctrl Pts',(-4.72499999986705,70.000000000001,6.4));
#8945=CARTESIAN_POINT('Ctrl Pts',(-4.80180791721205,70.000000000001,4.));
#8946=CARTESIAN_POINT('Ctrl Pts',(-4.80180791721205,70.000000000001,4.8));
#8947=CARTESIAN_POINT('Ctrl Pts',(-4.80180791721205,70.000000000001,5.6));
#8948=CARTESIAN_POINT('Ctrl Pts',(-4.80180791721205,70.000000000001,6.4));
#8949=CARTESIAN_POINT('Ctrl Pts',(-4.9505474245586,69.9735615108024,4.));
#8950=CARTESIAN_POINT('Ctrl Pts',(-4.9505474245586,69.9735615108024,4.8));
#8951=CARTESIAN_POINT('Ctrl Pts',(-4.9505474245586,69.9735615108024,5.6));
#8952=CARTESIAN_POINT('Ctrl Pts',(-4.9505474245586,69.9735615108024,6.4));
#8953=CARTESIAN_POINT('Ctrl Pts',(-5.14824686918581,69.8230604493959,4.));
#8954=CARTESIAN_POINT('Ctrl Pts',(-5.14824686918581,69.8230604493959,4.8));
#8955=CARTESIAN_POINT('Ctrl Pts',(-5.14824686918581,69.8230604493959,5.6));
#8956=CARTESIAN_POINT('Ctrl Pts',(-5.14824686918581,69.8230604493959,6.4));
#8957=CARTESIAN_POINT('Ctrl Pts',(-5.19999999986694,69.6402118760189,4.));
#8958=CARTESIAN_POINT('Ctrl Pts',(-5.19999999986694,69.6402118760189,4.8));
#8959=CARTESIAN_POINT('Ctrl Pts',(-5.19999999986694,69.6402118760189,5.6));
#8960=CARTESIAN_POINT('Ctrl Pts',(-5.19999999986694,69.6402118760189,6.4));
#8961=CARTESIAN_POINT('Ctrl Pts',(-5.19999999986705,69.5250000000014,4.));
#8962=CARTESIAN_POINT('Ctrl Pts',(-5.19999999986705,69.5250000000014,4.8));
#8963=CARTESIAN_POINT('Ctrl Pts',(-5.19999999986705,69.5250000000014,5.6));
#8964=CARTESIAN_POINT('Ctrl Pts',(-5.19999999986705,69.5250000000014,6.4));
#8965=CARTESIAN_POINT('Ctrl Pts',(-4.72499999986705,70.000000000001,6.4));
#8966=CARTESIAN_POINT('Ctrl Pts',(-4.72499999986705,70.000000000001,5.6));
#8967=CARTESIAN_POINT('Ctrl Pts',(-4.72499999986705,70.000000000001,4.8));
#8968=CARTESIAN_POINT('Ctrl Pts',(-4.72499999986705,70.000000000001,4.));
#8969=CARTESIAN_POINT('Ctrl Pts',(-4.72499999986405,73.200000000001,0.));
#8970=CARTESIAN_POINT('Ctrl Pts',(-4.72499999986405,73.200000000001,1.33333333333333));
#8971=CARTESIAN_POINT('Ctrl Pts',(-4.72499999986405,73.200000000001,2.66666666666667));
#8972=CARTESIAN_POINT('Ctrl Pts',(-4.72499999986405,73.200000000001,4.));
#8973=CARTESIAN_POINT('Ctrl Pts',(-4.80180791720905,73.200000000001,0.));
#8974=CARTESIAN_POINT('Ctrl Pts',(-4.80180791720905,73.200000000001,1.33333333333334));
#8975=CARTESIAN_POINT('Ctrl Pts',(-4.80180791720905,73.200000000001,2.66666666666667));
#8976=CARTESIAN_POINT('Ctrl Pts',(-4.80180791720905,73.200000000001,4.));
#8977=CARTESIAN_POINT('Ctrl Pts',(-4.95054725990885,73.1735614502917,0.));
#8978=CARTESIAN_POINT('Ctrl Pts',(-4.95054725990885,73.1735614502917,1.33333333333333));
#8979=CARTESIAN_POINT('Ctrl Pts',(-4.95054725990885,73.1735614502917,2.66666666666667));
#8980=CARTESIAN_POINT('Ctrl Pts',(-4.95054725990885,73.1735614502917,4.));
#8981=CARTESIAN_POINT('Ctrl Pts',(-5.14824650212988,73.0230603786482,0.));
#8982=CARTESIAN_POINT('Ctrl Pts',(-5.14824650212988,73.0230603786482,1.33333333333334));
#8983=CARTESIAN_POINT('Ctrl Pts',(-5.14824650212988,73.0230603786482,2.66666666666667));
#8984=CARTESIAN_POINT('Ctrl Pts',(-5.14824650212988,73.0230603786482,4.));
#8985=CARTESIAN_POINT('Ctrl Pts',(-5.19999999986394,72.8402118760189,0.));
#8986=CARTESIAN_POINT('Ctrl Pts',(-5.19999999986394,72.8402118760189,1.33333333333333));
#8987=CARTESIAN_POINT('Ctrl Pts',(-5.19999999986394,72.8402118760189,2.66666666666667));
#8988=CARTESIAN_POINT('Ctrl Pts',(-5.19999999986394,72.8402118760189,4.));
#8989=CARTESIAN_POINT('Ctrl Pts',(-5.19999999986405,72.7250000000014,0.));
#8990=CARTESIAN_POINT('Ctrl Pts',(-5.19999999986405,72.7250000000014,1.33333333333333));
#8991=CARTESIAN_POINT('Ctrl Pts',(-5.19999999986405,72.7250000000014,2.66666666666667));
#8992=CARTESIAN_POINT('Ctrl Pts',(-5.19999999986405,72.7250000000014,4.));
#8993=CARTESIAN_POINT('',(-4.72499999986405,73.200000000001,0.));
#8994=CARTESIAN_POINT('Ctrl Pts',(-4.72499999986405,73.200000000001,4.));
#8995=CARTESIAN_POINT('Ctrl Pts',(-4.72499999986405,73.200000000001,2.66666666666667));
#8996=CARTESIAN_POINT('Ctrl Pts',(-4.72499999986405,73.200000000001,1.33333333333333));
#8997=CARTESIAN_POINT('Ctrl Pts',(-4.72499999986405,73.200000000001,0.));
#8998=CARTESIAN_POINT('Ctrl Pts',(-4.72499999986405,73.200000000001,2.77555756156289E-16));
#8999=CARTESIAN_POINT('Ctrl Pts',(-4.80180791720905,73.200000000001,2.7755575615629E-16));
#9000=CARTESIAN_POINT('Ctrl Pts',(-4.87617758855895,73.1867807251463,2.77555756156289E-16));
#9001=CARTESIAN_POINT('Ctrl Pts',(-4.94160517312262,73.1586709346271,2.77555756156289E-16));
#9002=CARTESIAN_POINT('Ctrl Pts',(-5.00703275768629,73.1305611441078,2.77555756156289E-16));
#9003=CARTESIAN_POINT('Ctrl Pts',(-5.06351825546373,73.087560837924,2.77555756156289E-16));
#9004=CARTESIAN_POINT('Ctrl Pts',(-5.10569011376764,73.032504893793,2.77555756156289E-16));
#9005=CARTESIAN_POINT('Ctrl Pts',(-5.1689479012235,72.9499209775965,2.77555756156289E-16));
#9006=CARTESIAN_POINT('Ctrl Pts',(-5.19999999986394,72.8402118760189,2.77555756156289E-16));
#9007=CARTESIAN_POINT('Ctrl Pts',(-5.19999999986405,72.7250000000014,2.77555756156289E-16));
#9008=CARTESIAN_POINT('Ctrl Pts',(-5.20000000000054,-72.7249999999986,0.));
#9009=CARTESIAN_POINT('Ctrl Pts',(-5.20000000000054,-72.7249999999986,2.13333333333333));
#9010=CARTESIAN_POINT('Ctrl Pts',(-5.20000000000054,-72.7249999999986,4.26666666666667));
#9011=CARTESIAN_POINT('Ctrl Pts',(-5.20000000000054,-72.7249999999986,6.4));
#9012=CARTESIAN_POINT('Ctrl Pts',(-5.20000000000062,-72.8018079173436,0.));
#9013=CARTESIAN_POINT('Ctrl Pts',(-5.20000000000062,-72.8018079173436,2.13333333333334));
#9014=CARTESIAN_POINT('Ctrl Pts',(-5.20000000000062,-72.8018079173436,4.26666666666666));
#9015=CARTESIAN_POINT('Ctrl Pts',(-5.20000000000062,-72.8018079173436,6.4));
#9016=CARTESIAN_POINT('Ctrl Pts',(-5.17356127486462,-72.9505467819621,0.));
#9017=CARTESIAN_POINT('Ctrl Pts',(-5.17356127486462,-72.9505467819621,2.13333333333333));
#9018=CARTESIAN_POINT('Ctrl Pts',(-5.17356127486462,-72.9505467819621,4.26666666666667));
#9019=CARTESIAN_POINT('Ctrl Pts',(-5.17356127486462,-72.9505467819621,6.4));
#9020=CARTESIAN_POINT('Ctrl Pts',(-5.0230601733634,-73.148245438163,0.));
#9021=CARTESIAN_POINT('Ctrl Pts',(-5.0230601733634,-73.148245438163,2.13333333333334));
#9022=CARTESIAN_POINT('Ctrl Pts',(-5.0230601733634,-73.148245438163,4.26666666666666));
#9023=CARTESIAN_POINT('Ctrl Pts',(-5.0230601733634,-73.148245438163,6.4));
#9024=CARTESIAN_POINT('Ctrl Pts',(-4.84021187601815,-73.199999999999,0.));
#9025=CARTESIAN_POINT('Ctrl Pts',(-4.84021187601815,-73.199999999999,2.13333333333333));
#9026=CARTESIAN_POINT('Ctrl Pts',(-4.84021187601815,-73.199999999999,4.26666666666667));
#9027=CARTESIAN_POINT('Ctrl Pts',(-4.84021187601815,-73.199999999999,6.4));
#9028=CARTESIAN_POINT('Ctrl Pts',(-4.72500000000054,-73.199999999999,0.));
#9029=CARTESIAN_POINT('Ctrl Pts',(-4.72500000000054,-73.199999999999,2.13333333333333));
#9030=CARTESIAN_POINT('Ctrl Pts',(-4.72500000000054,-73.199999999999,4.26666666666667));
#9031=CARTESIAN_POINT('Ctrl Pts',(-4.72500000000054,-73.199999999999,6.4));
#9032=CARTESIAN_POINT('Ctrl Pts',(-5.20000000000054,-72.7249999999986,2.77555756156289E-16));
#9033=CARTESIAN_POINT('Ctrl Pts',(-5.20000000000062,-72.8018079173436,2.7755575615629E-16));
#9034=CARTESIAN_POINT('Ctrl Pts',(-5.18678063743262,-72.8761773496529,2.77555756156289E-16));
#9035=CARTESIAN_POINT('Ctrl Pts',(-5.1586707987913,-72.9416047309791,2.77555756156289E-16));
#9036=CARTESIAN_POINT('Ctrl Pts',(-5.13056096014999,-73.0070321123052,2.77555756156289E-16));
#9037=CARTESIAN_POINT('Ctrl Pts',(-5.08756064543535,-73.0635174426484,2.77555756156289E-16));
#9038=CARTESIAN_POINT('Ctrl Pts',(-5.03250472903133,-73.105689370748,2.77555756156289E-16));
#9039=CARTESIAN_POINT('Ctrl Pts',(-4.9499208544253,-73.1689472628974,2.77555756156289E-16));
#9040=CARTESIAN_POINT('Ctrl Pts',(-4.84021187601815,-73.199999999999,2.77555756156289E-16));
#9041=CARTESIAN_POINT('Ctrl Pts',(-4.72500000000054,-73.199999999999,2.77555756156289E-16));
#9042=CARTESIAN_POINT('Ctrl Pts',(4.72499999999946,-73.199999999999,0.));
#9043=CARTESIAN_POINT('Ctrl Pts',(4.72499999999946,-73.199999999999,1.33333333333333));
#9044=CARTESIAN_POINT('Ctrl Pts',(4.72499999999946,-73.199999999999,2.66666666666667));
#9045=CARTESIAN_POINT('Ctrl Pts',(4.72499999999946,-73.199999999999,4.));
#9046=CARTESIAN_POINT('Ctrl Pts',(4.80180791734446,-73.199999999999,0.));
#9047=CARTESIAN_POINT('Ctrl Pts',(4.80180791734446,-73.199999999999,1.33333333333334));
#9048=CARTESIAN_POINT('Ctrl Pts',(4.80180791734446,-73.199999999999,2.66666666666666));
#9049=CARTESIAN_POINT('Ctrl Pts',(4.80180791734446,-73.199999999999,4.));
#9050=CARTESIAN_POINT('Ctrl Pts',(4.95054726004427,-73.1735614502898,0.));
#9051=CARTESIAN_POINT('Ctrl Pts',(4.95054726004427,-73.1735614502898,1.33333333333333));
#9052=CARTESIAN_POINT('Ctrl Pts',(4.95054726004427,-73.1735614502898,2.66666666666667));
#9053=CARTESIAN_POINT('Ctrl Pts',(4.95054726004427,-73.1735614502898,4.));
#9054=CARTESIAN_POINT('Ctrl Pts',(5.14824650226529,-73.0230603786462,0.));
#9055=CARTESIAN_POINT('Ctrl Pts',(5.14824650226529,-73.0230603786462,1.33333333333334));
#9056=CARTESIAN_POINT('Ctrl Pts',(5.14824650226529,-73.0230603786462,2.66666666666667));
#9057=CARTESIAN_POINT('Ctrl Pts',(5.14824650226529,-73.0230603786462,4.));
#9058=CARTESIAN_POINT('Ctrl Pts',(5.19999999999935,-72.840211876017,0.));
#9059=CARTESIAN_POINT('Ctrl Pts',(5.19999999999935,-72.840211876017,1.33333333333333));
#9060=CARTESIAN_POINT('Ctrl Pts',(5.19999999999935,-72.840211876017,2.66666666666667));
#9061=CARTESIAN_POINT('Ctrl Pts',(5.19999999999935,-72.840211876017,4.));
#9062=CARTESIAN_POINT('Ctrl Pts',(5.19999999999946,-72.7249999999995,0.));
#9063=CARTESIAN_POINT('Ctrl Pts',(5.19999999999946,-72.7249999999995,1.33333333333333));
#9064=CARTESIAN_POINT('Ctrl Pts',(5.19999999999946,-72.7249999999995,2.66666666666667));
#9065=CARTESIAN_POINT('Ctrl Pts',(5.19999999999946,-72.7249999999995,4.));
#9066=CARTESIAN_POINT('Ctrl Pts',(4.72499999999946,-73.199999999999,1.38777878078145E-16));
#9067=CARTESIAN_POINT('Ctrl Pts',(4.80180791734446,-73.199999999999,1.38777878078145E-16));
#9068=CARTESIAN_POINT('Ctrl Pts',(4.87617758869436,-73.1867807251444,1.38777878078145E-16));
#9069=CARTESIAN_POINT('Ctrl Pts',(4.94160517325803,-73.1586709346251,1.38777878078144E-16));
#9070=CARTESIAN_POINT('Ctrl Pts',(5.0070327578217,-73.1305611441059,1.38777878078144E-16));
#9071=CARTESIAN_POINT('Ctrl Pts',(5.06351825559914,-73.087560837922,1.38777878078145E-16));
#9072=CARTESIAN_POINT('Ctrl Pts',(5.10569011390305,-73.032504893791,1.38777878078145E-16));
#9073=CARTESIAN_POINT('Ctrl Pts',(5.16894790135892,-72.9499209775945,1.38777878078145E-16));
#9074=CARTESIAN_POINT('Ctrl Pts',(5.19999999999935,-72.840211876017,1.38777878078144E-16));
#9075=CARTESIAN_POINT('Ctrl Pts',(5.19999999999946,-72.7249999999995,1.38777878078145E-16));
#9076=CARTESIAN_POINT('Ctrl Pts',(-3.52500000000099,-70.399999999999,0.));
#9077=CARTESIAN_POINT('Ctrl Pts',(-3.52500000000099,-70.2202919070202,0.179708092978803));
#9078=CARTESIAN_POINT('Ctrl Pts',(-3.52500000000099,-70.0405838140414,0.359416185957605));
#9079=CARTESIAN_POINT('Ctrl Pts',(-3.52500000000099,-69.8608757210626,0.539124278936408));
#9080=CARTESIAN_POINT('Ctrl Pts',(-3.60180791734602,-70.399999999999,-1.07714423128374E-15));
#9081=CARTESIAN_POINT('Ctrl Pts',(-3.60180791734602,-70.2202919070202,0.179708092978802));
#9082=CARTESIAN_POINT('Ctrl Pts',(-3.60180791734602,-70.0405838140414,0.359416185957603));
#9083=CARTESIAN_POINT('Ctrl Pts',(-3.60180791734602,-69.8608757210626,0.539124278936406));
#9084=CARTESIAN_POINT('Ctrl Pts',(-3.75054897715407,-70.3813055701817,-0.0186944298173391));
#9085=CARTESIAN_POINT('Ctrl Pts',(-3.75054897715407,-70.2015974772029,0.161013663161463));
#9086=CARTESIAN_POINT('Ctrl Pts',(-3.75054897715407,-70.0218893842241,0.340721756140266));
#9087=CARTESIAN_POINT('Ctrl Pts',(-3.75054897715407,-69.8421812912453,0.520429849119068));
#9088=CARTESIAN_POINT('Ctrl Pts',(-3.94825034535171,-70.2748853165118,-0.125114683487253));
#9089=CARTESIAN_POINT('Ctrl Pts',(-3.94825034535171,-70.095177223533,0.0545934094915496));
#9090=CARTESIAN_POINT('Ctrl Pts',(-3.94825034535171,-69.9154691305541,0.234301502470352));
#9091=CARTESIAN_POINT('Ctrl Pts',(-3.94825034535171,-69.7357610375753,0.414009595449154));
#9092=CARTESIAN_POINT('Ctrl Pts',(-4.00000000000099,-70.1455913777406,-0.254408622258384));
#9093=CARTESIAN_POINT('Ctrl Pts',(-4.00000000000099,-69.9658832847618,-0.0747005292795814));
#9094=CARTESIAN_POINT('Ctrl Pts',(-4.00000000000099,-69.786175191783,0.105007563699221));
#9095=CARTESIAN_POINT('Ctrl Pts',(-4.00000000000099,-69.6064670988042,0.284715656678024));
#9096=CARTESIAN_POINT('Ctrl Pts',(-4.00000000000099,-70.0641242789354,-0.335875721063619));
#9097=CARTESIAN_POINT('Ctrl Pts',(-4.00000000000099,-69.8844161859566,-0.156167628084816));
#9098=CARTESIAN_POINT('Ctrl Pts',(-4.00000000000099,-69.7047080929778,0.0235404648939862));
#9099=CARTESIAN_POINT('Ctrl Pts',(-4.00000000000099,-69.524999999999,0.203248557872789));
#9100=CARTESIAN_POINT('',(-3.52500000000099,-70.399999999999,2.35922392732846E-15));
#9101=CARTESIAN_POINT('Ctrl Pts',(-3.52500000000099,-69.999999999999,0.4));
#9102=CARTESIAN_POINT('Ctrl Pts',(-3.52500000000099,-70.1333333333324,0.266666666666667));
#9103=CARTESIAN_POINT('Ctrl Pts',(-3.52500000000099,-70.2666666666657,0.133333333333333));
#9104=CARTESIAN_POINT('Ctrl Pts',(-3.52500000000099,-70.399999999999,0.));
#9105=CARTESIAN_POINT('Ctrl Pts',(-3.52500000000099,-70.399999999999,0.));
#9106=CARTESIAN_POINT('Ctrl Pts',(-3.55312615371461,-70.399999999999,-2.62958344816913E-16));
#9107=CARTESIAN_POINT('Ctrl Pts',(-3.58093242060104,-70.3975245051336,-2.44008069669036E-5));
#9108=CARTESIAN_POINT('Ctrl Pts',(-3.60820031354625,-70.3923746521393,-3.4186110390951E-5));
#9109=CARTESIAN_POINT('Ctrl Pts',(-3.6324296660655,-70.387798662206,-4.28810090633723E-5));
#9110=CARTESIAN_POINT('Ctrl Pts',(-3.65623460594014,-70.3811107562526,-4.0408793194266E-5));
#9111=CARTESIAN_POINT('Ctrl Pts',(-3.67943820389418,-70.3721419654418,-2.8849252162861E-5));
#9112=CARTESIAN_POINT('Ctrl Pts',(-3.68234810709342,-70.3710172125856,-2.73996000228952E-5));
#9113=CARTESIAN_POINT('Ctrl Pts',(-3.68524851236678,-70.3698565498906,-2.58453498877347E-5));
#9114=CARTESIAN_POINT('Ctrl Pts',(-3.68813903338082,-70.3686596105817,-2.42241241754995E-5));
#9115=CARTESIAN_POINT('Ctrl Pts',(-3.70676354686126,-70.3609473634867,-1.3778069645639E-5));
#9116=CARTESIAN_POINT('Ctrl Pts',(-3.72459373563191,-70.3518912206903,-1.85914718517361E-6));
#9117=CARTESIAN_POINT('Ctrl Pts',(-3.74160676480172,-70.3415582597413,-5.69123118342174E-6));
#9118=CARTESIAN_POINT('Ctrl Pts',(-3.76128283609642,-70.3296078848676,-1.01231496386383E-5));
#9119=CARTESIAN_POINT('Ctrl Pts',(-3.77986693804036,-70.3159512765937,-3.40346840396419E-5));
#9120=CARTESIAN_POINT('Ctrl Pts',(-3.79735554720048,-70.3007483713478,-4.78976747068961E-5));
#9121=CARTESIAN_POINT('Ctrl Pts',(-3.80435178110698,-70.2946665222891,-5.34434973886072E-5));
#9122=CARTESIAN_POINT('Ctrl Pts',(-3.81117262124123,-70.2883367892441,-5.78017605290166E-5));
#9123=CARTESIAN_POINT('Ctrl Pts',(-3.81781739134383,-70.2817678165457,-6.06770891329565E-5));
#9124=CARTESIAN_POINT('Ctrl Pts',(-3.83542790992353,-70.2643581825076,-6.82975224994239E-5));
#9125=CARTESIAN_POINT('Ctrl Pts',(-3.85151359196245,-70.2455615889368,-6.94380882407786E-5));
#9126=CARTESIAN_POINT('Ctrl Pts',(-3.86613689043405,-70.2256909645502,-5.61152597790895E-5));
#9127=CARTESIAN_POINT('Ctrl Pts',(-3.88076018890566,-70.2058203401636,-4.27924313174005E-5));
#9128=CARTESIAN_POINT('Ctrl Pts',(-3.89392172883276,-70.1848752393769,-1.54517928362458E-5));
#9129=CARTESIAN_POINT('Ctrl Pts',(-3.9056927954162,-70.1631308447577,-3.85596687905998E-6));
#9130=CARTESIAN_POINT('Ctrl Pts',(-3.91105218293222,-70.1532305832785,1.42363326867803E-6));
#9131=CARTESIAN_POINT('Ctrl Pts',(-3.91612350714703,-70.1431642044187,3.0153350278701E-6));
#9132=CARTESIAN_POINT('Ctrl Pts',(-3.92092462188645,-70.1329603162872,7.45323328889616E-7));
#9133=CARTESIAN_POINT('Ctrl Pts',(-3.93194505849588,-70.1095384010806,-4.46524158969108E-6));
#9134=CARTESIAN_POINT('Ctrl Pts',(-3.94155915299325,-70.0853586248639,-2.71383406256816E-5));
#9135=CARTESIAN_POINT('Ctrl Pts',(-3.94993269680157,-70.0607110671581,-3.88955603541352E-5));
#9136=CARTESIAN_POINT('Ctrl Pts',(-3.95869520985374,-70.0349185770195,-5.11989284007029E-5));
#9137=CARTESIAN_POINT('Ctrl Pts',(-3.96609928319891,-70.0086136824332,-5.17033819085375E-5));
#9138=CARTESIAN_POINT('Ctrl Pts',(-3.97231304302842,-69.9820911217117,-4.55617959739946E-5));
#9139=CARTESIAN_POINT('Ctrl Pts',(-3.97525446485048,-69.9695360759707,-4.26545392750571E-5));
#9140=CARTESIAN_POINT('Ctrl Pts',(-3.97792884750085,-69.956931739227,-3.87741125481256E-5));
#9141=CARTESIAN_POINT('Ctrl Pts',(-3.98035239998348,-69.9443067912167,-3.70514076345752E-5));
#9142=CARTESIAN_POINT('Ctrl Pts',(-3.98654990410455,-69.9120222964999,-3.26461096772626E-5));
#9143=CARTESIAN_POINT('Ctrl Pts',(-3.99117379216981,-69.8792586847643,-3.42988572788239E-5));
#9144=CARTESIAN_POINT('Ctrl Pts',(-3.99437712203136,-69.8463317795109,-2.78165026728616E-5));
#9145=CARTESIAN_POINT('Ctrl Pts',(-3.99773266618218,-69.8118402693938,-2.10261226552685E-5));
#9146=CARTESIAN_POINT('Ctrl Pts',(-3.99952950221266,-69.7771693698935,-5.51770901168424E-6));
#9147=CARTESIAN_POINT('Ctrl Pts',(-3.99991893011808,-69.7426460819082,-9.94424175893016E-7));
#9148=CARTESIAN_POINT('Ctrl Pts',(-3.99997310029994,-69.7378438251549,-3.65226425109517E-7));
#9149=CARTESIAN_POINT('Ctrl Pts',(-4.00000000000099,-69.7330443731726,5.39414040608396E-16));
#9150=CARTESIAN_POINT('Ctrl Pts',(-4.00000000000099,-69.7282485578718,5.55111512312578E-16));
#9151=CARTESIAN_POINT('Ctrl Pts',(3.52499999999903,70.000000000001,0.203248557872771));
#9152=CARTESIAN_POINT('Ctrl Pts',(3.52499999999903,70.000000000001,1.46883237191518));
#9153=CARTESIAN_POINT('Ctrl Pts',(3.52499999999903,70.000000000001,2.73441618595759));
#9154=CARTESIAN_POINT('Ctrl Pts',(3.52499999999903,70.000000000001,4.));
#9155=CARTESIAN_POINT('Ctrl Pts',(3.60180791734406,70.000000000001,0.203248557872771));
#9156=CARTESIAN_POINT('Ctrl Pts',(3.60180791734406,70.000000000001,1.46883237191518));
#9157=CARTESIAN_POINT('Ctrl Pts',(3.60180791734406,70.000000000001,2.73441618595759));
#9158=CARTESIAN_POINT('Ctrl Pts',(3.60180791734406,70.000000000001,4.));
#9159=CARTESIAN_POINT('Ctrl Pts',(3.7505482006911,69.9735617966633,0.203248557872771));
#9160=CARTESIAN_POINT('Ctrl Pts',(3.7505482006911,69.9735617966633,1.46883237191518));
#9161=CARTESIAN_POINT('Ctrl Pts',(3.7505482006911,69.9735617966633,2.73441618595759));
#9162=CARTESIAN_POINT('Ctrl Pts',(3.7505482006911,69.9735617966633,4.));
#9163=CARTESIAN_POINT('Ctrl Pts',(3.94824860338131,69.8230607831872,0.203248557872771));
#9164=CARTESIAN_POINT('Ctrl Pts',(3.94824860338131,69.8230607831872,1.46883237191518));
#9165=CARTESIAN_POINT('Ctrl Pts',(3.94824860338131,69.8230607831872,2.73441618595759));
#9166=CARTESIAN_POINT('Ctrl Pts',(3.94824860338131,69.8230607831872,4.));
#9167=CARTESIAN_POINT('Ctrl Pts',(3.99999999999903,69.6402118760185,0.203248557872771));
#9168=CARTESIAN_POINT('Ctrl Pts',(3.99999999999903,69.6402118760185,1.46883237191518));
#9169=CARTESIAN_POINT('Ctrl Pts',(3.99999999999903,69.6402118760185,2.73441618595759));
#9170=CARTESIAN_POINT('Ctrl Pts',(3.99999999999903,69.6402118760185,4.));
#9171=CARTESIAN_POINT('Ctrl Pts',(3.99999999999903,69.525000000001,0.203248557872771));
#9172=CARTESIAN_POINT('Ctrl Pts',(3.99999999999903,69.525000000001,1.46883237191518));
#9173=CARTESIAN_POINT('Ctrl Pts',(3.99999999999903,69.525000000001,2.73441618595759));
#9174=CARTESIAN_POINT('Ctrl Pts',(3.99999999999903,69.525000000001,4.));
#9175=CARTESIAN_POINT('',(3.52499999999903,70.000000000001,0.399999999999999));
#9176=CARTESIAN_POINT('Ctrl Pts',(3.52499999999903,70.000000000001,4.));
#9177=CARTESIAN_POINT('Ctrl Pts',(3.52499999999903,70.000000000001,2.8));
#9178=CARTESIAN_POINT('Ctrl Pts',(3.52499999999903,70.000000000001,1.6));
#9179=CARTESIAN_POINT('Ctrl Pts',(3.52499999999903,70.000000000001,0.399999999999999));
#9180=CARTESIAN_POINT('Ctrl Pts',(3.52499999999903,70.000000000001,0.399999999999999));
#9181=CARTESIAN_POINT('Ctrl Pts',(3.55004969302453,70.000000000001,0.399999999999997));
#9182=CARTESIAN_POINT('Ctrl Pts',(3.57501239996965,69.998597179655,0.399430552856891));
#9183=CARTESIAN_POINT('Ctrl Pts',(3.59970722986815,69.9956573341729,0.398218770932289));
#9184=CARTESIAN_POINT('Ctrl Pts',(3.62271150764072,69.9929187438544,0.397089944853799));
#9185=CARTESIAN_POINT('Ctrl Pts',(3.64548373101546,69.9888462416495,0.395403719285343));
#9186=CARTESIAN_POINT('Ctrl Pts',(3.6678479942032,69.9832990002166,0.393101174385282));
#9187=CARTESIAN_POINT('Ctrl Pts',(3.68624434225753,69.9787359621552,0.391207151897859));
#9188=CARTESIAN_POINT('Ctrl Pts',(3.70436432844394,69.9731745703949,0.388896106575237));
#9189=CARTESIAN_POINT('Ctrl Pts',(3.72209019426707,69.9665187022602,0.386135244549692));
#9190=CARTESIAN_POINT('Ctrl Pts',(3.72868292203966,69.9640432053147,0.3851084054698));
#9191=CARTESIAN_POINT('Ctrl Pts',(3.73518931147685,69.9614280110051,0.384024352176827));
#9192=CARTESIAN_POINT('Ctrl Pts',(3.74160604452437,69.9586712027154,0.382883076116204));
#9193=CARTESIAN_POINT('Ctrl Pts',(3.76203789795588,69.9498931060585,0.379249079653698));
#9194=CARTESIAN_POINT('Ctrl Pts',(3.78156291464906,69.9396824953434,0.375034911619849));
#9195=CARTESIAN_POINT('Ctrl Pts',(3.80009173413955,69.9280858028414,0.370240295842715));
#9196=CARTESIAN_POINT('Ctrl Pts',(3.81825335653501,69.9167189291793,0.365540697936853));
#9197=CARTESIAN_POINT('Ctrl Pts',(3.83545856501763,69.9040198545544,0.360283430508862));
#9198=CARTESIAN_POINT('Ctrl Pts',(3.85158995241225,69.8899951335047,0.354468233482769));
#9199=CARTESIAN_POINT('Ctrl Pts',(3.85414597760069,69.8877729104939,0.353546813042553));
#9200=CARTESIAN_POINT('Ctrl Pts',(3.85667496133692,69.8855173367254,0.352611384922137));
#9201=CARTESIAN_POINT('Ctrl Pts',(3.85917633990769,69.8832283629857,0.351661948086903));
#9202=CARTESIAN_POINT('Ctrl Pts',(3.87540024936773,69.8683821085468,0.34550391290067));
#9203=CARTESIAN_POINT('Ctrl Pts',(3.89013144730527,69.8524391803853,0.33888762876239));
#9204=CARTESIAN_POINT('Ctrl Pts',(3.90335535339148,69.8355241719684,0.331876429227935));
#9205=CARTESIAN_POINT('Ctrl Pts',(3.90413940052298,69.8345212788941,0.331460734285187));
#9206=CARTESIAN_POINT('Ctrl Pts',(3.90491814450257,69.8335149542416,0.331043651088568));
#9207=CARTESIAN_POINT('Ctrl Pts',(3.90569158043409,69.8325052186484,0.330625192838295));
#9208=CARTESIAN_POINT('Ctrl Pts',(3.91812441335146,69.8162739144001,0.323898557448717));
#9209=CARTESIAN_POINT('Ctrl Pts',(3.92918847958826,69.7991648467928,0.316816609015832));
#9210=CARTESIAN_POINT('Ctrl Pts',(3.93899223411886,69.7813316687641,0.309434177555724));
#9211=CARTESIAN_POINT('Ctrl Pts',(3.94293556990857,69.7741586812168,0.306464763531653));
#9212=CARTESIAN_POINT('Ctrl Pts',(3.94667462192189,69.7668680627921,0.303446735367357));
#9213=CARTESIAN_POINT('Ctrl Pts',(3.95021493209205,69.7594680540378,0.300383661124641));
#9214=CARTESIAN_POINT('Ctrl Pts',(3.95968406144286,69.7396755396184,0.292190976071247));
#9215=CARTESIAN_POINT('Ctrl Pts',(3.96764297022389,69.7192928741257,0.28375373863944));
#9216=CARTESIAN_POINT('Ctrl Pts',(3.97423719000149,69.6985294519253,0.275152265890113));
#9217=CARTESIAN_POINT('Ctrl Pts',(3.97938512017118,69.6823200062022,0.268437327267576));
#9218=CARTESIAN_POINT('Ctrl Pts',(3.98370073897825,69.6658773298499,0.261622295343695));
#9219=CARTESIAN_POINT('Ctrl Pts',(3.98724175788906,69.6492824593952,0.254745383502287));
#9220=CARTESIAN_POINT('Ctrl Pts',(3.99246394397064,69.6248088534368,0.244603524843249));
#9221=CARTESIAN_POINT('Ctrl Pts',(3.99600390315066,69.5999968044467,0.234323151477577));
#9222=CARTESIAN_POINT('Ctrl Pts',(3.99800727764747,69.5750869971183,0.224000880293203));
#9223=CARTESIAN_POINT('Ctrl Pts',(3.99924829424835,69.5596562903439,0.217606614059385));
#9224=CARTESIAN_POINT('Ctrl Pts',(3.99989911080497,69.5441870590175,0.211196270185067));
#9225=CARTESIAN_POINT('Ctrl Pts',(3.99998914948486,69.5287281229478,0.204792815412427));
#9226=CARTESIAN_POINT('Ctrl Pts',(3.99999638732587,69.5274854423398,0.204278067888146));
#9227=CARTESIAN_POINT('Ctrl Pts',(3.99999999999903,69.5262427262958,0.203763311958421));
#9228=CARTESIAN_POINT('Ctrl Pts',(3.99999999999903,69.525000000001,0.203248557872771));
#9229=CARTESIAN_POINT('Ctrl Pts',(3.52499999999903,70.400000000001,-5.55111512312578E-16));
#9230=CARTESIAN_POINT('Ctrl Pts',(3.52499999999903,70.2202919070222,0.1797080929788));
#9231=CARTESIAN_POINT('Ctrl Pts',(3.52499999999903,70.0405838140434,0.3594161859576));
#9232=CARTESIAN_POINT('Ctrl Pts',(3.52499999999903,69.8608757210646,0.5391242789364));
#9233=CARTESIAN_POINT('Ctrl Pts',(3.60180791734406,70.400000000001,-5.55111512312578E-16));
#9234=CARTESIAN_POINT('Ctrl Pts',(3.60180791734406,70.2202919070222,0.1797080929788));
#9235=CARTESIAN_POINT('Ctrl Pts',(3.60180791734406,70.0405838140434,0.359416185957599));
#9236=CARTESIAN_POINT('Ctrl Pts',(3.60180791734406,69.8608757210646,0.5391242789364));
#9237=CARTESIAN_POINT('Ctrl Pts',(3.75054897715211,70.3813055701836,-0.0186944298173364));
#9238=CARTESIAN_POINT('Ctrl Pts',(3.75054897715211,70.2015974772048,0.161013663161463));
#9239=CARTESIAN_POINT('Ctrl Pts',(3.75054897715211,70.021889384226,0.340721756140264));
#9240=CARTESIAN_POINT('Ctrl Pts',(3.75054897715211,69.8421812912472,0.520429849119064));
#9241=CARTESIAN_POINT('Ctrl Pts',(3.94825034534975,70.2748853165137,-0.125114683487248));
#9242=CARTESIAN_POINT('Ctrl Pts',(3.94825034534975,70.0951772235349,0.0545934094915529));
#9243=CARTESIAN_POINT('Ctrl Pts',(3.94825034534975,69.9154691305562,0.234301502470352));
#9244=CARTESIAN_POINT('Ctrl Pts',(3.94825034534975,69.7357610375774,0.414009595449153));
#9245=CARTESIAN_POINT('Ctrl Pts',(3.99999999999903,70.1455913777426,-0.254408622258377));
#9246=CARTESIAN_POINT('Ctrl Pts',(3.99999999999903,69.9658832847638,-0.0747005292795773));
#9247=CARTESIAN_POINT('Ctrl Pts',(3.99999999999903,69.786175191785,0.105007563699223));
#9248=CARTESIAN_POINT('Ctrl Pts',(3.99999999999903,69.6064670988062,0.284715656678023));
#9249=CARTESIAN_POINT('Ctrl Pts',(3.99999999999903,70.0641242789374,-0.335875721063612));
#9250=CARTESIAN_POINT('Ctrl Pts',(3.99999999999903,69.8844161859586,-0.156167628084811));
#9251=CARTESIAN_POINT('Ctrl Pts',(3.99999999999903,69.7047080929798,0.0235404648939887));
#9252=CARTESIAN_POINT('Ctrl Pts',(3.99999999999903,69.525000000001,0.203248557872789));
#9253=CARTESIAN_POINT('',(3.52499999999903,70.400000000001,4.16333634234434E-16));
#9254=CARTESIAN_POINT('Ctrl Pts',(3.52499999999903,70.000000000001,0.399999999999998));
#9255=CARTESIAN_POINT('Ctrl Pts',(3.52499999999903,70.1333333333343,0.266666666666665));
#9256=CARTESIAN_POINT('Ctrl Pts',(3.52499999999903,70.2666666666677,0.133333333333332));
#9257=CARTESIAN_POINT('Ctrl Pts',(3.52499999999903,70.400000000001,-5.55111512312578E-16));
#9258=CARTESIAN_POINT('Ctrl Pts',(3.52499999999903,70.400000000001,-2.91898309108552E-17));
#9259=CARTESIAN_POINT('Ctrl Pts',(3.55312642067362,70.400000000001,-2.92150671611716E-16));
#9260=CARTESIAN_POINT('Ctrl Pts',(3.58093294414967,70.3975244582156,-2.44011973745942E-5));
#9261=CARTESIAN_POINT('Ctrl Pts',(3.60820107802319,70.392374507751,-3.4186375722551E-5));
#9262=CARTESIAN_POINT('Ctrl Pts',(3.63243040449336,70.3877984765605,-4.28810770857302E-5));
#9263=CARTESIAN_POINT('Ctrl Pts',(3.65623531435673,70.3811105312369,-4.04085407770394E-5));
#9264=CARTESIAN_POINT('Ctrl Pts',(3.67943887928951,70.3721417043736,-2.88489047197849E-5));
#9265=CARTESIAN_POINT('Ctrl Pts',(3.68234903715084,70.3710168469614,-2.73991117313535E-5));
#9266=CARTESIAN_POINT('Ctrl Pts',(3.68524969534976,70.3698560733749,-2.58447055984245E-5));
#9267=CARTESIAN_POINT('Ctrl Pts',(3.68814046745135,70.3686590167436,-2.42233198332158E-5));
#9268=CARTESIAN_POINT('Ctrl Pts',(3.7067644520742,70.3609469026399,-1.37774380764471E-5));
#9269=CARTESIAN_POINT('Ctrl Pts',(3.72459416274685,70.3518909607995,-1.85876247031234E-6));
#9270=CARTESIAN_POINT('Ctrl Pts',(3.74160676479976,70.3415582589739,-5.69046178093557E-6));
#9271=CARTESIAN_POINT('Ctrl Pts',(3.76128283136,70.3296078866421,-1.01220455233975E-5));
#9272=CARTESIAN_POINT('Ctrl Pts',(3.77986694237364,70.3159512738119,-3.40334205977333E-5));
#9273=CARTESIAN_POINT('Ctrl Pts',(3.79735557086298,70.3007483499518,-4.78968671015732E-5));
#9274=CARTESIAN_POINT('Ctrl Pts',(3.80434892961551,70.2946689995496,-5.34405868396356E-5));
#9275=CARTESIAN_POINT('Ctrl Pts',(3.81116704071612,70.288341967106,-5.77978761138566E-5));
#9276=CARTESIAN_POINT('Ctrl Pts',(3.81780922854317,70.2817758860245,-6.06735560195193E-5));
#9277=CARTESIAN_POINT('Ctrl Pts',(3.83542156534425,70.2643653528565,-6.82986705675296E-5));
#9278=CARTESIAN_POINT('Ctrl Pts',(3.85150882640693,70.2455675873066,-6.94396107119053E-5));
#9279=CARTESIAN_POINT('Ctrl Pts',(3.86613348002139,70.2256955934687,-5.611315925097E-5));
#9280=CARTESIAN_POINT('Ctrl Pts',(3.88075813363586,70.2058235996308,-4.27867077900348E-5));
#9281=CARTESIAN_POINT('Ctrl Pts',(3.89392080509915,70.1848769317159,-1.54386536675914E-5));
#9282=CARTESIAN_POINT('Ctrl Pts',(3.90569279541424,70.1631308341952,-3.84540241570031E-6));
#9283=CARTESIAN_POINT('Ctrl Pts',(3.91104572460736,70.1532425045977,1.42625100977057E-6));
#9284=CARTESIAN_POINT('Ctrl Pts',(3.91611128617691,70.1431884551141,3.01684462202334E-6));
#9285=CARTESIAN_POINT('Ctrl Pts',(3.92090727008187,70.1329971912497,7.53519715091314E-7));
#9286=CARTESIAN_POINT('Ctrl Pts',(3.93192884984881,70.1095767983059,-4.44779382026988E-6));
#9287=CARTESIAN_POINT('Ctrl Pts',(3.94154407271472,70.085398437187,-2.71257024399343E-5));
#9288=CARTESIAN_POINT('Ctrl Pts',(3.94991873162565,70.0607521841464,-3.88902161249718E-5));
#9289=CARTESIAN_POINT('Ctrl Pts',(3.95868246721005,70.0349608955588,-5.12012950968032E-5));
#9290=CARTESIAN_POINT('Ctrl Pts',(3.96608773133511,70.0086570751153,-5.1716001066215E-5));
#9291=CARTESIAN_POINT('Ctrl Pts',(3.97230265438675,69.9821354620977,-4.5574939873283E-5));
#9292=CARTESIAN_POINT('Ctrl Pts',(3.97524807083622,69.9695661680614,-4.26645285126591E-5));
#9293=CARTESIAN_POINT('Ctrl Pts',(3.97792581652409,69.9569474394273,-3.87762069803487E-5));
#9294=CARTESIAN_POINT('Ctrl Pts',(3.98035215721282,69.9443080558629,-3.70515801959154E-5));
#9295=CARTESIAN_POINT('Ctrl Pts',(3.98654969692199,69.9120236030225,-3.26464102914285E-5));
#9296=CARTESIAN_POINT('Ctrl Pts',(3.99117362107742,69.8792600303034,-3.42993808366555E-5));
#9297=CARTESIAN_POINT('Ctrl Pts',(3.9943769876595,69.8463331610261,-2.7817113413986E-5));
#9298=CARTESIAN_POINT('Ctrl Pts',(3.99773257075083,69.8118416837111,-2.10268237609977E-5));
#9299=CARTESIAN_POINT('Ctrl Pts',(3.99952944597259,69.777170813627,-5.51834794009331E-6));
#9300=CARTESIAN_POINT('Ctrl Pts',(3.99991891353743,69.7426475515678,-9.94627774669743E-7));
#9301=CARTESIAN_POINT('Ctrl Pts',(3.99997309480995,69.7378448043335,-3.65304726468604E-7));
#9302=CARTESIAN_POINT('Ctrl Pts',(3.99999999999903,69.7330448623801,-9.51471051970888E-17));
#9303=CARTESIAN_POINT('Ctrl Pts',(3.99999999999903,69.7282485578738,-8.32667268468867E-17));
#9304=CARTESIAN_POINT('Origin',(3.99999999999903,70.000000000001,0.4));
#9305=CARTESIAN_POINT('',(-0.450000000000974,70.000000000001,0.4));
#9306=CARTESIAN_POINT('',(1.99999999999903,70.000000000001,0.399999999999998));
#9307=CARTESIAN_POINT('',(-0.450000000000973,70.400000000001,8.39192547734248E-16));
#9308=CARTESIAN_POINT('',(-0.450000000000973,70.400000000001,8.39192547734248E-16));
#9309=CARTESIAN_POINT('',(2.00000000003337,70.400000000001,0.));
#9310=CARTESIAN_POINT('Origin',(-0.450000000000974,70.200000000001,0.2));
#9311=CARTESIAN_POINT('',(-0.450000000000974,70.000000000001,0.));
#9312=CARTESIAN_POINT('',(-0.450000000000977,35.100000000001,0.));
#9313=CARTESIAN_POINT('Ctrl Pts',(-0.450000000000975,70.000000000001,0.399999999999999));
#9314=CARTESIAN_POINT('Ctrl Pts',(-0.450000000000975,70.000000000001,0.266666666666666));
#9315=CARTESIAN_POINT('Ctrl Pts',(-0.450000000000975,70.000000000001,0.133333333333333));
#9316=CARTESIAN_POINT('Ctrl Pts',(-0.450000000000975,70.000000000001,-2.77555756156289E-16));
#9317=CARTESIAN_POINT('Origin',(-9.73665592596262E-13,70.000000000001,0.));
#9318=CARTESIAN_POINT('Ctrl Pts',(-0.450000000000975,70.000000000001,4.));
#9319=CARTESIAN_POINT('Ctrl Pts',(-0.450000000000975,70.000000000001,3.33333333333333));
#9320=CARTESIAN_POINT('Ctrl Pts',(-0.450000000000975,70.000000000001,2.66666666666667));
#9321=CARTESIAN_POINT('Ctrl Pts',(-0.450000000000975,70.000000000001,1.46666666666667));
#9322=CARTESIAN_POINT('Ctrl Pts',(-0.450000000000975,70.000000000001,0.933333333333332));
#9323=CARTESIAN_POINT('Ctrl Pts',(-0.450000000000975,70.000000000001,0.399999999999999));
#9324=CARTESIAN_POINT('Origin',(-4.00000000000099,-69.999999999999,0.4));
#9325=CARTESIAN_POINT('',(0.449999999999013,-69.999999999999,0.4));
#9326=CARTESIAN_POINT('',(-2.00000000000099,-69.999999999999,0.399999999999998));
#9327=CARTESIAN_POINT('',(0.449999999999013,-70.399999999999,-7.3478807948842E-17));
#9328=CARTESIAN_POINT('',(0.449999999999013,-70.399999999999,-7.3478807948842E-17));
#9329=CARTESIAN_POINT('',(-1.99999999996664,-70.399999999999,0.));
#9330=CARTESIAN_POINT('Origin',(0.449999999999013,-70.199999999999,0.2));
#9331=CARTESIAN_POINT('',(0.449999999999013,-69.999999999999,0.));
#9332=CARTESIAN_POINT('',(0.449999999999017,-35.099999999999,0.));
#9333=CARTESIAN_POINT('Ctrl Pts',(0.449999999999015,-69.999999999999,0.399999999999999));
#9334=CARTESIAN_POINT('Ctrl Pts',(0.449999999999016,-69.999999999999,0.266666666666666));
#9335=CARTESIAN_POINT('Ctrl Pts',(0.449999999999016,-69.999999999999,0.133333333333333));
#9336=CARTESIAN_POINT('Ctrl Pts',(0.449999999999016,-69.999999999999,-2.77555756156289E-16));
#9337=CARTESIAN_POINT('Origin',(-9.87543380404077E-13,-69.999999999999,
0.));
#9338=CARTESIAN_POINT('Ctrl Pts',(0.449999999999016,-69.999999999999,4.));
#9339=CARTESIAN_POINT('Ctrl Pts',(0.449999999999016,-69.999999999999,3.33333333333333));
#9340=CARTESIAN_POINT('Ctrl Pts',(0.449999999999015,-69.999999999999,2.66666666666667));
#9341=CARTESIAN_POINT('Ctrl Pts',(0.449999999999015,-69.999999999999,1.46666666666667));
#9342=CARTESIAN_POINT('Ctrl Pts',(0.449999999999015,-69.999999999999,0.933333333333332));
#9343=CARTESIAN_POINT('Ctrl Pts',(0.449999999999015,-69.999999999999,0.399999999999999));
#9344=CARTESIAN_POINT('Origin',(-9.80882042256326E-13,9.81992265280951E-13,
3.));
#9345=CARTESIAN_POINT('',(1.99999999999901,-54.7336666581647,3.));
#9346=CARTESIAN_POINT('',(-2.00000000000099,-55.5736666581647,3.));
#9347=CARTESIAN_POINT('Origin',(-9.80882042256326E-13,9.81992265280951E-13,
3.));
#9348=CARTESIAN_POINT('',(-10.3864318164441,-39.1592954493282,3.));
#9349=CARTESIAN_POINT('',(-14.6834166645424,-36.0502499936232,3.));
#9350=CARTESIAN_POINT('Origin',(-9.80882042256326E-13,9.81992265280951E-13,
3.));
#9351=CARTESIAN_POINT('',(1.99999999999901,-44.7057272657713,3.));
#9352=CARTESIAN_POINT('',(-2.00000000000098,-45.5457272657713,3.));
#9353=CARTESIAN_POINT('Origin',(-9.80882042256326E-13,9.81992265280951E-13,
3.));
#9354=CARTESIAN_POINT('',(11.8794469683437,-27.6383409050331,3.));
#9355=CARTESIAN_POINT('',(8.17643181644208,-32.5292954493281,3.));
#9356=CARTESIAN_POINT('Origin',(-9.80882042256326E-13,9.81992265280951E-13,
3.));
#9357=CARTESIAN_POINT('',(1.99999999999902,-34.6777878733778,3.));
#9358=CARTESIAN_POINT('',(-2.00000000000098,-35.5177878733778,3.));
#9359=CARTESIAN_POINT('Origin',(-9.80882042256326E-13,9.81992265280951E-13,
3.));
#9360=CARTESIAN_POINT('',(-5.37246212024733,-24.117386360738,3.));
#9361=CARTESIAN_POINT('',(-9.66944696834568,-21.0083409050331,3.));
#9362=CARTESIAN_POINT('Origin',(-9.80882042256326E-13,9.81992265280951E-13,
3.));
#9363=CARTESIAN_POINT('',(1.99999999999901,-24.6498484809844,3.));
#9364=CARTESIAN_POINT('',(-2.00000000000098,-25.4898484809844,3.));
#9365=CARTESIAN_POINT('Origin',(-9.80882042256326E-13,9.81992265280951E-13,
3.));
#9366=CARTESIAN_POINT('',(6.865477272147,-12.5964318164429,3.));
#9367=CARTESIAN_POINT('',(3.16246212024535,-17.487386360738,3.));
#9368=CARTESIAN_POINT('Origin',(-9.80882042256326E-13,9.81992265280951E-13,
3.));
#9369=CARTESIAN_POINT('',(1.99999999999901,-14.6219090885909,3.));
#9370=CARTESIAN_POINT('',(-2.00000000000098,-15.4619090885909,3.));
#9371=CARTESIAN_POINT('Origin',(-9.80882042256326E-13,9.81992265280951E-13,
3.));
#9372=CARTESIAN_POINT('',(-0.3584924240506,-9.07547727214786,3.));
#9373=CARTESIAN_POINT('',(-4.65547727214895,-5.96643181644288,3.));
#9374=CARTESIAN_POINT('Origin',(-9.80882042256326E-13,9.81992265280951E-13,
3.));
#9375=CARTESIAN_POINT('',(-4.00000000000098,5.19999999993507,3.));
#9376=CARTESIAN_POINT('',(36.6000000000019,5.19999999989697,3.));
#9377=CARTESIAN_POINT('',(-4.00000000000098,5.43396969619746,3.));
#9378=CARTESIAN_POINT('',(1.99999999999902,5.43396969619746,3.));
#9379=CARTESIAN_POINT('',(-4.00000000000099,-55.5736666581647,3.));
#9380=CARTESIAN_POINT('Origin',(-9.80882042256326E-13,9.81992265280951E-13,
3.));
#9381=CARTESIAN_POINT('',(-4.00000000000098,14.6219090885923,3.));
#9382=CARTESIAN_POINT('',(4.65547727214682,5.96643181644427,3.));
#9383=CARTESIAN_POINT('',(-4.00000000000098,13.4339696961989,3.));
#9384=CARTESIAN_POINT('',(-4.00000000000099,-55.5736666581647,3.));
#9385=CARTESIAN_POINT('',(0.358492424048319,9.07547727214881,3.));
#9386=CARTESIAN_POINT('Origin',(-9.80882042256326E-13,9.81992265280951E-13,
3.));
#9387=CARTESIAN_POINT('',(-4.00000000000098,15.4619090885923,3.));
#9388=CARTESIAN_POINT('',(1.99999999999902,15.4619090885923,3.));
#9389=CARTESIAN_POINT('',(-4.00000000000099,-55.5736666581647,3.));
#9390=CARTESIAN_POINT('',(-2.00000000000098,14.6219090885923,3.));
#9391=CARTESIAN_POINT('Origin',(-9.80882042256326E-13,9.81992265280951E-13,
3.));
#9392=CARTESIAN_POINT('',(-4.00000000000098,16.6498484809857,3.));
#9393=CARTESIAN_POINT('',(-3.16246212024719,17.4873863607395,3.));
#9394=CARTESIAN_POINT('',(-4.00000000000099,-55.5736666581647,3.));
#9395=CARTESIAN_POINT('',(-6.86547727214883,12.5964318164444,3.));
#9396=CARTESIAN_POINT('Origin',(-9.80882042256326E-13,9.81992265280951E-13,
3.));
#9397=CARTESIAN_POINT('',(-4.00000000000098,25.4898484809859,3.));
#9398=CARTESIAN_POINT('',(1.99999999999903,25.4898484809859,3.));
#9399=CARTESIAN_POINT('',(-4.00000000000098,24.6498484809859,3.));
#9400=CARTESIAN_POINT('',(-4.00000000000099,-55.5736666581647,3.));
#9401=CARTESIAN_POINT('',(-2.00000000000098,24.6498484809859,3.));
#9402=CARTESIAN_POINT('Origin',(-9.80882042256326E-13,9.81992265280951E-13,
3.));
#9403=CARTESIAN_POINT('',(-4.00000000000098,34.6777878733796,3.));
#9404=CARTESIAN_POINT('',(9.66944696834364,21.0083409050345,3.));
#9405=CARTESIAN_POINT('',(-4.00000000000098,33.4898484809861,3.));
#9406=CARTESIAN_POINT('',(-4.00000000000099,-55.5736666581647,3.));
#9407=CARTESIAN_POINT('',(5.37246212024528,24.1173863607396,3.));
#9408=CARTESIAN_POINT('Origin',(-9.80882042256326E-13,9.81992265280951E-13,
3.));
#9409=CARTESIAN_POINT('',(-4.00000000000098,35.5177878733796,3.));
#9410=CARTESIAN_POINT('',(1.99999999999902,35.5177878733796,3.));
#9411=CARTESIAN_POINT('',(-4.00000000000099,-55.5736666581647,3.));
#9412=CARTESIAN_POINT('',(-2.00000000000098,34.6777878733796,3.));
#9413=CARTESIAN_POINT('Origin',(-9.80882042256326E-13,9.81992265280951E-13,
3.));
#9414=CARTESIAN_POINT('',(-4.00000000000098,36.7057272657733,3.));
#9415=CARTESIAN_POINT('',(-8.17643181644405,32.5292954493303,3.));
#9416=CARTESIAN_POINT('',(-4.00000000000099,-55.5736666581647,3.));
#9417=CARTESIAN_POINT('',(-11.8794469683457,27.6383409050346,3.));
#9418=CARTESIAN_POINT('Origin',(-9.80882042256326E-13,9.81992265280951E-13,
3.));
#9419=CARTESIAN_POINT('',(-4.00000000000098,45.5457272657733,3.));
#9420=CARTESIAN_POINT('',(1.99999999999902,45.5457272657733,3.));
#9421=CARTESIAN_POINT('',(-4.00000000000098,44.7057272657733,3.));
#9422=CARTESIAN_POINT('',(-4.00000000000099,-55.5736666581647,3.));
#9423=CARTESIAN_POINT('',(-2.00000000000098,44.7057272657733,3.));
#9424=CARTESIAN_POINT('Origin',(-9.80882042256326E-13,9.81992265280951E-13,
3.));
#9425=CARTESIAN_POINT('',(-4.00000000000097,54.7336666581667,3.));
#9426=CARTESIAN_POINT('',(14.6834166645404,36.0502499936252,3.));
#9427=CARTESIAN_POINT('',(-4.00000000000097,53.5457272657733,3.));
#9428=CARTESIAN_POINT('',(-4.00000000000099,-55.5736666581647,3.));
#9429=CARTESIAN_POINT('',(10.3864318164421,39.1592954493302,3.));
#9430=CARTESIAN_POINT('Origin',(-9.80882042256326E-13,9.81992265280951E-13,
3.));
#9431=CARTESIAN_POINT('',(-2.00000000000098,54.7336666581667,3.));
#9432=CARTESIAN_POINT('',(-4.00000000000097,55.5736666581667,3.));
#9433=CARTESIAN_POINT('',(1.99999999999909,55.5736666581667,3.));
#9434=CARTESIAN_POINT('',(-4.00000000000099,-55.5736666581647,3.));
#9435=CARTESIAN_POINT('Origin',(-4.00000000000098,54.7336666581667,0.));
#9436=CARTESIAN_POINT('',(-4.00000000000098,54.7336666581667,0.));
#9437=CARTESIAN_POINT('',(-4.00000000000098,54.7336666581667,0.));
#9438=CARTESIAN_POINT('',(3.99999999999902,54.7336666581667,0.));
#9439=CARTESIAN_POINT('Origin',(3.99999999999902,46.7336666581667,0.));
#9440=CARTESIAN_POINT('',(-4.00000000000098,54.7336666581667,0.));
#9441=CARTESIAN_POINT('Origin',(3.99999999999902,45.5457272657733,0.));
#9442=CARTESIAN_POINT('',(3.99999999999902,45.5457272657733,0.));
#9443=CARTESIAN_POINT('',(3.99999999999902,45.5457272657733,0.));
#9444=CARTESIAN_POINT('',(-4.00000000000097,45.5457272657733,0.));
#9445=CARTESIAN_POINT('',(-4.00000000000097,45.5457272657733,0.));
#9446=CARTESIAN_POINT('',(-4.00000000000097,45.5457272657733,0.));
#9447=CARTESIAN_POINT('Origin',(3.99999999999903,44.7057272657733,0.));
#9448=CARTESIAN_POINT('',(3.99999999999903,44.7057272657733,0.));
#9449=CARTESIAN_POINT('',(3.99999999999903,44.7057272657733,0.));
#9450=CARTESIAN_POINT('',(-4.00000000000098,36.7057272657733,0.));
#9451=CARTESIAN_POINT('',(3.99999999999903,44.7057272657733,0.));
#9452=CARTESIAN_POINT('',(-4.00000000000098,36.7057272657733,0.));
#9453=CARTESIAN_POINT('Origin',(-4.00000000000098,35.5177878733796,0.));
#9454=CARTESIAN_POINT('',(-4.00000000000098,35.5177878733796,0.));
#9455=CARTESIAN_POINT('',(-4.00000000000098,35.5177878733796,0.));
#9456=CARTESIAN_POINT('',(-4.00000000000098,35.5177878733796,0.));
#9457=CARTESIAN_POINT('Origin',(3.99999999999902,35.5177878733796,0.));
#9458=CARTESIAN_POINT('',(3.99999999999902,35.5177878733796,0.));
#9459=CARTESIAN_POINT('Origin',(-4.00000000000098,34.6777878733796,0.));
#9460=CARTESIAN_POINT('',(-4.00000000000098,34.6777878733796,0.));
#9461=CARTESIAN_POINT('',(-4.00000000000098,34.6777878733796,0.));
#9462=CARTESIAN_POINT('',(-4.00000000000098,34.6777878733796,0.));
#9463=CARTESIAN_POINT('Origin',(3.99999999999902,26.6777878733793,0.));
#9464=CARTESIAN_POINT('',(-4.00000000000098,34.6777878733796,0.));
#9465=CARTESIAN_POINT('Origin',(3.99999999999902,25.4898484809859,0.));
#9466=CARTESIAN_POINT('',(3.99999999999902,25.4898484809859,0.));
#9467=CARTESIAN_POINT('',(3.99999999999902,25.4898484809859,0.));
#9468=CARTESIAN_POINT('',(-4.00000000000098,25.4898484809859,0.));
#9469=CARTESIAN_POINT('',(-4.00000000000098,25.4898484809859,0.));
#9470=CARTESIAN_POINT('',(-4.00000000000098,25.4898484809859,0.));
#9471=CARTESIAN_POINT('Origin',(3.99999999999902,24.6498484809859,0.));
#9472=CARTESIAN_POINT('',(3.99999999999902,24.6498484809859,0.));
#9473=CARTESIAN_POINT('',(3.99999999999902,24.6498484809859,0.));
#9474=CARTESIAN_POINT('',(-4.00000000000098,16.6498484809857,0.));
#9475=CARTESIAN_POINT('',(3.99999999999902,24.6498484809859,0.));
#9476=CARTESIAN_POINT('',(-4.00000000000098,16.6498484809857,0.));
#9477=CARTESIAN_POINT('Origin',(-4.00000000000098,15.4619090885923,0.));
#9478=CARTESIAN_POINT('',(-4.00000000000098,15.4619090885923,0.));
#9479=CARTESIAN_POINT('',(-4.00000000000098,15.4619090885923,0.));
#9480=CARTESIAN_POINT('',(-4.00000000000098,15.4619090885923,0.));
#9481=CARTESIAN_POINT('Origin',(3.99999999999903,15.4619090885923,0.));
#9482=CARTESIAN_POINT('',(3.99999999999903,15.4619090885923,0.));
#9483=CARTESIAN_POINT('Origin',(-4.00000000000098,14.6219090885923,0.));
#9484=CARTESIAN_POINT('',(-4.00000000000098,14.6219090885923,0.));
#9485=CARTESIAN_POINT('',(-4.00000000000098,14.6219090885923,0.));
#9486=CARTESIAN_POINT('',(-4.00000000000098,14.6219090885923,0.));
#9487=CARTESIAN_POINT('Origin',(3.99999999999902,6.6219090885921,0.));
#9488=CARTESIAN_POINT('',(-4.00000000000098,14.6219090885923,0.));
#9489=CARTESIAN_POINT('Origin',(3.99999999999902,5.43396969619746,0.));
#9490=CARTESIAN_POINT('',(3.99999999999902,5.43396969619746,0.));
#9491=CARTESIAN_POINT('',(3.99999999999902,5.43396969619746,0.));
#9492=CARTESIAN_POINT('',(-4.00000000000098,5.43396969619746,0.));
#9493=CARTESIAN_POINT('',(-4.00000000000098,5.43396969619746,0.));
#9494=CARTESIAN_POINT('',(-4.00000000000098,5.43396969619746,0.));
#9495=CARTESIAN_POINT('Origin',(-4.00000000000098,-5.43396969619746,0.));
#9496=CARTESIAN_POINT('',(-4.00000000000098,-5.43396969619746,0.));
#9497=CARTESIAN_POINT('',(-4.00000000000098,-5.43396969619746,0.));
#9498=CARTESIAN_POINT('',(3.99999999999902,-5.43396969619746,0.));
#9499=CARTESIAN_POINT('Origin',(3.99999999999902,-13.4339696961975,0.));
#9500=CARTESIAN_POINT('',(-4.00000000000098,-5.43396969619746,0.));
#9501=CARTESIAN_POINT('Origin',(3.99999999999901,-14.6219090885909,0.));
#9502=CARTESIAN_POINT('',(3.99999999999901,-14.6219090885909,0.));
#9503=CARTESIAN_POINT('',(3.99999999999901,-14.6219090885909,0.));
#9504=CARTESIAN_POINT('',(3.99999999999901,-14.6219090885909,0.));
#9505=CARTESIAN_POINT('Origin',(3.99999999999902,-15.4619090885909,0.));
#9506=CARTESIAN_POINT('',(3.99999999999902,-15.4619090885909,0.));
#9507=CARTESIAN_POINT('',(3.99999999999902,-15.4619090885909,0.));
#9508=CARTESIAN_POINT('',(3.99999999999902,-15.4619090885909,0.));
#9509=CARTESIAN_POINT('Origin',(-4.00000000000098,-24.6498484809844,0.));
#9510=CARTESIAN_POINT('',(-4.00000000000098,-24.6498484809844,0.));
#9511=CARTESIAN_POINT('',(-4.00000000000098,-24.6498484809844,0.));
#9512=CARTESIAN_POINT('',(-4.00000000000098,-24.6498484809844,0.));
#9513=CARTESIAN_POINT('Origin',(3.99999999999902,-24.6498484809844,0.));
#9514=CARTESIAN_POINT('',(-4.00000000000098,-24.6498484809844,0.));
#9515=CARTESIAN_POINT('Origin',(-4.00000000000098,-25.4898484809844,0.));
#9516=CARTESIAN_POINT('',(-4.00000000000098,-25.4898484809844,0.));
#9517=CARTESIAN_POINT('',(-4.00000000000098,-25.4898484809844,0.));
#9518=CARTESIAN_POINT('',(3.99999999999902,-25.4898484809844,0.));
#9519=CARTESIAN_POINT('Origin',(3.99999999999902,-33.4898484809844,0.));
#9520=CARTESIAN_POINT('',(-4.00000000000098,-25.4898484809844,0.));
#9521=CARTESIAN_POINT('Origin',(3.99999999999902,-34.6777878733778,0.));
#9522=CARTESIAN_POINT('',(3.99999999999902,-34.6777878733778,0.));
#9523=CARTESIAN_POINT('',(3.99999999999902,-34.6777878733778,0.));
#9524=CARTESIAN_POINT('',(3.99999999999902,-34.6777878733778,0.));
#9525=CARTESIAN_POINT('Origin',(3.99999999999902,-35.5177878733778,0.));
#9526=CARTESIAN_POINT('',(3.99999999999902,-35.5177878733778,0.));
#9527=CARTESIAN_POINT('',(3.99999999999902,-35.5177878733778,0.));
#9528=CARTESIAN_POINT('',(3.99999999999902,-35.5177878733778,0.));
#9529=CARTESIAN_POINT('Origin',(-4.00000000000098,-44.7057272657713,0.));
#9530=CARTESIAN_POINT('',(-4.00000000000098,-44.7057272657713,0.));
#9531=CARTESIAN_POINT('',(-4.00000000000098,-44.7057272657713,0.));
#9532=CARTESIAN_POINT('',(-4.00000000000098,-44.7057272657713,0.));
#9533=CARTESIAN_POINT('Origin',(3.99999999999901,-44.7057272657713,0.));
#9534=CARTESIAN_POINT('',(-4.00000000000098,-44.7057272657713,0.));
#9535=CARTESIAN_POINT('Origin',(-4.00000000000098,-45.5457272657713,0.));
#9536=CARTESIAN_POINT('',(-4.00000000000098,-45.5457272657713,0.));
#9537=CARTESIAN_POINT('',(-4.00000000000098,-45.5457272657713,0.));
#9538=CARTESIAN_POINT('',(3.99999999999902,-45.5457272657713,0.));
#9539=CARTESIAN_POINT('Origin',(3.99999999999901,-53.5457272657713,0.));
#9540=CARTESIAN_POINT('',(3.99999999999901,-53.5457272657713,0.));
#9541=CARTESIAN_POINT('Origin',(3.99999999999901,-54.7336666581647,0.));
#9542=CARTESIAN_POINT('',(3.99999999999901,-54.7336666581647,0.));
#9543=CARTESIAN_POINT('',(3.99999999999901,-54.7336666581647,0.));
#9544=CARTESIAN_POINT('',(-4.00000000000099,-54.7336666581647,0.));
#9545=CARTESIAN_POINT('Origin',(-4.00000000000099,-55.5736666581647,0.));
#9546=CARTESIAN_POINT('',(3.99999999999901,-55.5736666581647,0.));
#9547=CARTESIAN_POINT('',(3.99999999999901,-55.5736666581647,0.));
#9548=CARTESIAN_POINT('',(3.99999999999901,-55.5736666581647,0.));
#9549=CARTESIAN_POINT('Ctrl Pts',(-0.750000000000989,-71.599999999999,4.));
#9550=CARTESIAN_POINT('Ctrl Pts',(-0.750000000000989,-71.599999999999,4.8));
#9551=CARTESIAN_POINT('Ctrl Pts',(-0.750000000000989,-71.599999999999,5.6));
#9552=CARTESIAN_POINT('Ctrl Pts',(-0.750000000000989,-71.599999999999,6.4));
#9553=CARTESIAN_POINT('Ctrl Pts',(-0.628724341035146,-71.599999999999,4.));
#9554=CARTESIAN_POINT('Ctrl Pts',(-0.628724341035146,-71.599999999999,4.8));
#9555=CARTESIAN_POINT('Ctrl Pts',(-0.628724341035146,-71.599999999999,5.6));
#9556=CARTESIAN_POINT('Ctrl Pts',(-0.628724341035146,-71.599999999999,6.4));
#9557=CARTESIAN_POINT('Ctrl Pts',(-0.393871614228384,-71.5582553385057,
4.));
#9558=CARTESIAN_POINT('Ctrl Pts',(-0.393871614228384,-71.5582553385057,
4.8));
#9559=CARTESIAN_POINT('Ctrl Pts',(-0.393871614228384,-71.5582553385057,
5.6));
#9560=CARTESIAN_POINT('Ctrl Pts',(-0.393871614228384,-71.5582553385057,
6.4));
#9561=CARTESIAN_POINT('Ctrl Pts',(-0.0817135195506694,-71.3206221376666,
4.));
#9562=CARTESIAN_POINT('Ctrl Pts',(-0.0817135195506694,-71.3206221376666,
4.8));
#9563=CARTESIAN_POINT('Ctrl Pts',(-0.0817135195506694,-71.3206221376666,
5.6));
#9564=CARTESIAN_POINT('Ctrl Pts',(-0.0817135195506694,-71.3206221376666,
6.4));
#9565=CARTESIAN_POINT('Ctrl Pts',(-9.8931385534042E-13,-71.0319134884478,
4.));
#9566=CARTESIAN_POINT('Ctrl Pts',(-9.8931385534042E-13,-71.0319134884478,
4.8));
#9567=CARTESIAN_POINT('Ctrl Pts',(-9.8931385534042E-13,-71.0319134884478,
5.6));
#9568=CARTESIAN_POINT('Ctrl Pts',(-9.8931385534042E-13,-71.0319134884478,
6.4));
#9569=CARTESIAN_POINT('Ctrl Pts',(-9.89303083898107E-13,-70.849999999999,
4.));
#9570=CARTESIAN_POINT('Ctrl Pts',(-9.89303083898107E-13,-70.849999999999,
4.8));
#9571=CARTESIAN_POINT('Ctrl Pts',(-9.89303083898107E-13,-70.849999999999,
5.6));
#9572=CARTESIAN_POINT('Ctrl Pts',(-9.89303083898107E-13,-70.849999999999,
6.4));
#9573=CARTESIAN_POINT('Ctrl Pts',(-0.750000000000989,-71.599999999999,6.4));
#9574=CARTESIAN_POINT('Ctrl Pts',(-0.750000000000989,-71.599999999999,5.6));
#9575=CARTESIAN_POINT('Ctrl Pts',(-0.750000000000989,-71.599999999999,4.8));
#9576=CARTESIAN_POINT('Ctrl Pts',(-0.750000000000989,-71.599999999999,4.));
#9577=CARTESIAN_POINT('Ctrl Pts',(-9.73926495007049E-13,67.650000000001,
4.));
#9578=CARTESIAN_POINT('Ctrl Pts',(-9.73926495007049E-13,67.650000000001,
4.8));
#9579=CARTESIAN_POINT('Ctrl Pts',(-9.73926495007049E-13,67.650000000001,
5.6));
#9580=CARTESIAN_POINT('Ctrl Pts',(-9.73926495007049E-13,67.650000000001,
6.4));
#9581=CARTESIAN_POINT('Ctrl Pts',(-9.73929187867627E-13,67.7712756589668,
4.));
#9582=CARTESIAN_POINT('Ctrl Pts',(-9.73929187867627E-13,67.7712756589668,
4.8));
#9583=CARTESIAN_POINT('Ctrl Pts',(-9.73929187867627E-13,67.7712756589668,
5.6));
#9584=CARTESIAN_POINT('Ctrl Pts',(-9.73929187867627E-13,67.7712756589668,
6.4));
#9585=CARTESIAN_POINT('Ctrl Pts',(-0.0417442381288048,68.0061295320075,
4.));
#9586=CARTESIAN_POINT('Ctrl Pts',(-0.0417442381288048,68.0061295320075,
4.8));
#9587=CARTESIAN_POINT('Ctrl Pts',(-0.0417442381288048,68.0061295320075,
5.60000000000001));
#9588=CARTESIAN_POINT('Ctrl Pts',(-0.0417442381288048,68.0061295320075,
6.4));
#9589=CARTESIAN_POINT('Ctrl Pts',(-0.279377368703696,68.3182890487229,4.));
#9590=CARTESIAN_POINT('Ctrl Pts',(-0.279377368703696,68.3182890487229,4.8));
#9591=CARTESIAN_POINT('Ctrl Pts',(-0.279377368703696,68.3182890487229,5.6));
#9592=CARTESIAN_POINT('Ctrl Pts',(-0.279377368703696,68.3182890487229,6.4));
#9593=CARTESIAN_POINT('Ctrl Pts',(-0.568086511552209,68.400000000001,4.));
#9594=CARTESIAN_POINT('Ctrl Pts',(-0.568086511552209,68.400000000001,4.8));
#9595=CARTESIAN_POINT('Ctrl Pts',(-0.568086511552209,68.400000000001,5.6));
#9596=CARTESIAN_POINT('Ctrl Pts',(-0.568086511552209,68.400000000001,6.4));
#9597=CARTESIAN_POINT('Ctrl Pts',(-0.750000000000974,68.400000000001,4.));
#9598=CARTESIAN_POINT('Ctrl Pts',(-0.750000000000974,68.400000000001,4.8));
#9599=CARTESIAN_POINT('Ctrl Pts',(-0.750000000000974,68.400000000001,5.6));
#9600=CARTESIAN_POINT('Ctrl Pts',(-0.750000000000974,68.400000000001,6.4));
#9601=CARTESIAN_POINT('Ctrl Pts',(-9.73926495007049E-13,67.650000000001,
6.4));
#9602=CARTESIAN_POINT('Ctrl Pts',(-9.73926495007049E-13,67.650000000001,
5.6));
#9603=CARTESIAN_POINT('Ctrl Pts',(-9.73926495007049E-13,67.650000000001,
4.8));
#9604=CARTESIAN_POINT('Ctrl Pts',(-9.73926495007049E-13,67.650000000001,
4.));
#9605=CARTESIAN_POINT('Ctrl Pts',(-0.750000000000974,68.400000000001,4.));
#9606=CARTESIAN_POINT('Ctrl Pts',(-0.750000000000974,68.400000000001,4.8));
#9607=CARTESIAN_POINT('Ctrl Pts',(-0.750000000000974,68.400000000001,5.6));
#9608=CARTESIAN_POINT('Ctrl Pts',(-0.750000000000974,68.400000000001,6.4));
#9609=CARTESIAN_POINT('Origin',(-9.7328811676789E-13,68.400000000001,4.));
#9610=CARTESIAN_POINT('Ctrl Pts',(-4.00000000000098,68.400000000001,4.));
#9611=CARTESIAN_POINT('Ctrl Pts',(-4.00000000000098,68.400000000001,4.4));
#9612=CARTESIAN_POINT('Ctrl Pts',(-4.00000000000098,68.400000000001,4.8));
#9613=CARTESIAN_POINT('Ctrl Pts',(-4.00000000000098,68.400000000001,5.6));
#9614=CARTESIAN_POINT('Ctrl Pts',(-4.00000000000098,68.400000000001,6.));
#9615=CARTESIAN_POINT('Ctrl Pts',(-4.00000000000098,68.400000000001,6.4));
#9616=CARTESIAN_POINT('Ctrl Pts',(0.450000002292811,-70.0000000022928,-5.55111512312578E-16));
#9617=CARTESIAN_POINT('Ctrl Pts',(0.450000002292811,-70.0000000022928,1.33333333333333));
#9618=CARTESIAN_POINT('Ctrl Pts',(0.450000002292811,-70.0000000022928,2.66666666666667));
#9619=CARTESIAN_POINT('Ctrl Pts',(0.450000002292811,-70.0000000022928,4.));
#9620=CARTESIAN_POINT('Ctrl Pts',(0.446429538225286,-69.9964295382253,-5.55111512312578E-16));
#9621=CARTESIAN_POINT('Ctrl Pts',(0.446429538225286,-69.9964295382253,1.33333333333333));
#9622=CARTESIAN_POINT('Ctrl Pts',(0.446429538225286,-69.9964295382253,2.66666666666667));
#9623=CARTESIAN_POINT('Ctrl Pts',(0.446429538225286,-69.9964295382253,4.));
#9624=CARTESIAN_POINT('Ctrl Pts',(0.275254242762917,-69.8258310725084,-5.55111512312578E-16));
#9625=CARTESIAN_POINT('Ctrl Pts',(0.275254242762917,-69.8258310725084,1.33333333333333));
#9626=CARTESIAN_POINT('Ctrl Pts',(0.275254242762917,-69.8258310725084,2.66666666666666));
#9627=CARTESIAN_POINT('Ctrl Pts',(0.275254242762917,-69.8258310725084,4.));
#9628=CARTESIAN_POINT('Ctrl Pts',(0.0848635438053446,-69.6140259589909,
-5.55111512312578E-16));
#9629=CARTESIAN_POINT('Ctrl Pts',(0.0848635438053446,-69.6140259589909,
1.33333333333333));
#9630=CARTESIAN_POINT('Ctrl Pts',(0.0848635438053446,-69.6140259589909,
2.66666666666667));
#9631=CARTESIAN_POINT('Ctrl Pts',(0.0848635438053446,-69.6140259589909,
4.));
#9632=CARTESIAN_POINT('Ctrl Pts',(0.0012951734921202,-69.2541213034324,
-5.55111512312578E-16));
#9633=CARTESIAN_POINT('Ctrl Pts',(0.0012951734921202,-69.2541213034324,
1.33333333333333));
#9634=CARTESIAN_POINT('Ctrl Pts',(0.0012951734921202,-69.2541213034324,
2.66666666666667));
#9635=CARTESIAN_POINT('Ctrl Pts',(0.0012951734921202,-69.2541213034324,
4.));
#9636=CARTESIAN_POINT('Ctrl Pts',(-9.82639895378649E-13,-69.0465451218217,
-5.55111512312578E-16));
#9637=CARTESIAN_POINT('Ctrl Pts',(-9.82639895378649E-13,-69.0465451218217,
1.33333333333333));
#9638=CARTESIAN_POINT('Ctrl Pts',(-9.82639895378649E-13,-69.0465451218217,
2.66666666666667));
#9639=CARTESIAN_POINT('Ctrl Pts',(-9.82639895378649E-13,-69.0465451218217,
4.));
#9640=CARTESIAN_POINT('Ctrl Pts',(-9.8129837589056E-13,-68.9286796564394,
-5.55111512312578E-16));
#9641=CARTESIAN_POINT('Ctrl Pts',(-9.8129837589056E-13,-68.9286796564394,
1.33333333333333));
#9642=CARTESIAN_POINT('Ctrl Pts',(-9.8129837589056E-13,-68.9286796564394,
2.66666666666667));
#9643=CARTESIAN_POINT('Ctrl Pts',(-9.8129837589056E-13,-68.9286796564394,
4.));
#9644=CARTESIAN_POINT('',(-9.87517362180373E-13,-68.9286796564394,0.));
#9645=CARTESIAN_POINT('',(-9.8742443995286E-13,-68.9286796564394,2.));
#9646=CARTESIAN_POINT('Ctrl Pts',(0.449999999999019,-69.999999999999,0.));
#9647=CARTESIAN_POINT('Ctrl Pts',(0.35140557225969,-69.9014055722597,0.));
#9648=CARTESIAN_POINT('Ctrl Pts',(0.28929400508042,-69.8380452968132,5.55111512312578E-16));
#9649=CARTESIAN_POINT('Ctrl Pts',(0.169826693293615,-69.6931356064229,5.55111512312578E-16));
#9650=CARTESIAN_POINT('Ctrl Pts',(0.114496018731173,-69.6093924914373,5.55111512312578E-16));
#9651=CARTESIAN_POINT('Ctrl Pts',(-9.85725026110185E-13,-69.3248455592035,
5.55111512312578E-16));
#9652=CARTESIAN_POINT('Ctrl Pts',(-9.83834592896761E-13,-69.1397192727883,
0.));
#9653=CARTESIAN_POINT('Ctrl Pts',(-9.81375896345893E-13,-68.9286796564394,
0.));
#9654=CARTESIAN_POINT('Ctrl Pts',(-0.450000002294779,70.0000000022948,-1.66533453693773E-15));
#9655=CARTESIAN_POINT('Ctrl Pts',(-0.450000002294779,70.0000000022948,1.33333333333333));
#9656=CARTESIAN_POINT('Ctrl Pts',(-0.450000002294779,70.0000000022948,2.66666666666667));
#9657=CARTESIAN_POINT('Ctrl Pts',(-0.450000002294779,70.0000000022948,4.));
#9658=CARTESIAN_POINT('Ctrl Pts',(-0.446429538227246,69.9964295382273,-1.66533453693773E-15));
#9659=CARTESIAN_POINT('Ctrl Pts',(-0.446429538227246,69.9964295382273,1.33333333333333));
#9660=CARTESIAN_POINT('Ctrl Pts',(-0.446429538227246,69.9964295382273,2.66666666666667));
#9661=CARTESIAN_POINT('Ctrl Pts',(-0.446429538227246,69.9964295382273,4.));
#9662=CARTESIAN_POINT('Ctrl Pts',(-0.275254242764869,69.8258310725103,-1.66563642894886E-15));
#9663=CARTESIAN_POINT('Ctrl Pts',(-0.275254242764869,69.8258310725103,1.33333333333334));
#9664=CARTESIAN_POINT('Ctrl Pts',(-0.275254242764869,69.8258310725103,2.66666666666666));
#9665=CARTESIAN_POINT('Ctrl Pts',(-0.275254242764869,69.8258310725103,3.99999999999999));
#9666=CARTESIAN_POINT('Ctrl Pts',(-0.0848635438072965,69.6140259589929,
-1.65442889201296E-15));
#9667=CARTESIAN_POINT('Ctrl Pts',(-0.0848635438072965,69.6140259589929,
1.33333333333333));
#9668=CARTESIAN_POINT('Ctrl Pts',(-0.0848635438072965,69.6140259589929,
2.66666666666667));
#9669=CARTESIAN_POINT('Ctrl Pts',(-0.0848635438072965,69.6140259589929,
4.));
#9670=CARTESIAN_POINT('Ctrl Pts',(-0.00129517349407481,69.2541213034344,
-1.50980438617154E-15));
#9671=CARTESIAN_POINT('Ctrl Pts',(-0.00129517349407481,69.2541213034344,
1.33333333333334));
#9672=CARTESIAN_POINT('Ctrl Pts',(-0.00129517349407481,69.2541213034344,
2.66666666666666));
#9673=CARTESIAN_POINT('Ctrl Pts',(-0.00129517349407481,69.2541213034344,
4.));
#9674=CARTESIAN_POINT('Ctrl Pts',(-9.70878470211526E-13,69.0465451218236,
-1.40184430109979E-15));
#9675=CARTESIAN_POINT('Ctrl Pts',(-9.70878470211526E-13,69.0465451218236,
1.33333333333333));
#9676=CARTESIAN_POINT('Ctrl Pts',(-9.70878470211526E-13,69.0465451218236,
2.66666666666667));
#9677=CARTESIAN_POINT('Ctrl Pts',(-9.70878470211526E-13,69.0465451218236,
4.));
#9678=CARTESIAN_POINT('Ctrl Pts',(-9.70890035034699E-13,68.9286796564413,
-1.34015774165447E-15));
#9679=CARTESIAN_POINT('Ctrl Pts',(-9.70890035034699E-13,68.9286796564413,
1.33333333333333));
#9680=CARTESIAN_POINT('Ctrl Pts',(-9.70890035034699E-13,68.9286796564413,
2.66666666666667));
#9681=CARTESIAN_POINT('Ctrl Pts',(-9.70890035034699E-13,68.9286796564413,
4.));
#9682=CARTESIAN_POINT('',(-9.73784533047479E-13,68.9286796564413,0.));
#9683=CARTESIAN_POINT('',(-9.73784533047479E-13,68.9286796564413,2.));
#9684=CARTESIAN_POINT('Ctrl Pts',(-9.70776193806588E-13,68.9286796564413,
4.77936253671695E-17));
#9685=CARTESIAN_POINT('Ctrl Pts',(-9.70746906176441E-13,69.1397192727903,
4.77936253671695E-17));
#9686=CARTESIAN_POINT('Ctrl Pts',(-9.70080283262486E-13,69.3248455592054,
5.55111512312578E-16));
#9687=CARTESIAN_POINT('Ctrl Pts',(-0.114496018733109,69.6093924914393,5.55111512312578E-16));
#9688=CARTESIAN_POINT('Ctrl Pts',(-0.169826693295533,69.6931356064248,5.55111512312578E-16));
#9689=CARTESIAN_POINT('Ctrl Pts',(-0.289294005082421,69.8380452968152,5.55111512312578E-16));
#9690=CARTESIAN_POINT('Ctrl Pts',(-0.35140557226176,69.9014055722618,0.));
#9691=CARTESIAN_POINT('Ctrl Pts',(-0.450000000000973,70.000000000001,0.));
#9692=CARTESIAN_POINT('Origin',(-9.74020863964142E-13,66.800000000001,0.));
#9693=CARTESIAN_POINT('',(-9.74020863964142E-13,66.800000000001,0.));
#9694=CARTESIAN_POINT('',(-9.74020863964142E-13,66.800000000001,0.));
#9695=CARTESIAN_POINT('',(-9.73665592596262E-13,70.000000000001,0.));
#9696=CARTESIAN_POINT('Origin',(-9.87465664792353E-13,-66.799999999999,
0.));
#9697=CARTESIAN_POINT('',(-9.87465664792353E-13,-66.799999999999,0.));
#9698=CARTESIAN_POINT('',(-9.87465664792353E-13,-66.799999999999,0.));
#9699=CARTESIAN_POINT('',(-9.87543380404077E-13,-69.999999999999,0.));
#9700=CARTESIAN_POINT('Ctrl Pts',(-4.00000000092332,-71.5999999990767,4.));
#9701=CARTESIAN_POINT('Ctrl Pts',(-4.00000000092332,-71.5999999990767,4.8));
#9702=CARTESIAN_POINT('Ctrl Pts',(-4.00000000092332,-71.5999999990767,5.6));
#9703=CARTESIAN_POINT('Ctrl Pts',(-4.00000000092332,-71.5999999990767,6.4));
#9704=CARTESIAN_POINT('Ctrl Pts',(-3.99642953731731,-71.6035704626827,4.));
#9705=CARTESIAN_POINT('Ctrl Pts',(-3.99642953731731,-71.6035704626827,4.8));
#9706=CARTESIAN_POINT('Ctrl Pts',(-3.99642953731731,-71.6035704626827,5.6));
#9707=CARTESIAN_POINT('Ctrl Pts',(-3.99642953731731,-71.6035704626827,6.4));
#9708=CARTESIAN_POINT('Ctrl Pts',(-3.82525538237568,-71.774172779996,4.));
#9709=CARTESIAN_POINT('Ctrl Pts',(-3.82525538237568,-71.774172779996,4.8));
#9710=CARTESIAN_POINT('Ctrl Pts',(-3.82525538237568,-71.774172779996,5.6));
#9711=CARTESIAN_POINT('Ctrl Pts',(-3.82525538237568,-71.774172779996,6.4));
#9712=CARTESIAN_POINT('Ctrl Pts',(-3.63487192877246,-71.98600160843,4.));
#9713=CARTESIAN_POINT('Ctrl Pts',(-3.63487192877246,-71.98600160843,4.8));
#9714=CARTESIAN_POINT('Ctrl Pts',(-3.63487192877246,-71.98600160843,5.6));
#9715=CARTESIAN_POINT('Ctrl Pts',(-3.63487192877246,-71.98600160843,6.4));
#9716=CARTESIAN_POINT('Ctrl Pts',(-3.55129788903257,-72.3458870159468,4.));
#9717=CARTESIAN_POINT('Ctrl Pts',(-3.55129788903257,-72.3458870159468,4.8));
#9718=CARTESIAN_POINT('Ctrl Pts',(-3.55129788903257,-72.3458870159468,5.6));
#9719=CARTESIAN_POINT('Ctrl Pts',(-3.55129788903257,-72.3458870159468,6.4));
#9720=CARTESIAN_POINT('Ctrl Pts',(-3.55000000000099,-72.5534548781764,4.));
#9721=CARTESIAN_POINT('Ctrl Pts',(-3.55000000000099,-72.5534548781764,4.8));
#9722=CARTESIAN_POINT('Ctrl Pts',(-3.55000000000099,-72.5534548781764,5.6));
#9723=CARTESIAN_POINT('Ctrl Pts',(-3.55000000000099,-72.5534548781764,6.4));
#9724=CARTESIAN_POINT('Ctrl Pts',(-3.55000000000099,-72.6713203435586,4.));
#9725=CARTESIAN_POINT('Ctrl Pts',(-3.55000000000099,-72.6713203435586,4.8));
#9726=CARTESIAN_POINT('Ctrl Pts',(-3.55000000000099,-72.6713203435586,5.6));
#9727=CARTESIAN_POINT('Ctrl Pts',(-3.55000000000099,-72.6713203435586,6.4));
#9728=CARTESIAN_POINT('Ctrl Pts',(-4.00000000000099,-71.599999999999,6.4));
#9729=CARTESIAN_POINT('Ctrl Pts',(-4.00000000000099,-71.599999999999,6.));
#9730=CARTESIAN_POINT('Ctrl Pts',(-4.00000000000099,-71.599999999999,5.6));
#9731=CARTESIAN_POINT('Ctrl Pts',(-4.00000000000099,-71.599999999999,4.8));
#9732=CARTESIAN_POINT('Ctrl Pts',(-4.00000000000099,-71.599999999999,4.4));
#9733=CARTESIAN_POINT('Ctrl Pts',(-4.00000000000099,-71.599999999999,4.));
#9734=CARTESIAN_POINT('',(-3.55000000000099,-72.6713203435587,4.));
#9735=CARTESIAN_POINT('Origin',(-4.00000000000099,-71.599999999999,4.));
#9736=CARTESIAN_POINT('Ctrl Pts',(-3.55000000000097,69.4713203435606,4.));
#9737=CARTESIAN_POINT('Ctrl Pts',(-3.55000000000097,69.4713203435606,4.8));
#9738=CARTESIAN_POINT('Ctrl Pts',(-3.55000000000097,69.4713203435606,5.6));
#9739=CARTESIAN_POINT('Ctrl Pts',(-3.55000000000097,69.4713203435606,6.4));
#9740=CARTESIAN_POINT('Ctrl Pts',(-3.55000000000097,69.2355894127961,4.));
#9741=CARTESIAN_POINT('Ctrl Pts',(-3.55000000000097,69.2355894127961,4.8));
#9742=CARTESIAN_POINT('Ctrl Pts',(-3.55000000000097,69.2355894127961,5.6));
#9743=CARTESIAN_POINT('Ctrl Pts',(-3.55000000000097,69.2355894127961,6.4));
#9744=CARTESIAN_POINT('Ctrl Pts',(-3.56478794722175,68.9552552832645,4.));
#9745=CARTESIAN_POINT('Ctrl Pts',(-3.56478794722175,68.9552552832645,4.8));
#9746=CARTESIAN_POINT('Ctrl Pts',(-3.56478794722175,68.9552552832645,5.59999999999999));
#9747=CARTESIAN_POINT('Ctrl Pts',(-3.56478794722175,68.9552552832645,6.4));
#9748=CARTESIAN_POINT('Ctrl Pts',(-3.76018602122743,68.6416684525149,4.));
#9749=CARTESIAN_POINT('Ctrl Pts',(-3.76018602122743,68.6416684525149,4.8));
#9750=CARTESIAN_POINT('Ctrl Pts',(-3.76018602122743,68.6416684525149,5.6));
#9751=CARTESIAN_POINT('Ctrl Pts',(-3.76018602122743,68.6416684525149,6.4));
#9752=CARTESIAN_POINT('Ctrl Pts',(-3.90910896696885,68.490871558289,4.));
#9753=CARTESIAN_POINT('Ctrl Pts',(-3.90910896696885,68.490871558289,4.8));
#9754=CARTESIAN_POINT('Ctrl Pts',(-3.90910896696885,68.490871558289,5.59999999999999));
#9755=CARTESIAN_POINT('Ctrl Pts',(-3.90910896696885,68.490871558289,6.39999999999999));
#9756=CARTESIAN_POINT('Ctrl Pts',(-3.99642953822726,68.4035704617747,4.));
#9757=CARTESIAN_POINT('Ctrl Pts',(-3.99642953822726,68.4035704617747,4.8));
#9758=CARTESIAN_POINT('Ctrl Pts',(-3.99642953822726,68.4035704617747,5.6));
#9759=CARTESIAN_POINT('Ctrl Pts',(-3.99642953822726,68.4035704617747,6.4));
#9760=CARTESIAN_POINT('Ctrl Pts',(-4.00000000229478,68.3999999977072,4.));
#9761=CARTESIAN_POINT('Ctrl Pts',(-4.00000000229478,68.3999999977072,4.8));
#9762=CARTESIAN_POINT('Ctrl Pts',(-4.00000000229478,68.3999999977072,5.6));
#9763=CARTESIAN_POINT('Ctrl Pts',(-4.00000000229478,68.3999999977072,6.4));
#9764=CARTESIAN_POINT('Origin',(-3.55000000000099,-73.199999999999,4.));
#9765=CARTESIAN_POINT('Origin',(-4.60000000000013,-63.7532144212535,2.79341666454143));
#9766=CARTESIAN_POINT('Origin',(-2.60000000000012,61.9388550673106,3.59341666454143));
#9767=CARTESIAN_POINT('',(-2.61626847137803,59.4572245071485,2.16064659260261));
#9768=CARTESIAN_POINT('',(-1.92576534172079,63.8978871590558,4.72446437006165));
#9769=CARTESIAN_POINT('Origin',(-4.00000000000097,70.000000000001,4.));
#9770=CARTESIAN_POINT('Origin',(-4.00000000000097,55.5736666581667,0.));
#9771=CARTESIAN_POINT('',(-4.00000000000097,55.5736666581667,0.));
#9772=CARTESIAN_POINT('',(-9.74020863964142E-13,66.800000000001,0.));
#9773=CARTESIAN_POINT('',(-4.00000000000097,55.5736666581667,0.));
#9774=CARTESIAN_POINT('',(-4.00000000000097,55.5736666581667,0.));
#9775=CARTESIAN_POINT('Origin',(3.99999999999902,55.5736666581667,0.));
#9776=CARTESIAN_POINT('',(-4.00000000000097,55.5736666581667,0.));
#9777=CARTESIAN_POINT('Origin',(-4.00000000000098,44.7057272657733,0.));
#9778=CARTESIAN_POINT('',(-4.00000000000098,44.7057272657733,0.));
#9779=CARTESIAN_POINT('',(-4.00000000000098,44.7057272657733,0.));
#9780=CARTESIAN_POINT('',(3.99999999999903,44.7057272657733,0.));
#9781=CARTESIAN_POINT('Origin',(-4.00000000000097,66.800000000001,0.));
#9782=CARTESIAN_POINT('',(-0.891727690217603,66.800000000001,0.));
#9783=CARTESIAN_POINT('',(-0.891727690217603,66.800000000001,0.));
#9784=CARTESIAN_POINT('',(-4.00000000000097,66.800000000001,0.));
#9785=CARTESIAN_POINT('',(-4.00000000000097,66.800000000001,0.));
#9786=CARTESIAN_POINT('',(-9.74020863964142E-13,66.800000000001,0.));
#9787=CARTESIAN_POINT('Origin',(-4.00000000000098,58.0763747332969,0.));
#9788=CARTESIAN_POINT('',(-4.00000000000098,5.19999999993507,2.));
#9789=CARTESIAN_POINT('',(-4.00000000000098,13.4339696961989,0.));
#9790=CARTESIAN_POINT('',(-4.00000000000098,54.7336666581667,0.));
#9791=CARTESIAN_POINT('',(-4.00000000000098,13.4339696961989,0.));
#9792=CARTESIAN_POINT('',(-4.00000000000098,24.6498484809859,0.));
#9793=CARTESIAN_POINT('',(-4.00000000000098,54.7336666581667,0.));
#9794=CARTESIAN_POINT('',(-4.00000000000098,24.6498484809859,0.));
#9795=CARTESIAN_POINT('',(-4.00000000000098,33.4898484809861,0.));
#9796=CARTESIAN_POINT('',(-4.00000000000098,54.7336666581667,0.));
#9797=CARTESIAN_POINT('',(-4.00000000000098,33.4898484809861,0.));
#9798=CARTESIAN_POINT('',(-4.00000000000098,54.7336666581667,0.));
#9799=CARTESIAN_POINT('',(-4.00000000000098,53.5457272657733,0.));
#9800=CARTESIAN_POINT('',(-4.00000000000098,54.7336666581667,0.));
#9801=CARTESIAN_POINT('',(-4.00000000000098,53.5457272657733,0.));
#9802=CARTESIAN_POINT('',(-4.00000000000098,58.0763747332969,0.));
#9803=CARTESIAN_POINT('',(-4.00000000000098,58.0763747332969,0.));
#9804=CARTESIAN_POINT('',(-4.00000000000099,-69.999999999999,0.));
#9805=CARTESIAN_POINT('Origin',(-0.891727690217603,66.800000000001,0.));
#9806=CARTESIAN_POINT('',(-4.00000000000098,58.0763747332969,0.));
#9807=CARTESIAN_POINT('Origin',(-4.00000000000098,-26.6777878733778,0.));
#9808=CARTESIAN_POINT('',(3.99999999999902,-34.6777878733778,0.));
#9809=CARTESIAN_POINT('Origin',(-4.00000000000098,53.5457272657733,0.));
#9810=CARTESIAN_POINT('',(-4.00000000000098,53.5457272657733,0.));
#9811=CARTESIAN_POINT('Origin',(-4.00000000000098,24.6498484809859,0.));
#9812=CARTESIAN_POINT('',(3.99999999999902,24.6498484809859,0.));
#9813=CARTESIAN_POINT('Origin',(-4.00000000000098,-35.5177878733778,0.));
#9814=CARTESIAN_POINT('',(-4.00000000000098,-35.5177878733778,0.));
#9815=CARTESIAN_POINT('Origin',(-4.00000000000098,33.4898484809861,0.));
#9816=CARTESIAN_POINT('',(3.99999999999902,25.4898484809859,0.));
#9817=CARTESIAN_POINT('Origin',(3.99999999999901,-55.5736666581647,0.));
#9818=CARTESIAN_POINT('',(-9.87465664792353E-13,-66.799999999999,0.));
#9819=CARTESIAN_POINT('Origin',(-4.00000000000098,-6.62190908859086,0.));
#9820=CARTESIAN_POINT('',(3.99999999999901,-14.6219090885909,0.));
#9821=CARTESIAN_POINT('Origin',(-4.00000000000098,-15.4619090885909,0.));
#9822=CARTESIAN_POINT('',(-4.00000000000098,-15.4619090885909,0.));
#9823=CARTESIAN_POINT('Origin',(-4.00000000000098,13.4339696961989,0.));
#9824=CARTESIAN_POINT('',(3.99999999999902,5.43396969619746,0.));
#9825=CARTESIAN_POINT('Origin',(-4.00000000000098,-46.7336666581647,0.));
#9826=CARTESIAN_POINT('',(3.99999999999901,-54.7336666581647,0.));
#9827=CARTESIAN_POINT('Origin',(3.99999999999901,-58.0763747332948,0.));
#9828=CARTESIAN_POINT('',(3.99999999999901,-58.0763747332948,0.));
#9829=CARTESIAN_POINT('',(3.99999999999901,-66.799999999999,0.));
#9830=CARTESIAN_POINT('',(3.99999999999903,70.000000000001,0.));
#9831=CARTESIAN_POINT('',(3.99999999999901,-66.799999999999,0.));
#9832=CARTESIAN_POINT('',(3.99999999999901,-58.0763747332948,0.));
#9833=CARTESIAN_POINT('Origin',(0.891727690215622,-66.799999999999,0.));
#9834=CARTESIAN_POINT('',(0.891727690215622,-66.799999999999,0.));
#9835=CARTESIAN_POINT('',(0.891727690215622,-66.799999999999,0.));
#9836=CARTESIAN_POINT('',(0.891727690215622,-66.799999999999,0.));
#9837=CARTESIAN_POINT('Origin',(3.99999999999901,-66.799999999999,0.));
#9838=CARTESIAN_POINT('',(-9.87465664792353E-13,-66.799999999999,0.));
#9839=CARTESIAN_POINT('Origin',(5.2000000001364,73.200000000001,0.));
#9840=CARTESIAN_POINT('',(-5.1999999998636,73.200000000001,0.));
#9841=CARTESIAN_POINT('Origin',(-73.2,-5.2,0.));
#9842=CARTESIAN_POINT('',(72.7249999999995,-5.20000000013693,0.));
#9843=CARTESIAN_POINT('',(73.2,-5.20000000013738,0.));
#9844=CARTESIAN_POINT('Ctrl Pts',(72.7249999999995,-5.20000000013693,4.));
#9845=CARTESIAN_POINT('Ctrl Pts',(72.7249999999995,-5.20000000013693,2.66666666666667));
#9846=CARTESIAN_POINT('Ctrl Pts',(72.7249999999995,-5.20000000013693,1.33333333333333));
#9847=CARTESIAN_POINT('Ctrl Pts',(72.7249999999995,-5.20000000013693,0.));
#9848=CARTESIAN_POINT('Origin',(-73.2,-5.2,0.));
#9849=CARTESIAN_POINT('',(-72.7250000000004,-5.20000000000045,4.));
#9850=CARTESIAN_POINT('',(73.2,-5.20000000013738,4.));
#9851=CARTESIAN_POINT('',(-72.7250000000004,-5.20000000000045,0.));
#9852=CARTESIAN_POINT('Ctrl Pts',(-72.7250000000004,-5.20000000000045,0.));
#9853=CARTESIAN_POINT('Ctrl Pts',(-72.7250000000004,-5.20000000000045,1.33333333333333));
#9854=CARTESIAN_POINT('Ctrl Pts',(-72.7250000000004,-5.20000000000045,2.66666666666667));
#9855=CARTESIAN_POINT('Ctrl Pts',(-72.7250000000004,-5.20000000000045,4.));
#9856=CARTESIAN_POINT('',(73.2,-5.20000000013738,0.));
#9857=CARTESIAN_POINT('Origin',(70.,-4.,0.));
#9858=CARTESIAN_POINT('',(-5.43396969619844,-4.,3.));
#9859=CARTESIAN_POINT('',(55.5736666581657,-4.,3.));
#9860=CARTESIAN_POINT('',(-5.43396969619844,-4.,0.));
#9861=CARTESIAN_POINT('',(-5.43396969619844,-4.,0.));
#9862=CARTESIAN_POINT('',(-13.4339696961985,-4.,0.));
#9863=CARTESIAN_POINT('',(-54.7336666581657,-4.,0.));
#9864=CARTESIAN_POINT('',(-13.4339696961985,-4.,3.));
#9865=CARTESIAN_POINT('',(-13.4339696961985,-4.,0.));
#9866=CARTESIAN_POINT('',(-14.6219090885919,-4.,3.));
#9867=CARTESIAN_POINT('',(55.5736666581657,-4.,3.));
#9868=CARTESIAN_POINT('',(-15.4619090885919,-4.,3.));
#9869=CARTESIAN_POINT('',(55.5736666581657,-4.,3.));
#9870=CARTESIAN_POINT('',(-16.6498484809853,-4.,3.));
#9871=CARTESIAN_POINT('',(55.5736666581657,-4.,3.));
#9872=CARTESIAN_POINT('',(-16.6498484809853,-4.,0.));
#9873=CARTESIAN_POINT('',(-16.6498484809853,-4.,0.));
#9874=CARTESIAN_POINT('',(-24.6498484809854,-4.,0.));
#9875=CARTESIAN_POINT('',(-54.7336666581657,-4.,0.));
#9876=CARTESIAN_POINT('',(-24.6498484809854,-4.,3.));
#9877=CARTESIAN_POINT('',(-24.6498484809854,-4.,0.));
#9878=CARTESIAN_POINT('',(-25.4898484809853,-4.,3.));
#9879=CARTESIAN_POINT('',(55.5736666581657,-4.,3.));
#9880=CARTESIAN_POINT('',(-25.4898484809853,-4.,0.));
#9881=CARTESIAN_POINT('',(-25.4898484809853,-4.,0.));
#9882=CARTESIAN_POINT('',(-33.4898484809854,-4.,0.));
#9883=CARTESIAN_POINT('',(-54.7336666581657,-4.,0.));
#9884=CARTESIAN_POINT('',(-33.4898484809854,-4.,3.));
#9885=CARTESIAN_POINT('',(-33.4898484809854,-4.,0.));
#9886=CARTESIAN_POINT('',(-34.6777878733788,-4.,3.));
#9887=CARTESIAN_POINT('',(55.5736666581657,-4.,3.));
#9888=CARTESIAN_POINT('',(-35.5177878733788,-4.,3.));
#9889=CARTESIAN_POINT('',(55.5736666581657,-4.,3.));
#9890=CARTESIAN_POINT('',(-36.7057272657722,-4.,3.));
#9891=CARTESIAN_POINT('',(55.5736666581657,-4.,3.));
#9892=CARTESIAN_POINT('',(-36.7057272657722,-4.,0.));
#9893=CARTESIAN_POINT('',(-36.7057272657722,-4.,0.));
#9894=CARTESIAN_POINT('',(-44.7057272657723,-4.,0.));
#9895=CARTESIAN_POINT('',(-54.7336666581657,-4.,0.));
#9896=CARTESIAN_POINT('',(-44.7057272657723,-4.,3.));
#9897=CARTESIAN_POINT('',(-44.7057272657723,-4.,0.));
#9898=CARTESIAN_POINT('',(-45.5457272657723,-4.,3.));
#9899=CARTESIAN_POINT('',(55.5736666581657,-4.,3.));
#9900=CARTESIAN_POINT('',(-45.5457272657723,-4.,0.));
#9901=CARTESIAN_POINT('',(-45.5457272657723,-4.,0.));
#9902=CARTESIAN_POINT('',(-53.5457272657723,-4.,0.));
#9903=CARTESIAN_POINT('',(-54.7336666581657,-4.,0.));
#9904=CARTESIAN_POINT('',(-53.5457272657723,-4.,3.));
#9905=CARTESIAN_POINT('',(-53.5457272657723,-4.,0.));
#9906=CARTESIAN_POINT('',(-54.7336666581657,-4.,3.));
#9907=CARTESIAN_POINT('',(55.5736666581657,-4.,3.));
#9908=CARTESIAN_POINT('',(-55.5736666581657,-4.,3.));
#9909=CARTESIAN_POINT('',(55.5736666581657,-4.,3.));
#9910=CARTESIAN_POINT('',(-55.5736666581657,-4.,4.));
#9911=CARTESIAN_POINT('',(-55.5736666581657,-4.,0.));
#9912=CARTESIAN_POINT('',(70.,-4.,4.));
#9913=CARTESIAN_POINT('Origin',(70.,-4.,0.));
#9914=CARTESIAN_POINT('',(69.525,-4.,0.203248557872772));
#9915=CARTESIAN_POINT('Ctrl Pts',(69.525,-4.,0.203248557872771));
#9916=CARTESIAN_POINT('Ctrl Pts',(69.525,-4.,1.46883237191518));
#9917=CARTESIAN_POINT('Ctrl Pts',(69.525,-4.,2.73441618595759));
#9918=CARTESIAN_POINT('Ctrl Pts',(69.525,-4.,4.));
#9919=CARTESIAN_POINT('',(69.7282485578728,-4.,2.77555756156289E-16));
#9920=CARTESIAN_POINT('Ctrl Pts',(69.7282485578728,-4.,3.2682190287403E-15));
#9921=CARTESIAN_POINT('Ctrl Pts',(69.6604990385818,-4.,0.0677495192909318));
#9922=CARTESIAN_POINT('Ctrl Pts',(69.5927495192909,-4.,0.13549903858186));
#9923=CARTESIAN_POINT('Ctrl Pts',(69.525,-4.,0.203248557872789));
#9924=CARTESIAN_POINT('',(55.5736666581657,-4.,0.));
#9925=CARTESIAN_POINT('',(35.1,-4.,0.));
#9926=CARTESIAN_POINT('',(55.5736666581657,-4.,3.));
#9927=CARTESIAN_POINT('',(55.5736666581657,-4.,0.));
#9928=CARTESIAN_POINT('',(54.7336666581657,-4.,3.));
#9929=CARTESIAN_POINT('',(55.5736666581657,-4.,3.));
#9930=CARTESIAN_POINT('',(54.7336666581657,-4.,0.));
#9931=CARTESIAN_POINT('',(54.7336666581657,-4.,0.));
#9932=CARTESIAN_POINT('',(46.7336666581657,-4.,0.));
#9933=CARTESIAN_POINT('',(-54.7336666581657,-4.,0.));
#9934=CARTESIAN_POINT('',(46.7336666581657,-4.,3.));
#9935=CARTESIAN_POINT('',(46.7336666581657,-4.,0.));
#9936=CARTESIAN_POINT('',(45.5457272657723,-4.,3.));
#9937=CARTESIAN_POINT('',(55.5736666581657,-4.,3.));
#9938=CARTESIAN_POINT('',(44.7057272657723,-4.,3.));
#9939=CARTESIAN_POINT('',(55.5736666581657,-4.,3.));
#9940=CARTESIAN_POINT('',(43.5177878733789,-4.,3.));
#9941=CARTESIAN_POINT('',(55.5736666581657,-4.,3.));
#9942=CARTESIAN_POINT('',(43.5177878733789,-4.,0.));
#9943=CARTESIAN_POINT('',(43.5177878733789,-4.,0.));
#9944=CARTESIAN_POINT('',(35.5177878733786,-4.,0.));
#9945=CARTESIAN_POINT('',(-54.7336666581657,-4.,0.));
#9946=CARTESIAN_POINT('',(35.5177878733786,-4.,3.));
#9947=CARTESIAN_POINT('',(35.5177878733786,-4.,0.));
#9948=CARTESIAN_POINT('',(34.6777878733786,-4.,3.));
#9949=CARTESIAN_POINT('',(55.5736666581657,-4.,3.));
#9950=CARTESIAN_POINT('',(34.6777878733786,-4.,0.));
#9951=CARTESIAN_POINT('',(34.6777878733786,-4.,0.));
#9952=CARTESIAN_POINT('',(26.6777878733783,-4.,0.));
#9953=CARTESIAN_POINT('',(-54.7336666581657,-4.,0.));
#9954=CARTESIAN_POINT('',(26.6777878733783,-4.,3.));
#9955=CARTESIAN_POINT('',(26.6777878733783,-4.,0.));
#9956=CARTESIAN_POINT('',(25.4898484809849,-4.,3.));
#9957=CARTESIAN_POINT('',(55.5736666581657,-4.,3.));
#9958=CARTESIAN_POINT('',(24.649848480985,-4.,3.));
#9959=CARTESIAN_POINT('',(55.5736666581657,-4.,3.));
#9960=CARTESIAN_POINT('',(23.4619090885915,-4.,3.));
#9961=CARTESIAN_POINT('',(55.5736666581657,-4.,3.));
#9962=CARTESIAN_POINT('',(23.4619090885915,-4.,0.));
#9963=CARTESIAN_POINT('',(23.4619090885915,-4.,0.));
#9964=CARTESIAN_POINT('',(15.4619090885913,-4.00000000000001,0.));
#9965=CARTESIAN_POINT('',(-54.7336666581657,-4.,0.));
#9966=CARTESIAN_POINT('',(15.4619090885913,-4.,3.));
#9967=CARTESIAN_POINT('',(15.4619090885913,-4.00000000000001,0.));
#9968=CARTESIAN_POINT('',(14.6219090885913,-4.,3.));
#9969=CARTESIAN_POINT('',(55.5736666581657,-4.,3.));
#9970=CARTESIAN_POINT('',(14.6219090885913,-4.00000000000001,0.));
#9971=CARTESIAN_POINT('',(14.6219090885913,-4.00000000000001,0.));
#9972=CARTESIAN_POINT('',(6.62190908859111,-4.,0.));
#9973=CARTESIAN_POINT('',(-54.7336666581657,-4.,0.));
#9974=CARTESIAN_POINT('',(6.62190908859111,-4.,3.));
#9975=CARTESIAN_POINT('',(6.62190908859111,-4.,0.));
#9976=CARTESIAN_POINT('',(5.43396969619648,-4.,3.));
#9977=CARTESIAN_POINT('',(55.5736666581657,-4.,3.));
#9978=CARTESIAN_POINT('',(55.5736666581657,-4.,3.));
#9979=CARTESIAN_POINT('Origin',(0.,0.,3.));
#9980=CARTESIAN_POINT('',(-5.43396969619844,2.,3.));
#9981=CARTESIAN_POINT('Origin',(73.2,5.19999999986263,0.));
#9982=CARTESIAN_POINT('',(69.5250000000004,5.19999999986608,6.4));
#9983=CARTESIAN_POINT('',(70.,5.19999999999829,6.4));
#9984=CARTESIAN_POINT('Ctrl Pts',(69.5250000000004,5.19999999986608,4.));
#9985=CARTESIAN_POINT('Ctrl Pts',(69.5250000000004,5.19999999986608,4.8));
#9986=CARTESIAN_POINT('Ctrl Pts',(69.5250000000004,5.19999999986608,5.6));
#9987=CARTESIAN_POINT('Ctrl Pts',(69.5250000000004,5.19999999986608,6.4));
#9988=CARTESIAN_POINT('',(72.7250000000004,5.19999999986308,0.));
#9989=CARTESIAN_POINT('Ctrl Pts',(72.7250000000004,5.19999999986308,0.));
#9990=CARTESIAN_POINT('Ctrl Pts',(72.7250000000004,5.19999999986308,1.33333333333333));
#9991=CARTESIAN_POINT('Ctrl Pts',(72.7250000000004,5.19999999986308,2.66666666666667));
#9992=CARTESIAN_POINT('Ctrl Pts',(72.7250000000004,5.19999999986308,4.));
#9993=CARTESIAN_POINT('',(-73.2,5.2,0.));
#9994=CARTESIAN_POINT('Origin',(-55.5736666581657,4.,4.));
#9995=CARTESIAN_POINT('',(-27.7868333290833,4.,3.));
#9996=CARTESIAN_POINT('',(5.43396969619648,4.,3.));
#9997=CARTESIAN_POINT('',(-55.5736666581657,4.,3.));
#9998=CARTESIAN_POINT('',(5.43396969619648,4.,0.));
#9999=CARTESIAN_POINT('',(5.43396969619648,4.,0.));
#10000=CARTESIAN_POINT('',(13.4339696961979,4.,0.));
#10001=CARTESIAN_POINT('',(54.7336666581657,4.,0.));
#10002=CARTESIAN_POINT('',(13.4339696961979,4.,3.));
#10003=CARTESIAN_POINT('',(13.4339696961979,4.,0.));
#10004=CARTESIAN_POINT('',(14.6219090885913,4.,3.));
#10005=CARTESIAN_POINT('',(-55.5736666581657,4.,3.));
#10006=CARTESIAN_POINT('',(15.4619090885913,4.,3.));
#10007=CARTESIAN_POINT('',(-55.5736666581657,4.,3.));
#10008=CARTESIAN_POINT('',(16.6498484809847,4.,3.));
#10009=CARTESIAN_POINT('',(-55.5736666581657,4.,3.));
#10010=CARTESIAN_POINT('',(16.6498484809847,4.,0.));
#10011=CARTESIAN_POINT('',(16.6498484809847,4.,0.));
#10012=CARTESIAN_POINT('',(24.6498484809849,4.,0.));
#10013=CARTESIAN_POINT('',(54.7336666581657,4.,0.));
#10014=CARTESIAN_POINT('',(24.649848480985,4.,3.));
#10015=CARTESIAN_POINT('',(24.6498484809849,4.,0.));
#10016=CARTESIAN_POINT('',(25.4898484809849,4.,3.));
#10017=CARTESIAN_POINT('',(-55.5736666581657,4.,3.));
#10018=CARTESIAN_POINT('',(25.4898484809849,4.,0.));
#10019=CARTESIAN_POINT('',(25.4898484809849,4.,0.));
#10020=CARTESIAN_POINT('',(33.4898484809852,4.,0.));
#10021=CARTESIAN_POINT('',(54.7336666581657,4.,0.));
#10022=CARTESIAN_POINT('',(33.4898484809852,4.,3.));
#10023=CARTESIAN_POINT('',(33.4898484809852,4.,0.));
#10024=CARTESIAN_POINT('',(34.6777878733786,4.,3.));
#10025=CARTESIAN_POINT('',(-55.5736666581657,4.,3.));
#10026=CARTESIAN_POINT('',(35.5177878733786,4.,3.));
#10027=CARTESIAN_POINT('',(-55.5736666581657,4.,3.));
#10028=CARTESIAN_POINT('',(36.7057272657723,4.,3.));
#10029=CARTESIAN_POINT('',(-55.5736666581657,4.,3.));
#10030=CARTESIAN_POINT('',(36.7057272657723,4.,0.));
#10031=CARTESIAN_POINT('',(36.7057272657723,4.,0.));
#10032=CARTESIAN_POINT('',(44.7057272657723,4.,0.));
#10033=CARTESIAN_POINT('',(54.7336666581657,4.,0.));
#10034=CARTESIAN_POINT('',(44.7057272657723,4.,3.));
#10035=CARTESIAN_POINT('',(44.7057272657723,4.,0.));
#10036=CARTESIAN_POINT('',(45.5457272657723,4.,3.));
#10037=CARTESIAN_POINT('',(-55.5736666581657,4.,3.));
#10038=CARTESIAN_POINT('',(45.5457272657723,4.,0.));
#10039=CARTESIAN_POINT('',(45.5457272657723,4.,0.));
#10040=CARTESIAN_POINT('',(53.5457272657723,4.,0.));
#10041=CARTESIAN_POINT('',(54.7336666581657,4.,0.));
#10042=CARTESIAN_POINT('',(53.5457272657723,4.,3.));
#10043=CARTESIAN_POINT('',(53.5457272657723,4.,0.));
#10044=CARTESIAN_POINT('',(54.7336666581657,4.,3.));
#10045=CARTESIAN_POINT('',(-55.5736666581657,4.,3.));
#10046=CARTESIAN_POINT('',(55.5736666581657,4.,3.));
#10047=CARTESIAN_POINT('',(-55.5736666581657,4.,3.));
#10048=CARTESIAN_POINT('',(55.5736666581657,4.,0.));
#10049=CARTESIAN_POINT('',(58.0763747332959,4.,0.));
#10050=CARTESIAN_POINT('',(58.0763747332959,4.,0.));
#10051=CARTESIAN_POINT('',(66.8,4.,0.));
#10052=CARTESIAN_POINT('',(-70.,4.,0.));
#10053=CARTESIAN_POINT('',(66.8,4.,0.));
#10054=CARTESIAN_POINT('',(-3.40603030380493,4.,3.));
#10055=CARTESIAN_POINT('',(-55.5736666581657,4.,3.));
#10056=CARTESIAN_POINT('',(-3.40603030380494,4.,0.));
#10057=CARTESIAN_POINT('',(-3.40603030380494,4.,0.));
#10058=CARTESIAN_POINT('',(54.7336666581657,4.,0.));
#10059=CARTESIAN_POINT('Origin',(0.,-6.86872780875092E-11,0.));
#10060=CARTESIAN_POINT('',(73.2,4.72499999986308,0.));
#10061=CARTESIAN_POINT('Ctrl Pts',(73.2,4.72499999986308,2.77555756156289E-16));
#10062=CARTESIAN_POINT('Ctrl Pts',(73.2,4.80180791720807,2.7755575615629E-16));
#10063=CARTESIAN_POINT('Ctrl Pts',(73.1867807251454,4.87617758855798,2.77555756156289E-16));
#10064=CARTESIAN_POINT('Ctrl Pts',(73.1586709346261,4.94160517312165,2.77555756156289E-16));
#10065=CARTESIAN_POINT('Ctrl Pts',(73.1305611441068,5.00703275768532,2.77555756156289E-16));
#10066=CARTESIAN_POINT('Ctrl Pts',(73.087560837923,5.06351825546275,2.77555756156289E-16));
#10067=CARTESIAN_POINT('Ctrl Pts',(73.032504893792,5.10569011376666,2.77555756156289E-16));
#10068=CARTESIAN_POINT('Ctrl Pts',(72.9499209775955,5.16894790122253,2.77555756156289E-16));
#10069=CARTESIAN_POINT('Ctrl Pts',(72.8402118760179,5.19999999986297,2.77555756156289E-16));
#10070=CARTESIAN_POINT('Ctrl Pts',(72.7250000000004,5.19999999986308,2.77555756156289E-16));
#10071=CARTESIAN_POINT('',(73.2,-4.72500000013693,0.));
#10072=CARTESIAN_POINT('',(73.2,5.19999999986263,0.));
#10073=CARTESIAN_POINT('Ctrl Pts',(72.7249999999995,-5.20000000013693,1.38777878078145E-16));
#10074=CARTESIAN_POINT('Ctrl Pts',(72.8018079173446,-5.200000000137,1.38777878078145E-16));
#10075=CARTESIAN_POINT('Ctrl Pts',(72.8761775886946,-5.18678072528242,1.38777878078145E-16));
#10076=CARTESIAN_POINT('Ctrl Pts',(72.9416051732584,-5.15867093476316,1.38777878078144E-16));
#10077=CARTESIAN_POINT('Ctrl Pts',(73.0070327578222,-5.1305611442439,1.38777878078144E-16));
#10078=CARTESIAN_POINT('Ctrl Pts',(73.0635182555997,-5.08756083805997,1.38777878078145E-16));
#10079=CARTESIAN_POINT('Ctrl Pts',(73.1056901139037,-5.03250489392888,1.38777878078145E-16));
#10080=CARTESIAN_POINT('Ctrl Pts',(73.1689479013596,-4.94992097773226,1.38777878078145E-16));
#10081=CARTESIAN_POINT('Ctrl Pts',(73.2,-4.84021187615454,1.38777878078144E-16));
#10082=CARTESIAN_POINT('Ctrl Pts',(73.2,-4.72500000013693,1.38777878078145E-16));
#10083=CARTESIAN_POINT('',(-73.2,-4.72500000000045,0.));
#10084=CARTESIAN_POINT('Ctrl Pts',(-73.2,-4.72500000000045,1.38777878078145E-16));
#10085=CARTESIAN_POINT('Ctrl Pts',(-73.2,-4.80180791734545,1.38777878078145E-16));
#10086=CARTESIAN_POINT('Ctrl Pts',(-73.1867807251454,-4.87617758869535,
1.38777878078145E-16));
#10087=CARTESIAN_POINT('Ctrl Pts',(-73.1586709346261,-4.94160517325902,
1.38777878078144E-16));
#10088=CARTESIAN_POINT('Ctrl Pts',(-73.1305611441068,-5.00703275782269,
1.38777878078144E-16));
#10089=CARTESIAN_POINT('Ctrl Pts',(-73.087560837923,-5.06351825560013,1.38777878078145E-16));
#10090=CARTESIAN_POINT('Ctrl Pts',(-73.032504893792,-5.10569011390404,1.38777878078145E-16));
#10091=CARTESIAN_POINT('Ctrl Pts',(-72.9499209775955,-5.16894790135991,
1.38777878078145E-16));
#10092=CARTESIAN_POINT('Ctrl Pts',(-72.8402118760179,-5.20000000000034,
1.38777878078144E-16));
#10093=CARTESIAN_POINT('Ctrl Pts',(-72.7250000000004,-5.20000000000045,
1.38777878078145E-16));
#10094=CARTESIAN_POINT('',(-73.2,4.72499999999956,2.77555756156289E-16));
#10095=CARTESIAN_POINT('',(-73.2,-5.2,0.));
#10096=CARTESIAN_POINT('Ctrl Pts',(-72.7249999999995,5.19999999999956,2.77555756156289E-16));
#10097=CARTESIAN_POINT('Ctrl Pts',(-72.8018079173446,5.19999999999963,2.7755575615629E-16));
#10098=CARTESIAN_POINT('Ctrl Pts',(-72.8761773496539,5.18678063743163,2.77555756156289E-16));
#10099=CARTESIAN_POINT('Ctrl Pts',(-72.94160473098,5.15867079879031,2.77555756156289E-16));
#10100=CARTESIAN_POINT('Ctrl Pts',(-73.0070321123062,5.130560960149,2.77555756156289E-16));
#10101=CARTESIAN_POINT('Ctrl Pts',(-73.0635174426494,5.08756064543436,2.77555756156289E-16));
#10102=CARTESIAN_POINT('Ctrl Pts',(-73.105689370749,5.03250472903034,2.77555756156289E-16));
#10103=CARTESIAN_POINT('Ctrl Pts',(-73.1689472628984,4.94992085442431,2.77555756156289E-16));
#10104=CARTESIAN_POINT('Ctrl Pts',(-73.2,4.84021187601716,2.77555756156289E-16));
#10105=CARTESIAN_POINT('Ctrl Pts',(-73.2,4.72499999999956,2.77555756156289E-16));
#10106=CARTESIAN_POINT('',(4.59396969619649,-4.,0.));
#10107=CARTESIAN_POINT('',(3.40603030380298,-4.,0.));
#10108=CARTESIAN_POINT('',(-54.7336666581657,-4.,0.));
#10109=CARTESIAN_POINT('',(-4.59396969619845,4.,0.));
#10110=CARTESIAN_POINT('',(-4.59396969619845,4.,0.));
#10111=CARTESIAN_POINT('',(-70.4,-0.450000000000002,-7.3478807948842E-17));
#10112=CARTESIAN_POINT('',(-70.,-0.450000000000001,0.));
#10113=CARTESIAN_POINT('',(-35.1,-0.450000000000002,0.));
#10114=CARTESIAN_POINT('',(-68.9286796564404,-1.01730079711193E-15,0.));
#10115=CARTESIAN_POINT('Ctrl Pts',(-70.,-0.449999999999998,0.));
#10116=CARTESIAN_POINT('Ctrl Pts',(-69.9014055722607,-0.351405572260674,
0.));
#10117=CARTESIAN_POINT('Ctrl Pts',(-69.8380452968142,-0.289294005081408,
5.55111512312578E-16));
#10118=CARTESIAN_POINT('Ctrl Pts',(-69.6931356064239,-0.169826693294604,
5.55111512312578E-16));
#10119=CARTESIAN_POINT('Ctrl Pts',(-69.6093924914383,-0.114496018732162,
5.55111512312578E-16));
#10120=CARTESIAN_POINT('Ctrl Pts',(-69.3248455592045,-2.85362011798185E-15,
5.55111512312578E-16));
#10121=CARTESIAN_POINT('Ctrl Pts',(-69.1397192727893,-4.86027363607241E-15,
0.));
#10122=CARTESIAN_POINT('Ctrl Pts',(-68.9286796564404,-7.2999332273449E-15,
0.));
#10123=CARTESIAN_POINT('',(-66.8,-8.32667268468867E-16,0.));
#10124=CARTESIAN_POINT('',(-70.,-1.11022302462516E-15,0.));
#10125=CARTESIAN_POINT('',(-55.5736666581657,-4.,0.));
#10126=CARTESIAN_POINT('',(-66.8,-8.32667268468867E-16,0.));
#10127=CARTESIAN_POINT('',(-55.5736666581657,-4.,0.));
#10128=CARTESIAN_POINT('',(-70.4,3.525,2.35922392732846E-15));
#10129=CARTESIAN_POINT('Ctrl Pts',(-70.4,3.525,0.));
#10130=CARTESIAN_POINT('Ctrl Pts',(-70.4,3.55312615371362,1.06500590778779E-31));
#10131=CARTESIAN_POINT('Ctrl Pts',(-70.3975245051346,3.58093242060005,-2.44008069663971E-5));
#10132=CARTESIAN_POINT('Ctrl Pts',(-70.3923746521403,3.60820031354527,-3.41861103902259E-5));
#10133=CARTESIAN_POINT('Ctrl Pts',(-70.387798662207,3.6324296660645,-4.28810090624465E-5));
#10134=CARTESIAN_POINT('Ctrl Pts',(-70.3811107562536,3.65623460593911,-4.04087931931765E-5));
#10135=CARTESIAN_POINT('Ctrl Pts',(-70.3721419654428,3.67943820389314,-2.88492521616397E-5));
#10136=CARTESIAN_POINT('Ctrl Pts',(-70.3710172125866,3.6823481070924,-2.73996000216477E-5));
#10137=CARTESIAN_POINT('Ctrl Pts',(-70.3698565498916,3.68524851236578,-2.58453498864648E-5));
#10138=CARTESIAN_POINT('Ctrl Pts',(-70.3686596105827,3.68813903337983,-2.42241241742019E-5));
#10139=CARTESIAN_POINT('Ctrl Pts',(-70.3609473634877,3.70676354686027,-1.37780696442253E-5));
#10140=CARTESIAN_POINT('Ctrl Pts',(-70.3518912206913,3.72459373563093,-1.85914718366083E-6));
#10141=CARTESIAN_POINT('Ctrl Pts',(-70.3415582597423,3.74160676480073,-5.69123118183273E-6));
#10142=CARTESIAN_POINT('Ctrl Pts',(-70.3296078848686,3.76128283609544,-1.01231496369699E-5));
#10143=CARTESIAN_POINT('Ctrl Pts',(-70.3159512765946,3.7798669380394,-3.40346840379431E-5));
#10144=CARTESIAN_POINT('Ctrl Pts',(-70.3007483713488,3.79735554719954,-4.78976747051579E-5));
#10145=CARTESIAN_POINT('Ctrl Pts',(-70.2946665222901,3.80435178110602,-5.34434973868387E-5));
#10146=CARTESIAN_POINT('Ctrl Pts',(-70.2883367892451,3.81117262124025,-5.78017605272475E-5));
#10147=CARTESIAN_POINT('Ctrl Pts',(-70.2817678165467,3.81781739134285,-6.06770891311767E-5));
#10148=CARTESIAN_POINT('Ctrl Pts',(-70.2643581825085,3.83542790992255,-6.82975224976298E-5));
#10149=CARTESIAN_POINT('Ctrl Pts',(-70.2455615889378,3.85151359196146,-6.94380882389737E-5));
#10150=CARTESIAN_POINT('Ctrl Pts',(-70.2256909645512,3.86613689043307,-5.61152597773132E-5));
#10151=CARTESIAN_POINT('Ctrl Pts',(-70.2058203401646,3.88076018890467,-4.27924313156527E-5));
#10152=CARTESIAN_POINT('Ctrl Pts',(-70.1848752393779,3.89392172883178,-1.54517928345606E-5));
#10153=CARTESIAN_POINT('Ctrl Pts',(-70.1631308447587,3.90569279541521,-3.85596687743628E-6));
#10154=CARTESIAN_POINT('Ctrl Pts',(-70.1532305832795,3.91105218293124,1.42363327028757E-6));
#10155=CARTESIAN_POINT('Ctrl Pts',(-70.1431642044197,3.91612350714605,3.01533502946713E-6));
#10156=CARTESIAN_POINT('Ctrl Pts',(-70.1329603162881,3.92092462188546,7.45323330452602E-7));
#10157=CARTESIAN_POINT('Ctrl Pts',(-70.1095384010816,3.93194505849489,-4.46524158820097E-6));
#10158=CARTESIAN_POINT('Ctrl Pts',(-70.0853586248649,3.94155915299226,-2.71383406240974E-5));
#10159=CARTESIAN_POINT('Ctrl Pts',(-70.0607110671591,3.94993269680058,-3.88955603526989E-5));
#10160=CARTESIAN_POINT('Ctrl Pts',(-70.0349185770205,3.95869520985275,-5.1198928399421E-5));
#10161=CARTESIAN_POINT('Ctrl Pts',(-70.0086136824342,3.96609928319792,-5.17033819074436E-5));
#10162=CARTESIAN_POINT('Ctrl Pts',(-69.9820911217127,3.97231304302743,-4.55617959729954E-5));
#10163=CARTESIAN_POINT('Ctrl Pts',(-69.9695360759717,3.97525446484949,-4.26545392741006E-5));
#10164=CARTESIAN_POINT('Ctrl Pts',(-69.956931739228,3.97792884749986,-3.87741125472578E-5));
#10165=CARTESIAN_POINT('Ctrl Pts',(-69.9443067912177,3.9803523999825,-3.70514076337564E-5));
#10166=CARTESIAN_POINT('Ctrl Pts',(-69.9120222965009,3.98654990410356,-3.26461096765695E-5));
#10167=CARTESIAN_POINT('Ctrl Pts',(-69.8792586847653,3.99117379216883,-3.42988572783985E-5));
#10168=CARTESIAN_POINT('Ctrl Pts',(-69.8463317795119,3.99437712203037,-2.78165026725563E-5));
#10169=CARTESIAN_POINT('Ctrl Pts',(-69.8118402693948,3.99773266618119,-2.1026122655083E-5));
#10170=CARTESIAN_POINT('Ctrl Pts',(-69.7771693698945,3.99952950221167,-5.51770901124727E-6));
#10171=CARTESIAN_POINT('Ctrl Pts',(-69.7426460819091,3.99991893011709,-9.94424175504438E-7));
#10172=CARTESIAN_POINT('Ctrl Pts',(-69.7378438251558,3.99997310029896,-3.65226424731119E-7));
#10173=CARTESIAN_POINT('Ctrl Pts',(-69.7330443731736,4.,6.93040878406717E-16));
#10174=CARTESIAN_POINT('Ctrl Pts',(-69.7282485578728,4.,6.93889390390723E-16));
#10175=CARTESIAN_POINT('',(-70.4,1.99999999996566,0.));
#10176=CARTESIAN_POINT('',(-25.4898484809853,4.,0.));
#10177=CARTESIAN_POINT('',(-25.4898484809853,-4.,0.));
#10178=CARTESIAN_POINT('',(-25.4898484809853,4.,0.));
#10179=CARTESIAN_POINT('',(-34.6777878733788,-4.,0.));
#10180=CARTESIAN_POINT('',(-34.6777878733788,-4.,0.));
#10181=CARTESIAN_POINT('',(-34.6777878733788,-4.,0.));
#10182=CARTESIAN_POINT('',(-45.5457272657723,4.,0.));
#10183=CARTESIAN_POINT('',(-45.5457272657723,-4.,0.));
#10184=CARTESIAN_POINT('',(-53.5457272657723,-4.,0.));
#10185=CARTESIAN_POINT('',(-35.5177878733788,-4.,0.));
#10186=CARTESIAN_POINT('',(-35.5177878733788,-4.,0.));
#10187=CARTESIAN_POINT('',(-35.5177878733788,4.,0.));
#10188=CARTESIAN_POINT('',(-44.7057272657723,3.99999999999999,0.));
#10189=CARTESIAN_POINT('',(-44.7057272657723,3.99999999999999,0.));
#10190=CARTESIAN_POINT('',(-44.7057272657723,3.99999999999999,0.));
#10191=CARTESIAN_POINT('',(-5.43396969619844,4.,0.));
#10192=CARTESIAN_POINT('',(-5.43396969619844,-4.,0.));
#10193=CARTESIAN_POINT('',(-5.43396969619844,4.,0.));
#10194=CARTESIAN_POINT('',(-24.6498484809854,4.,0.));
#10195=CARTESIAN_POINT('',(-24.6498484809854,4.,0.));
#10196=CARTESIAN_POINT('',(-24.6498484809854,4.,0.));
#10197=CARTESIAN_POINT('',(-14.6219090885919,-3.99999999999999,0.));
#10198=CARTESIAN_POINT('',(-14.6219090885919,-3.99999999999999,0.));
#10199=CARTESIAN_POINT('',(-14.6219090885919,-3.99999999999999,0.));
#10200=CARTESIAN_POINT('',(-15.4619090885919,-4.,0.));
#10201=CARTESIAN_POINT('',(-15.4619090885919,-4.,0.));
#10202=CARTESIAN_POINT('',(-15.4619090885919,4.,0.));
#10203=CARTESIAN_POINT('',(-54.7336666581657,-4.,0.));
#10204=CARTESIAN_POINT('',(-54.7336666581657,-4.,0.));
#10205=CARTESIAN_POINT('',(-54.7336666581657,4.,0.));
#10206=CARTESIAN_POINT('',(-66.8,-4.,0.));
#10207=CARTESIAN_POINT('',(-66.8,-0.89172769021661,0.));
#10208=CARTESIAN_POINT('',(-66.8,-8.32667268468867E-16,0.));
#10209=CARTESIAN_POINT('',(-58.0763747332958,-4.,0.));
#10210=CARTESIAN_POINT('',(70.,-4.,0.));
#10211=CARTESIAN_POINT('',(-66.8,-0.89172769021661,0.));
#10212=CARTESIAN_POINT('',(4.59396969619649,-4.,0.));
#10213=CARTESIAN_POINT('',(70.4,0.45,8.39192547734248E-16));
#10214=CARTESIAN_POINT('',(70.,0.450000000000001,0.));
#10215=CARTESIAN_POINT('',(35.1,0.45,0.));
#10216=CARTESIAN_POINT('',(68.9286796564404,5.55111512312578E-16,0.));
#10217=CARTESIAN_POINT('Ctrl Pts',(68.9286796564404,-4.9960036108132E-15,
0.));
#10218=CARTESIAN_POINT('Ctrl Pts',(69.1397192727893,-4.00206938071984E-15,
0.));
#10219=CARTESIAN_POINT('Ctrl Pts',(69.3248455592045,-3.10515502199848E-15,
5.55111512312578E-16));
#10220=CARTESIAN_POINT('Ctrl Pts',(69.6093924914383,0.114496018732136,5.55111512312578E-16));
#10221=CARTESIAN_POINT('Ctrl Pts',(69.6931356064238,0.16982669329456,5.55111512312578E-16));
#10222=CARTESIAN_POINT('Ctrl Pts',(69.8380452968142,0.289294005081448,5.55111512312578E-16));
#10223=CARTESIAN_POINT('Ctrl Pts',(69.9014055722608,0.351405572260792,0.));
#10224=CARTESIAN_POINT('Ctrl Pts',(70.,0.45,0.));
#10225=CARTESIAN_POINT('',(66.8,5.55111512312578E-16,0.));
#10226=CARTESIAN_POINT('',(70.,5.55111512312578E-16,0.));
#10227=CARTESIAN_POINT('',(55.5736666581657,4.,0.));
#10228=CARTESIAN_POINT('',(66.8,5.55111512312578E-16,0.));
#10229=CARTESIAN_POINT('',(55.5736666581657,4.,0.));
#10230=CARTESIAN_POINT('',(70.4,-3.525,4.16333634234434E-16));
#10231=CARTESIAN_POINT('Ctrl Pts',(70.4,-3.525,-2.91898309108552E-17));
#10232=CARTESIAN_POINT('Ctrl Pts',(70.4,-3.55312642067459,-2.91898309108546E-17));
#10233=CARTESIAN_POINT('Ctrl Pts',(70.3975244582146,-3.58093294415065,-2.44011973740862E-5));
#10234=CARTESIAN_POINT('Ctrl Pts',(70.39237450775,-3.60820107802417,-3.4186375721822E-5));
#10235=CARTESIAN_POINT('Ctrl Pts',(70.3877984765596,-3.63243040449433,-4.2881077084804E-5));
#10236=CARTESIAN_POINT('Ctrl Pts',(70.3811105312359,-3.6562353143577,-4.04085407759409E-5));
#10237=CARTESIAN_POINT('Ctrl Pts',(70.3721417043726,-3.67943887929048,-2.88489047185359E-5));
#10238=CARTESIAN_POINT('Ctrl Pts',(70.3710168469605,-3.68234903715181,-2.73991117300845E-5));
#10239=CARTESIAN_POINT('Ctrl Pts',(70.369856073374,-3.68524969535073,-2.58447055971424E-5));
#10240=CARTESIAN_POINT('Ctrl Pts',(70.3686590167426,-3.68814046745232,-2.42233198319147E-5));
#10241=CARTESIAN_POINT('Ctrl Pts',(70.3609469026389,-3.70676445207518,-1.37774380750313E-5));
#10242=CARTESIAN_POINT('Ctrl Pts',(70.3518909607985,-3.72459416274782,-1.85876246880022E-6));
#10243=CARTESIAN_POINT('Ctrl Pts',(70.3415582589729,-3.74160676480073,-5.69046177935351E-6));
#10244=CARTESIAN_POINT('Ctrl Pts',(70.3296078866411,-3.76128283136098,-1.01220455217435E-5));
#10245=CARTESIAN_POINT('Ctrl Pts',(70.3159512738109,-3.77986694237462,-3.40334205960385E-5));
#10246=CARTESIAN_POINT('Ctrl Pts',(70.3007483499509,-3.79735557086395,-4.78968670998524E-5));
#10247=CARTESIAN_POINT('Ctrl Pts',(70.2946689995486,-3.80434892961649,-5.34405868379046E-5));
#10248=CARTESIAN_POINT('Ctrl Pts',(70.2883419671051,-3.81116704071709,-5.77978761120859E-5));
#10249=CARTESIAN_POINT('Ctrl Pts',(70.2817758860236,-3.81780922854414,-6.06735560177429E-5));
#10250=CARTESIAN_POINT('Ctrl Pts',(70.2643653528556,-3.83542156534522,-6.82986705657379E-5));
#10251=CARTESIAN_POINT('Ctrl Pts',(70.2455675873057,-3.8515088264079,-6.94396107101164E-5));
#10252=CARTESIAN_POINT('Ctrl Pts',(70.2256955934677,-3.86613348002237,-5.61131592492076E-5));
#10253=CARTESIAN_POINT('Ctrl Pts',(70.2058235996298,-3.88075813363684,-4.27867077882987E-5));
#10254=CARTESIAN_POINT('Ctrl Pts',(70.1848769317149,-3.89392080510012,-1.54386536658967E-5));
#10255=CARTESIAN_POINT('Ctrl Pts',(70.1631308341942,-3.90569279541521,-3.84540241406273E-6));
#10256=CARTESIAN_POINT('Ctrl Pts',(70.1532425045967,-3.91104572460834,1.4262510114109E-6));
#10257=CARTESIAN_POINT('Ctrl Pts',(70.1431884551131,-3.91611128617789,3.01684462363467E-6));
#10258=CARTESIAN_POINT('Ctrl Pts',(70.1329971912487,-3.92090727008284,7.53519716671647E-7));
#10259=CARTESIAN_POINT('Ctrl Pts',(70.1095767983048,-3.9319288498498,-4.44779381876434E-6));
#10260=CARTESIAN_POINT('Ctrl Pts',(70.085398437186,-3.94154407271571,-2.71257024384954E-5));
#10261=CARTESIAN_POINT('Ctrl Pts',(70.0607521841453,-3.94991873162664,-3.88902161236812E-5));
#10262=CARTESIAN_POINT('Ctrl Pts',(70.0349608955578,-3.95868246721104,-5.12012950956614E-5));
#10263=CARTESIAN_POINT('Ctrl Pts',(70.0086570751143,-3.9660877313361,-5.17160010651036E-5));
#10264=CARTESIAN_POINT('Ctrl Pts',(69.9821354620966,-3.97230265438774,-4.55749398722283E-5));
#10265=CARTESIAN_POINT('Ctrl Pts',(69.9695661680604,-3.97524807083721,-4.26645285116368E-5));
#10266=CARTESIAN_POINT('Ctrl Pts',(69.9569474394263,-3.97792581652507,-3.87762069793957E-5));
#10267=CARTESIAN_POINT('Ctrl Pts',(69.9443080558619,-3.9803521572138,-3.70515801950133E-5));
#10268=CARTESIAN_POINT('Ctrl Pts',(69.9120236030215,-3.98654969692296,-3.26464102906494E-5));
#10269=CARTESIAN_POINT('Ctrl Pts',(69.8792600303024,-3.99117362107839,-3.42993808362485E-5));
#10270=CARTESIAN_POINT('Ctrl Pts',(69.8463331610251,-3.99437698766047,-2.78171134136251E-5));
#10271=CARTESIAN_POINT('Ctrl Pts',(69.8118416837102,-3.99773257075179,-2.10268237606872E-5));
#10272=CARTESIAN_POINT('Ctrl Pts',(69.7771708136262,-3.99952944597356,-5.51834794004823E-6));
#10273=CARTESIAN_POINT('Ctrl Pts',(69.742647551567,-3.9999189135384,-9.94627774641987E-7));
#10274=CARTESIAN_POINT('Ctrl Pts',(69.7378448043327,-3.99997309481092,-3.65304726433867E-7));
#10275=CARTESIAN_POINT('Ctrl Pts',(69.7330448623792,-4.,-2.47854810280374E-17));
#10276=CARTESIAN_POINT('Ctrl Pts',(69.7282485578728,-4.,-2.77555756156289E-17));
#10277=CARTESIAN_POINT('',(70.4,-2.00000000003434,0.));
#10278=CARTESIAN_POINT('',(34.6777878733786,4.,0.));
#10279=CARTESIAN_POINT('',(34.6777878733786,4.,0.));
#10280=CARTESIAN_POINT('',(34.6777878733786,4.,0.));
#10281=CARTESIAN_POINT('',(35.5177878733786,4.,0.));
#10282=CARTESIAN_POINT('',(35.5177878733786,4.,0.));
#10283=CARTESIAN_POINT('',(35.5177878733786,-4.,0.));
#10284=CARTESIAN_POINT('',(54.7336666581657,4.,0.));
#10285=CARTESIAN_POINT('',(54.7336666581657,4.,0.));
#10286=CARTESIAN_POINT('',(54.7336666581657,-4.,0.));
#10287=CARTESIAN_POINT('',(44.7057272657723,-4.00000000000001,0.));
#10288=CARTESIAN_POINT('',(44.7057272657723,-4.00000000000001,0.));
#10289=CARTESIAN_POINT('',(44.7057272657723,-4.00000000000001,0.));
#10290=CARTESIAN_POINT('',(66.8,0.89172769021663,0.));
#10291=CARTESIAN_POINT('',(58.0763747332959,4.,0.));
#10292=CARTESIAN_POINT('',(66.8,5.55111512312578E-16,0.));
#10293=CARTESIAN_POINT('',(45.5457272657723,-4.,0.));
#10294=CARTESIAN_POINT('',(45.5457272657723,4.,0.));
#10295=CARTESIAN_POINT('',(53.5457272657723,4.,0.));
#10296=CARTESIAN_POINT('',(24.6498484809849,-3.99999999999999,0.));
#10297=CARTESIAN_POINT('',(24.6498484809849,-3.99999999999999,0.));
#10298=CARTESIAN_POINT('',(24.6498484809849,-3.99999999999999,0.));
#10299=CARTESIAN_POINT('',(25.4898484809849,-4.,0.));
#10300=CARTESIAN_POINT('',(25.4898484809849,4.,0.));
#10301=CARTESIAN_POINT('',(25.4898484809849,-4.,0.));
#10302=CARTESIAN_POINT('',(14.6219090885913,4.,0.));
#10303=CARTESIAN_POINT('',(14.6219090885913,4.,0.));
#10304=CARTESIAN_POINT('',(14.6219090885913,4.,0.));
#10305=CARTESIAN_POINT('',(15.4619090885913,4.,0.));
#10306=CARTESIAN_POINT('',(15.4619090885913,4.,0.));
#10307=CARTESIAN_POINT('',(15.4619090885913,-4.00000000000001,0.));
#10308=CARTESIAN_POINT('',(5.43396969619648,-4.,0.));
#10309=CARTESIAN_POINT('',(5.43396969619648,4.,0.));
#10310=CARTESIAN_POINT('',(5.43396969619648,-4.,0.));
#10311=CARTESIAN_POINT('Origin',(4.59396969619649,-4.,0.));
#10312=CARTESIAN_POINT('',(2.44547727214716,-1.85150757595106,3.));
#10313=CARTESIAN_POINT('Origin',(4.59396969619649,-4.,0.));
#10314=CARTESIAN_POINT('',(2.44547727214716,-1.85150757595106,3.));
#10315=CARTESIAN_POINT('Origin',(-4.59396969619845,4.,0.));
#10316=CARTESIAN_POINT('',(3.40603030380297,-4.,3.));
#10317=CARTESIAN_POINT('',(3.40603030380298,-4.,0.));
#10318=CARTESIAN_POINT('',(-2.44547727214863,1.85150757595057,3.));
#10319=CARTESIAN_POINT('Origin',(0.,0.,3.));
#10320=CARTESIAN_POINT('',(-2.44547727214863,1.85150757595057,3.));
#10321=CARTESIAN_POINT('',(34.9999999999995,-4.,3.));
#10322=CARTESIAN_POINT('',(55.5736666581657,-4.,3.));
#10323=CARTESIAN_POINT('Ctrl Pts',(-70.475,5.55111512312578E-16,4.));
#10324=CARTESIAN_POINT('Ctrl Pts',(-70.475,5.55111512312578E-16,4.8));
#10325=CARTESIAN_POINT('Ctrl Pts',(-70.475,5.55111512312578E-16,5.6));
#10326=CARTESIAN_POINT('Ctrl Pts',(-70.475,5.55111512312578E-16,6.4));
#10327=CARTESIAN_POINT('Ctrl Pts',(-70.398192082655,5.43891259903373E-16,
4.));
#10328=CARTESIAN_POINT('Ctrl Pts',(-70.398192082655,5.43891259903373E-16,
4.8));
#10329=CARTESIAN_POINT('Ctrl Pts',(-70.398192082655,5.43891259903373E-16,
5.6));
#10330=CARTESIAN_POINT('Ctrl Pts',(-70.398192082655,5.43891259903373E-16,
6.4));
#10331=CARTESIAN_POINT('Ctrl Pts',(-70.2494516031038,0.0264381308844254,
4.));
#10332=CARTESIAN_POINT('Ctrl Pts',(-70.2494516031038,0.0264381308844254,
4.8));
#10333=CARTESIAN_POINT('Ctrl Pts',(-70.2494516031038,0.0264381308844254,
5.6));
#10334=CARTESIAN_POINT('Ctrl Pts',(-70.2494516031038,0.0264381308844254,
6.4));
#10335=CARTESIAN_POINT('Ctrl Pts',(-70.0517509570945,0.176939132325862,
4.));
#10336=CARTESIAN_POINT('Ctrl Pts',(-70.0517509570945,0.176939132325862,
4.8));
#10337=CARTESIAN_POINT('Ctrl Pts',(-70.0517509570945,0.176939132325862,
5.6));
#10338=CARTESIAN_POINT('Ctrl Pts',(-70.0517509570945,0.176939132325862,
6.40000000000001));
#10339=CARTESIAN_POINT('Ctrl Pts',(-70.,0.35978812398245,4.));
#10340=CARTESIAN_POINT('Ctrl Pts',(-70.,0.35978812398245,4.8));
#10341=CARTESIAN_POINT('Ctrl Pts',(-70.,0.35978812398245,5.6));
#10342=CARTESIAN_POINT('Ctrl Pts',(-70.,0.35978812398245,6.4));
#10343=CARTESIAN_POINT('Ctrl Pts',(-70.,0.475000000000001,4.));
#10344=CARTESIAN_POINT('Ctrl Pts',(-70.,0.475000000000001,4.8));
#10345=CARTESIAN_POINT('Ctrl Pts',(-70.,0.475000000000001,5.6));
#10346=CARTESIAN_POINT('Ctrl Pts',(-70.,0.475000000000001,6.4));
#10347=CARTESIAN_POINT('',(-70.,0.475000000000001,6.4));
#10348=CARTESIAN_POINT('',(-70.475,5.55111512312578E-16,6.4));
#10349=CARTESIAN_POINT('Ctrl Pts',(-70.,0.475000000000001,6.4));
#10350=CARTESIAN_POINT('Ctrl Pts',(-70.,0.35978812398245,6.4));
#10351=CARTESIAN_POINT('Ctrl Pts',(-70.0310505742567,0.250078728988497,
6.4));
#10352=CARTESIAN_POINT('Ctrl Pts',(-70.0943081129332,0.167494713477404,
6.4));
#10353=CARTESIAN_POINT('Ctrl Pts',(-70.1364798053842,0.112438703136675,
6.4));
#10354=CARTESIAN_POINT('Ctrl Pts',(-70.192965704244,0.0694384170105502,
6.4));
#10355=CARTESIAN_POINT('Ctrl Pts',(-70.2583937735617,0.0413287412263816,
6.4));
#10356=CARTESIAN_POINT('Ctrl Pts',(-70.3238218428794,0.013219065442213,
6.4));
#10357=CARTESIAN_POINT('Ctrl Pts',(-70.398192082655,5.43891259903373E-16,
6.4));
#10358=CARTESIAN_POINT('Ctrl Pts',(-70.475,5.55111512312578E-16,6.4));
#10359=CARTESIAN_POINT('',(-70.475,5.55111512312578E-16,4.));
#10360=CARTESIAN_POINT('Ctrl Pts',(-70.475,5.55111512312578E-16,6.4));
#10361=CARTESIAN_POINT('Ctrl Pts',(-70.475,5.55111512312578E-16,5.6));
#10362=CARTESIAN_POINT('Ctrl Pts',(-70.475,5.55111512312578E-16,4.8));
#10363=CARTESIAN_POINT('Ctrl Pts',(-70.475,5.55111512312578E-16,4.));
#10364=CARTESIAN_POINT('',(-70.,0.475000000000001,4.));
#10365=CARTESIAN_POINT('Ctrl Pts',(-70.,0.475000000000001,4.));
#10366=CARTESIAN_POINT('Ctrl Pts',(-70.,0.35978812398245,4.));
#10367=CARTESIAN_POINT('Ctrl Pts',(-70.0310505742567,0.250078728988497,
4.));
#10368=CARTESIAN_POINT('Ctrl Pts',(-70.0943081129332,0.167494713477404,
4.));
#10369=CARTESIAN_POINT('Ctrl Pts',(-70.1364798053842,0.112438703136675,
4.));
#10370=CARTESIAN_POINT('Ctrl Pts',(-70.192965704244,0.0694384170105502,
4.));
#10371=CARTESIAN_POINT('Ctrl Pts',(-70.2583937735617,0.0413287412263816,
4.));
#10372=CARTESIAN_POINT('Ctrl Pts',(-70.3238218428794,0.013219065442213,
4.));
#10373=CARTESIAN_POINT('Ctrl Pts',(-70.398192082655,5.43891259903373E-16,
4.));
#10374=CARTESIAN_POINT('Ctrl Pts',(-70.475,5.55111512312578E-16,4.));
#10375=CARTESIAN_POINT('Ctrl Pts',(-70.,0.475000000000001,4.));
#10376=CARTESIAN_POINT('Ctrl Pts',(-70.,0.475000000000001,4.8));
#10377=CARTESIAN_POINT('Ctrl Pts',(-70.,0.475000000000001,5.6));
#10378=CARTESIAN_POINT('Ctrl Pts',(-70.,0.475000000000001,6.4));
#10379=CARTESIAN_POINT('Origin',(-71.6,5.55111512312578E-16,4.));
#10380=CARTESIAN_POINT('',(-70.85,5.55111512312578E-16,6.4));
#10381=CARTESIAN_POINT('',(68.4,5.55111512312578E-16,6.4));
#10382=CARTESIAN_POINT('',(-70.85,5.55111512312578E-16,4.));
#10383=CARTESIAN_POINT('Ctrl Pts',(-70.85,5.55111512312578E-16,4.));
#10384=CARTESIAN_POINT('Ctrl Pts',(-70.85,5.55111512312578E-16,4.8));
#10385=CARTESIAN_POINT('Ctrl Pts',(-70.85,5.55111512312578E-16,5.6));
#10386=CARTESIAN_POINT('Ctrl Pts',(-70.85,5.55111512312578E-16,6.4));
#10387=CARTESIAN_POINT('',(-35.8,5.55111512312578E-16,4.));
#10388=CARTESIAN_POINT('Origin',(68.4,2.59999999999915,6.4));
#10389=CARTESIAN_POINT('',(-70.,-1.11022302462516E-15,6.4));
#10390=CARTESIAN_POINT('',(-73.2,4.72499999999956,6.4));
#10391=CARTESIAN_POINT('Ctrl Pts',(-73.2,4.72499999999956,6.4));
#10392=CARTESIAN_POINT('Ctrl Pts',(-73.2,4.84021187601716,6.4));
#10393=CARTESIAN_POINT('Ctrl Pts',(-73.1689472628984,4.94992085442431,6.4));
#10394=CARTESIAN_POINT('Ctrl Pts',(-73.105689370749,5.03250472903034,6.4));
#10395=CARTESIAN_POINT('Ctrl Pts',(-73.0635174426494,5.08756064543436,6.4));
#10396=CARTESIAN_POINT('Ctrl Pts',(-73.0070321123062,5.130560960149,6.4));
#10397=CARTESIAN_POINT('Ctrl Pts',(-72.94160473098,5.15867079879031,6.4));
#10398=CARTESIAN_POINT('Ctrl Pts',(-72.8761773496539,5.18678063743163,6.4));
#10399=CARTESIAN_POINT('Ctrl Pts',(-72.8018079173446,5.19999999999963,6.4));
#10400=CARTESIAN_POINT('Ctrl Pts',(-72.7249999999995,5.19999999999956,6.4));
#10401=CARTESIAN_POINT('',(-73.2,4.025,6.4));
#10402=CARTESIAN_POINT('',(-73.2,4.,6.4));
#10403=CARTESIAN_POINT('',(-72.725,3.55,6.4));
#10404=CARTESIAN_POINT('Ctrl Pts',(-72.725,3.55,6.4));
#10405=CARTESIAN_POINT('Ctrl Pts',(-72.8402118760175,3.55,6.4));
#10406=CARTESIAN_POINT('Ctrl Pts',(-72.94992090082,3.58105249670823,6.4));
#10407=CARTESIAN_POINT('Ctrl Pts',(-73.0325047910853,3.64431034940421,6.4));
#10408=CARTESIAN_POINT('Ctrl Pts',(-73.0875607179288,3.68648225120152,6.4));
#10409=CARTESIAN_POINT('Ctrl Pts',(-73.1305610294225,3.74296764454894,6.4));
#10410=CARTESIAN_POINT('Ctrl Pts',(-73.1586708499403,3.8083951024123,6.4));
#10411=CARTESIAN_POINT('Ctrl Pts',(-73.1867806704581,3.87382256027567,6.4));
#10412=CARTESIAN_POINT('Ctrl Pts',(-73.2,3.94819208265497,6.4));
#10413=CARTESIAN_POINT('Ctrl Pts',(-73.2,4.025,6.4));
#10414=CARTESIAN_POINT('',(-72.6713203435596,3.55,6.4));
#10415=CARTESIAN_POINT('',(70.,3.55,6.4));
#10416=CARTESIAN_POINT('',(-71.6,4.,6.4));
#10417=CARTESIAN_POINT('Ctrl Pts',(-72.6713203435596,3.55,6.4));
#10418=CARTESIAN_POINT('Ctrl Pts',(-72.5538637330291,3.55,6.4));
#10419=CARTESIAN_POINT('Ctrl Pts',(-72.4449554734355,3.55,6.4));
#10420=CARTESIAN_POINT('Ctrl Pts',(-72.2414703150966,3.57450322217817,6.4));
#10421=CARTESIAN_POINT('Ctrl Pts',(-72.1505995813274,3.5968318056826,6.4));
#10422=CARTESIAN_POINT('Ctrl Pts',(-71.8948162679652,3.71094100560492,6.4));
#10423=CARTESIAN_POINT('Ctrl Pts',(-71.7714152988545,3.82858470114551,6.4));
#10424=CARTESIAN_POINT('Ctrl Pts',(-71.6000000000001,3.99999999999995,6.4));
#10425=CARTESIAN_POINT('',(-71.6,0.750000000000001,6.4));
#10426=CARTESIAN_POINT('',(-71.6,5.55111512312578E-16,6.4));
#10427=CARTESIAN_POINT('Ctrl Pts',(-70.85,5.55111512312578E-16,6.4));
#10428=CARTESIAN_POINT('Ctrl Pts',(-71.0319134884488,5.49329100725989E-16,
6.4));
#10429=CARTESIAN_POINT('Ctrl Pts',(-71.20513867798,0.0490281117298086,6.4));
#10430=CARTESIAN_POINT('Ctrl Pts',(-71.3355344340083,0.14890858076743,6.4));
#10431=CARTESIAN_POINT('Ctrl Pts',(-71.4224649380272,0.215495560125844,
6.4));
#10432=CARTESIAN_POINT('Ctrl Pts',(-71.4903601382669,0.30468358717662,6.4));
#10433=CARTESIAN_POINT('Ctrl Pts',(-71.5347439037602,0.407990782403698,
6.4));
#10434=CARTESIAN_POINT('Ctrl Pts',(-71.5791276692534,0.511297977630776,
6.4));
#10435=CARTESIAN_POINT('Ctrl Pts',(-71.6,0.628724341034157,6.4));
#10436=CARTESIAN_POINT('Ctrl Pts',(-71.6,0.750000000000001,6.4));
#10437=CARTESIAN_POINT('Ctrl Pts',(-73.2,4.025,4.));
#10438=CARTESIAN_POINT('Ctrl Pts',(-73.2,4.025,4.8));
#10439=CARTESIAN_POINT('Ctrl Pts',(-73.2,4.025,5.6));
#10440=CARTESIAN_POINT('Ctrl Pts',(-73.2,4.025,6.4));
#10441=CARTESIAN_POINT('Ctrl Pts',(-73.2,3.94819208265497,4.));
#10442=CARTESIAN_POINT('Ctrl Pts',(-73.2,3.94819208265497,4.8));
#10443=CARTESIAN_POINT('Ctrl Pts',(-73.2,3.94819208265497,5.6));
#10444=CARTESIAN_POINT('Ctrl Pts',(-73.2,3.94819208265497,6.4));
#10445=CARTESIAN_POINT('Ctrl Pts',(-73.1735613409163,3.79945303789636,4.));
#10446=CARTESIAN_POINT('Ctrl Pts',(-73.1735613409163,3.79945303789636,4.8));
#10447=CARTESIAN_POINT('Ctrl Pts',(-73.1735613409163,3.79945303789636,5.6));
#10448=CARTESIAN_POINT('Ctrl Pts',(-73.1735613409163,3.79945303789636,6.4));
#10449=CARTESIAN_POINT('Ctrl Pts',(-73.0230602506882,3.60175416118039,4.));
#10450=CARTESIAN_POINT('Ctrl Pts',(-73.0230602506882,3.60175416118039,4.8));
#10451=CARTESIAN_POINT('Ctrl Pts',(-73.0230602506882,3.60175416118039,5.6));
#10452=CARTESIAN_POINT('Ctrl Pts',(-73.0230602506882,3.60175416118039,6.4));
#10453=CARTESIAN_POINT('Ctrl Pts',(-72.8402118760175,3.55,4.));
#10454=CARTESIAN_POINT('Ctrl Pts',(-72.8402118760175,3.55,4.8));
#10455=CARTESIAN_POINT('Ctrl Pts',(-72.8402118760175,3.55,5.6));
#10456=CARTESIAN_POINT('Ctrl Pts',(-72.8402118760175,3.55,6.4));
#10457=CARTESIAN_POINT('Ctrl Pts',(-72.725,3.55,4.));
#10458=CARTESIAN_POINT('Ctrl Pts',(-72.725,3.55,4.8));
#10459=CARTESIAN_POINT('Ctrl Pts',(-72.725,3.55,5.6));
#10460=CARTESIAN_POINT('Ctrl Pts',(-72.725,3.55,6.4));
#10461=CARTESIAN_POINT('',(-73.2,4.025,4.));
#10462=CARTESIAN_POINT('Ctrl Pts',(-73.2,4.025,6.4));
#10463=CARTESIAN_POINT('Ctrl Pts',(-73.2,4.025,5.6));
#10464=CARTESIAN_POINT('Ctrl Pts',(-73.2,4.025,4.8));
#10465=CARTESIAN_POINT('Ctrl Pts',(-73.2,4.025,4.));
#10466=CARTESIAN_POINT('',(-72.725,3.55,4.));
#10467=CARTESIAN_POINT('Ctrl Pts',(-72.725,3.55,4.));
#10468=CARTESIAN_POINT('Ctrl Pts',(-72.8402118760175,3.55,4.));
#10469=CARTESIAN_POINT('Ctrl Pts',(-72.94992090082,3.58105249670823,4.));
#10470=CARTESIAN_POINT('Ctrl Pts',(-73.0325047910853,3.64431034940421,4.));
#10471=CARTESIAN_POINT('Ctrl Pts',(-73.0875607179288,3.68648225120152,4.));
#10472=CARTESIAN_POINT('Ctrl Pts',(-73.1305610294225,3.74296764454894,4.));
#10473=CARTESIAN_POINT('Ctrl Pts',(-73.1586708499403,3.8083951024123,4.));
#10474=CARTESIAN_POINT('Ctrl Pts',(-73.1867806704581,3.87382256027567,4.));
#10475=CARTESIAN_POINT('Ctrl Pts',(-73.2,3.94819208265497,4.));
#10476=CARTESIAN_POINT('Ctrl Pts',(-73.2,4.025,4.));
#10477=CARTESIAN_POINT('Ctrl Pts',(-72.725,3.55,4.));
#10478=CARTESIAN_POINT('Ctrl Pts',(-72.725,3.55,4.8));
#10479=CARTESIAN_POINT('Ctrl Pts',(-72.725,3.55,5.6));
#10480=CARTESIAN_POINT('Ctrl Pts',(-72.725,3.55,6.4));
#10481=CARTESIAN_POINT('Origin',(-73.2,5.2,0.));
#10482=CARTESIAN_POINT('',(-73.2,-4.72500000000045,4.));
#10483=CARTESIAN_POINT('',(-73.2,-5.2,4.));
#10484=CARTESIAN_POINT('Ctrl Pts',(-73.2,4.72499999999956,0.));
#10485=CARTESIAN_POINT('Ctrl Pts',(-73.2,4.72499999999956,2.13333333333333));
#10486=CARTESIAN_POINT('Ctrl Pts',(-73.2,4.72499999999956,4.26666666666667));
#10487=CARTESIAN_POINT('Ctrl Pts',(-73.2,4.72499999999956,6.4));
#10488=CARTESIAN_POINT('Ctrl Pts',(-73.2,-4.72500000000045,4.));
#10489=CARTESIAN_POINT('Ctrl Pts',(-73.2,-4.72500000000045,2.66666666666667));
#10490=CARTESIAN_POINT('Ctrl Pts',(-73.2,-4.72500000000045,1.33333333333333));
#10491=CARTESIAN_POINT('Ctrl Pts',(-73.2,-4.72500000000045,0.));
#10492=CARTESIAN_POINT('Ctrl Pts',(69.525,3.55,4.));
#10493=CARTESIAN_POINT('Ctrl Pts',(69.525,3.55,4.8));
#10494=CARTESIAN_POINT('Ctrl Pts',(69.525,3.55,5.6));
#10495=CARTESIAN_POINT('Ctrl Pts',(69.525,3.55,6.4));
#10496=CARTESIAN_POINT('Ctrl Pts',(69.601807917345,3.55,4.));
#10497=CARTESIAN_POINT('Ctrl Pts',(69.601807917345,3.55,4.8));
#10498=CARTESIAN_POINT('Ctrl Pts',(69.601807917345,3.55,5.6));
#10499=CARTESIAN_POINT('Ctrl Pts',(69.601807917345,3.55,6.4));
#10500=CARTESIAN_POINT('Ctrl Pts',(69.7505476170401,3.57643841844464,4.));
#10501=CARTESIAN_POINT('Ctrl Pts',(69.7505476170401,3.57643841844464,4.8));
#10502=CARTESIAN_POINT('Ctrl Pts',(69.7505476170401,3.57643841844464,5.6));
#10503=CARTESIAN_POINT('Ctrl Pts',(69.7505476170401,3.57643841844464,6.4));
#10504=CARTESIAN_POINT('Ctrl Pts',(69.9482472985116,3.7269394679216,4.));
#10505=CARTESIAN_POINT('Ctrl Pts',(69.9482472985116,3.7269394679216,4.8));
#10506=CARTESIAN_POINT('Ctrl Pts',(69.9482472985116,3.7269394679216,5.6));
#10507=CARTESIAN_POINT('Ctrl Pts',(69.9482472985116,3.7269394679216,6.4));
#10508=CARTESIAN_POINT('Ctrl Pts',(70.,3.90978812398245,4.));
#10509=CARTESIAN_POINT('Ctrl Pts',(70.,3.90978812398245,4.8));
#10510=CARTESIAN_POINT('Ctrl Pts',(70.,3.90978812398245,5.6));
#10511=CARTESIAN_POINT('Ctrl Pts',(70.,3.90978812398245,6.4));
#10512=CARTESIAN_POINT('Ctrl Pts',(70.,4.025,4.));
#10513=CARTESIAN_POINT('Ctrl Pts',(70.,4.025,4.8));
#10514=CARTESIAN_POINT('Ctrl Pts',(70.,4.025,5.6));
#10515=CARTESIAN_POINT('Ctrl Pts',(70.,4.025,6.4));
#10516=CARTESIAN_POINT('',(70.,4.025,6.4));
#10517=CARTESIAN_POINT('',(69.525,3.55,6.4));
#10518=CARTESIAN_POINT('Ctrl Pts',(70.,4.025,6.4));
#10519=CARTESIAN_POINT('Ctrl Pts',(70.,3.90978812398245,6.4));
#10520=CARTESIAN_POINT('Ctrl Pts',(69.968948379107,3.80007893034594,6.4));
#10521=CARTESIAN_POINT('Ctrl Pts',(69.9056906698,3.71749498302583,6.4));
#10522=CARTESIAN_POINT('Ctrl Pts',(69.8635188635953,3.66243901814576,6.4));
#10523=CARTESIAN_POINT('Ctrl Pts',(69.8070332403177,3.6194387182952,6.4));
#10524=CARTESIAN_POINT('Ctrl Pts',(69.7416055037551,3.59132896375876,6.4));
#10525=CARTESIAN_POINT('Ctrl Pts',(69.6761777671926,3.56321920922232,6.4));
#10526=CARTESIAN_POINT('Ctrl Pts',(69.601807917345,3.55,6.4));
#10527=CARTESIAN_POINT('Ctrl Pts',(69.525,3.55,6.4));
#10528=CARTESIAN_POINT('Ctrl Pts',(69.525,3.55,6.4));
#10529=CARTESIAN_POINT('Ctrl Pts',(69.525,3.55,5.6));
#10530=CARTESIAN_POINT('Ctrl Pts',(69.525,3.55,4.8));
#10531=CARTESIAN_POINT('Ctrl Pts',(69.525,3.55,4.));
#10532=CARTESIAN_POINT('Ctrl Pts',(70.,4.025,4.));
#10533=CARTESIAN_POINT('Ctrl Pts',(70.,4.025,4.8));
#10534=CARTESIAN_POINT('Ctrl Pts',(70.,4.025,5.6));
#10535=CARTESIAN_POINT('Ctrl Pts',(70.,4.025,6.4));
#10536=CARTESIAN_POINT('Origin',(68.85,3.55,4.));
#10537=CARTESIAN_POINT('',(69.4713203435596,3.55,6.4));
#10538=CARTESIAN_POINT('',(70.,3.55,6.4));
#10539=CARTESIAN_POINT('',(69.4713203435596,3.55,4.));
#10540=CARTESIAN_POINT('Origin',(68.4,2.59999999999915,6.4));
#10541=CARTESIAN_POINT('',(70.,4.72499999986608,6.4));
#10542=CARTESIAN_POINT('',(70.,4.,6.4));
#10543=CARTESIAN_POINT('Ctrl Pts',(69.5250000000004,5.19999999986608,6.4));
#10544=CARTESIAN_POINT('Ctrl Pts',(69.6402118760179,5.19999999986597,6.4));
#10545=CARTESIAN_POINT('Ctrl Pts',(69.7499210200442,5.16894812145729,6.4));
#10546=CARTESIAN_POINT('Ctrl Pts',(69.8325049505877,5.10569037004682,6.4));
#10547=CARTESIAN_POINT('Ctrl Pts',(69.8875609042834,5.06351853577317,6.4));
#10548=CARTESIAN_POINT('Ctrl Pts',(69.9305612075424,5.0070329801654,6.4));
#10549=CARTESIAN_POINT('Ctrl Pts',(69.9586709814716,4.94160532552487,6.4));
#10550=CARTESIAN_POINT('Ctrl Pts',(69.9867807554007,4.87617767088435,6.4));
#10551=CARTESIAN_POINT('Ctrl Pts',(70.,4.80180791721108,6.4));
#10552=CARTESIAN_POINT('Ctrl Pts',(70.,4.72499999986608,6.4));
#10553=CARTESIAN_POINT('',(66.8,0.89172769021663,6.4));
#10554=CARTESIAN_POINT('',(66.8,4.,6.4));
#10555=CARTESIAN_POINT('',(66.8,5.55111512312578E-16,6.4));
#10556=CARTESIAN_POINT('',(66.8,4.,6.4));
#10557=CARTESIAN_POINT('',(67.65,5.55111512312578E-16,6.4));
#10558=CARTESIAN_POINT('',(68.4,5.55111512312578E-16,6.4));
#10559=CARTESIAN_POINT('',(68.4,0.750000000000001,6.4));
#10560=CARTESIAN_POINT('Ctrl Pts',(68.4,0.750000000000001,6.4));
#10561=CARTESIAN_POINT('Ctrl Pts',(68.4,0.568086511551236,6.4));
#10562=CARTESIAN_POINT('Ctrl Pts',(68.3509734292332,0.394861025842128,6.4));
#10563=CARTESIAN_POINT('Ctrl Pts',(68.2510932109139,0.264465169410655,6.4));
#10564=CARTESIAN_POINT('Ctrl Pts',(68.1845063987011,0.17753459845634,6.4));
#10565=CARTESIAN_POINT('Ctrl Pts',(68.0953179653538,0.109639418292086,6.4));
#10566=CARTESIAN_POINT('Ctrl Pts',(67.99201028042,0.065255768678001,6.4));
#10567=CARTESIAN_POINT('Ctrl Pts',(67.8887025954862,0.020872119063916,6.4));
#10568=CARTESIAN_POINT('Ctrl Pts',(67.7712756589658,5.55111512312578E-16,
6.4));
#10569=CARTESIAN_POINT('Ctrl Pts',(67.65,5.55111512312578E-16,6.4));
#10570=CARTESIAN_POINT('',(68.4,4.,6.4));
#10571=CARTESIAN_POINT('',(68.4,5.19999999999829,6.4));
#10572=CARTESIAN_POINT('',(68.4106601717798,3.98933982822019,6.4));
#10573=CARTESIAN_POINT('',(68.4,4.,6.4));
#10574=CARTESIAN_POINT('Ctrl Pts',(69.4713203435596,3.55,6.4));
#10575=CARTESIAN_POINT('Ctrl Pts',(69.2355894127951,3.55,6.4));
#10576=CARTESIAN_POINT('Ctrl Pts',(69.0486999931073,3.55985863148052,6.4));
#10577=CARTESIAN_POINT('Ctrl Pts',(68.8818745762949,3.62827753330925,6.4));
#10578=CARTESIAN_POINT('Ctrl Pts',(68.7984618678887,3.66248698422362,6.4));
#10579=CARTESIAN_POINT('Ctrl Pts',(68.7200651602013,3.71133650272504,6.4));
#10580=CARTESIAN_POINT('Ctrl Pts',(68.6439507596412,3.77221855408615,6.4));
#10581=CARTESIAN_POINT('Ctrl Pts',(68.5678363590811,3.83310060544726,6.4));
#10582=CARTESIAN_POINT('Ctrl Pts',(68.4940042656483,3.90601518966807,6.4));
#10583=CARTESIAN_POINT('Ctrl Pts',(68.410660190827,3.98933984064692,6.4));
#10584=CARTESIAN_POINT('Ctrl Pts',(72.7249999999995,-5.20000000013693,0.));
#10585=CARTESIAN_POINT('Ctrl Pts',(72.7249999999995,-5.20000000013693,1.33333333333333));
#10586=CARTESIAN_POINT('Ctrl Pts',(72.7249999999995,-5.20000000013693,2.66666666666667));
#10587=CARTESIAN_POINT('Ctrl Pts',(72.7249999999995,-5.20000000013693,4.));
#10588=CARTESIAN_POINT('Ctrl Pts',(72.8018079173446,-5.200000000137,0.));
#10589=CARTESIAN_POINT('Ctrl Pts',(72.8018079173446,-5.200000000137,1.33333333333334));
#10590=CARTESIAN_POINT('Ctrl Pts',(72.8018079173446,-5.200000000137,2.66666666666666));
#10591=CARTESIAN_POINT('Ctrl Pts',(72.8018079173446,-5.200000000137,4.));
#10592=CARTESIAN_POINT('Ctrl Pts',(72.9505472600446,-5.17356145042783,0.));
#10593=CARTESIAN_POINT('Ctrl Pts',(72.9505472600446,-5.17356145042783,1.33333333333333));
#10594=CARTESIAN_POINT('Ctrl Pts',(72.9505472600446,-5.17356145042783,2.66666666666667));
#10595=CARTESIAN_POINT('Ctrl Pts',(72.9505472600446,-5.17356145042783,4.));
#10596=CARTESIAN_POINT('Ctrl Pts',(73.148246502266,-5.02306037878407,0.));
#10597=CARTESIAN_POINT('Ctrl Pts',(73.148246502266,-5.02306037878407,1.33333333333334));
#10598=CARTESIAN_POINT('Ctrl Pts',(73.148246502266,-5.02306037878407,2.66666666666667));
#10599=CARTESIAN_POINT('Ctrl Pts',(73.148246502266,-5.02306037878407,4.));
#10600=CARTESIAN_POINT('Ctrl Pts',(73.2,-4.84021187615454,0.));
#10601=CARTESIAN_POINT('Ctrl Pts',(73.2,-4.84021187615454,1.33333333333333));
#10602=CARTESIAN_POINT('Ctrl Pts',(73.2,-4.84021187615454,2.66666666666667));
#10603=CARTESIAN_POINT('Ctrl Pts',(73.2,-4.84021187615454,4.));
#10604=CARTESIAN_POINT('Ctrl Pts',(73.2,-4.72500000013693,0.));
#10605=CARTESIAN_POINT('Ctrl Pts',(73.2,-4.72500000013693,1.33333333333333));
#10606=CARTESIAN_POINT('Ctrl Pts',(73.2,-4.72500000013693,2.66666666666667));
#10607=CARTESIAN_POINT('Ctrl Pts',(73.2,-4.72500000013693,4.));
#10608=CARTESIAN_POINT('Ctrl Pts',(73.2,-4.72500000013693,0.));
#10609=CARTESIAN_POINT('Ctrl Pts',(73.2,-4.72500000013693,1.33333333333333));
#10610=CARTESIAN_POINT('Ctrl Pts',(73.2,-4.72500000013693,2.66666666666667));
#10611=CARTESIAN_POINT('Ctrl Pts',(73.2,-4.72500000013693,4.));
#10612=CARTESIAN_POINT('Origin',(-73.2,-5.2,0.));
#10613=CARTESIAN_POINT('Origin',(0.,-6.86872780875092E-11,4.));
#10614=CARTESIAN_POINT('',(-66.8,-1.11022302462516E-15,4.));
#10615=CARTESIAN_POINT('',(-66.8,-8.32667268468867E-16,4.));
#10616=CARTESIAN_POINT('',(-68.9286796564404,-1.01730079711193E-15,4.));
#10617=CARTESIAN_POINT('',(-70.,-1.11022302462516E-15,4.));
#10618=CARTESIAN_POINT('',(-70.,-0.450000000000001,4.));
#10619=CARTESIAN_POINT('Ctrl Pts',(-68.9286796564404,-7.35875119520224E-15,
4.));
#10620=CARTESIAN_POINT('Ctrl Pts',(-69.0461362669709,-6.02795007179727E-15,
4.));
#10621=CARTESIAN_POINT('Ctrl Pts',(-69.1550445265645,-4.7791631763161E-15,
4.));
#10622=CARTESIAN_POINT('Ctrl Pts',(-69.3585296849034,-0.0245032221781768,
4.));
#10623=CARTESIAN_POINT('Ctrl Pts',(-69.4494004186726,-0.046831805682614,
4.));
#10624=CARTESIAN_POINT('Ctrl Pts',(-69.7051837320348,-0.160941005604933,
4.));
#10625=CARTESIAN_POINT('Ctrl Pts',(-69.8285847011455,-0.278584701145522,
4.));
#10626=CARTESIAN_POINT('Ctrl Pts',(-69.9999999999999,-0.449999999999952,
4.));
#10627=CARTESIAN_POINT('',(-70.,-0.225000000034344,4.));
#10628=CARTESIAN_POINT('',(-71.6,0.750000000000001,4.));
#10629=CARTESIAN_POINT('Ctrl Pts',(-70.85,5.55111512312578E-16,4.));
#10630=CARTESIAN_POINT('Ctrl Pts',(-71.0319134884488,5.49329100725989E-16,
4.));
#10631=CARTESIAN_POINT('Ctrl Pts',(-71.20513867798,0.0490281117298086,4.));
#10632=CARTESIAN_POINT('Ctrl Pts',(-71.3355344340083,0.14890858076743,4.));
#10633=CARTESIAN_POINT('Ctrl Pts',(-71.4224649380272,0.215495560125844,
4.));
#10634=CARTESIAN_POINT('Ctrl Pts',(-71.4903601382669,0.30468358717662,4.));
#10635=CARTESIAN_POINT('Ctrl Pts',(-71.5347439037602,0.407990782403698,
4.));
#10636=CARTESIAN_POINT('Ctrl Pts',(-71.5791276692534,0.511297977630776,
4.));
#10637=CARTESIAN_POINT('Ctrl Pts',(-71.6,0.628724341034157,4.));
#10638=CARTESIAN_POINT('Ctrl Pts',(-71.6,0.750000000000001,4.));
#10639=CARTESIAN_POINT('',(-71.6,4.,4.));
#10640=CARTESIAN_POINT('',(-71.6,1.99999999996566,4.));
#10641=CARTESIAN_POINT('',(-72.6713203435596,3.55,4.));
#10642=CARTESIAN_POINT('Ctrl Pts',(-72.6713203435596,3.55,4.));
#10643=CARTESIAN_POINT('Ctrl Pts',(-72.5538637330291,3.55,4.));
#10644=CARTESIAN_POINT('Ctrl Pts',(-72.4449554734355,3.55,4.));
#10645=CARTESIAN_POINT('Ctrl Pts',(-72.2414703150966,3.57450322217817,4.));
#10646=CARTESIAN_POINT('Ctrl Pts',(-72.1505995813274,3.5968318056826,4.));
#10647=CARTESIAN_POINT('Ctrl Pts',(-71.8948162679652,3.71094100560492,4.));
#10648=CARTESIAN_POINT('Ctrl Pts',(-71.7714152988545,3.82858470114551,4.));
#10649=CARTESIAN_POINT('Ctrl Pts',(-71.6000000000001,3.99999999999995,4.));
#10650=CARTESIAN_POINT('',(-36.6,3.55,4.));
#10651=CARTESIAN_POINT('Ctrl Pts',(-72.7250000000004,-5.20000000000045,
4.));
#10652=CARTESIAN_POINT('Ctrl Pts',(-72.8402118760179,-5.20000000000034,
4.));
#10653=CARTESIAN_POINT('Ctrl Pts',(-72.9499209775955,-5.16894790135991,
4.));
#10654=CARTESIAN_POINT('Ctrl Pts',(-73.032504893792,-5.10569011390404,4.));
#10655=CARTESIAN_POINT('Ctrl Pts',(-73.087560837923,-5.06351825560013,4.));
#10656=CARTESIAN_POINT('Ctrl Pts',(-73.1305611441068,-5.00703275782269,
4.));
#10657=CARTESIAN_POINT('Ctrl Pts',(-73.1586709346261,-4.94160517325902,
4.));
#10658=CARTESIAN_POINT('Ctrl Pts',(-73.1867807251454,-4.87617758869535,
4.));
#10659=CARTESIAN_POINT('Ctrl Pts',(-73.2,-4.80180791734545,4.));
#10660=CARTESIAN_POINT('Ctrl Pts',(-73.2,-4.72500000000045,4.));
#10661=CARTESIAN_POINT('',(-66.8,-4.,4.));
#10662=CARTESIAN_POINT('',(-66.8,-0.89172769021661,4.));
#10663=CARTESIAN_POINT('',(-66.8,-8.32667268468867E-16,4.));
#10664=CARTESIAN_POINT('',(-58.0763747332958,-4.,4.));
#10665=CARTESIAN_POINT('',(-66.8,-0.89172769021661,4.));
#10666=CARTESIAN_POINT('',(70.,-4.,4.));
#10667=CARTESIAN_POINT('Ctrl Pts',(70.,4.72499999986608,4.));
#10668=CARTESIAN_POINT('Ctrl Pts',(70.,4.72499999986608,4.8));
#10669=CARTESIAN_POINT('Ctrl Pts',(70.,4.72499999986608,5.6));
#10670=CARTESIAN_POINT('Ctrl Pts',(70.,4.72499999986608,6.4));
#10671=CARTESIAN_POINT('Ctrl Pts',(70.,4.80180791721108,4.));
#10672=CARTESIAN_POINT('Ctrl Pts',(70.,4.80180791721108,4.8));
#10673=CARTESIAN_POINT('Ctrl Pts',(70.,4.80180791721108,5.6));
#10674=CARTESIAN_POINT('Ctrl Pts',(70.,4.80180791721108,6.4));
#10675=CARTESIAN_POINT('Ctrl Pts',(69.9735615108014,4.95054742455762,4.));
#10676=CARTESIAN_POINT('Ctrl Pts',(69.9735615108014,4.95054742455762,4.8));
#10677=CARTESIAN_POINT('Ctrl Pts',(69.9735615108014,4.95054742455762,5.6));
#10678=CARTESIAN_POINT('Ctrl Pts',(69.9735615108014,4.95054742455762,6.4));
#10679=CARTESIAN_POINT('Ctrl Pts',(69.823060449395,5.14824686918483,4.));
#10680=CARTESIAN_POINT('Ctrl Pts',(69.823060449395,5.14824686918483,4.8));
#10681=CARTESIAN_POINT('Ctrl Pts',(69.823060449395,5.14824686918483,5.6));
#10682=CARTESIAN_POINT('Ctrl Pts',(69.823060449395,5.14824686918483,6.4));
#10683=CARTESIAN_POINT('Ctrl Pts',(69.6402118760179,5.19999999986597,4.));
#10684=CARTESIAN_POINT('Ctrl Pts',(69.6402118760179,5.19999999986597,4.8));
#10685=CARTESIAN_POINT('Ctrl Pts',(69.6402118760179,5.19999999986597,5.6));
#10686=CARTESIAN_POINT('Ctrl Pts',(69.6402118760179,5.19999999986597,6.4));
#10687=CARTESIAN_POINT('Ctrl Pts',(69.5250000000004,5.19999999986608,4.));
#10688=CARTESIAN_POINT('Ctrl Pts',(69.5250000000004,5.19999999986608,4.8));
#10689=CARTESIAN_POINT('Ctrl Pts',(69.5250000000004,5.19999999986608,5.6));
#10690=CARTESIAN_POINT('Ctrl Pts',(69.5250000000004,5.19999999986608,6.4));
#10691=CARTESIAN_POINT('Ctrl Pts',(70.,4.72499999986608,6.4));
#10692=CARTESIAN_POINT('Ctrl Pts',(70.,4.72499999986608,5.6));
#10693=CARTESIAN_POINT('Ctrl Pts',(70.,4.72499999986608,4.8));
#10694=CARTESIAN_POINT('Ctrl Pts',(70.,4.72499999986608,4.));
#10695=CARTESIAN_POINT('Ctrl Pts',(73.2,4.72499999986308,0.));
#10696=CARTESIAN_POINT('Ctrl Pts',(73.2,4.72499999986308,1.33333333333333));
#10697=CARTESIAN_POINT('Ctrl Pts',(73.2,4.72499999986308,2.66666666666667));
#10698=CARTESIAN_POINT('Ctrl Pts',(73.2,4.72499999986308,4.));
#10699=CARTESIAN_POINT('Ctrl Pts',(73.2,4.80180791720807,0.));
#10700=CARTESIAN_POINT('Ctrl Pts',(73.2,4.80180791720807,1.33333333333334));
#10701=CARTESIAN_POINT('Ctrl Pts',(73.2,4.80180791720807,2.66666666666667));
#10702=CARTESIAN_POINT('Ctrl Pts',(73.2,4.80180791720807,4.));
#10703=CARTESIAN_POINT('Ctrl Pts',(73.1735614502907,4.95054725990788,0.));
#10704=CARTESIAN_POINT('Ctrl Pts',(73.1735614502907,4.95054725990788,1.33333333333333));
#10705=CARTESIAN_POINT('Ctrl Pts',(73.1735614502907,4.95054725990788,2.66666666666667));
#10706=CARTESIAN_POINT('Ctrl Pts',(73.1735614502907,4.95054725990788,4.));
#10707=CARTESIAN_POINT('Ctrl Pts',(73.0230603786472,5.14824650212891,0.));
#10708=CARTESIAN_POINT('Ctrl Pts',(73.0230603786472,5.14824650212891,1.33333333333334));
#10709=CARTESIAN_POINT('Ctrl Pts',(73.0230603786472,5.14824650212891,2.66666666666667));
#10710=CARTESIAN_POINT('Ctrl Pts',(73.0230603786472,5.14824650212891,4.));
#10711=CARTESIAN_POINT('Ctrl Pts',(72.8402118760179,5.19999999986297,0.));
#10712=CARTESIAN_POINT('Ctrl Pts',(72.8402118760179,5.19999999986297,1.33333333333333));
#10713=CARTESIAN_POINT('Ctrl Pts',(72.8402118760179,5.19999999986297,2.66666666666667));
#10714=CARTESIAN_POINT('Ctrl Pts',(72.8402118760179,5.19999999986297,4.));
#10715=CARTESIAN_POINT('Ctrl Pts',(72.7250000000004,5.19999999986308,0.));
#10716=CARTESIAN_POINT('Ctrl Pts',(72.7250000000004,5.19999999986308,1.33333333333333));
#10717=CARTESIAN_POINT('Ctrl Pts',(72.7250000000004,5.19999999986308,2.66666666666667));
#10718=CARTESIAN_POINT('Ctrl Pts',(72.7250000000004,5.19999999986308,4.));
#10719=CARTESIAN_POINT('Ctrl Pts',(73.2,4.72499999986308,4.));
#10720=CARTESIAN_POINT('Ctrl Pts',(73.2,4.72499999986308,2.66666666666667));
#10721=CARTESIAN_POINT('Ctrl Pts',(73.2,4.72499999986308,1.33333333333333));
#10722=CARTESIAN_POINT('Ctrl Pts',(73.2,4.72499999986308,0.));
#10723=CARTESIAN_POINT('Ctrl Pts',(-72.7249999999995,5.19999999999956,0.));
#10724=CARTESIAN_POINT('Ctrl Pts',(-72.7249999999995,5.19999999999956,2.13333333333333));
#10725=CARTESIAN_POINT('Ctrl Pts',(-72.7249999999995,5.19999999999956,4.26666666666667));
#10726=CARTESIAN_POINT('Ctrl Pts',(-72.7249999999995,5.19999999999956,6.4));
#10727=CARTESIAN_POINT('Ctrl Pts',(-72.8018079173446,5.19999999999963,0.));
#10728=CARTESIAN_POINT('Ctrl Pts',(-72.8018079173446,5.19999999999963,2.13333333333334));
#10729=CARTESIAN_POINT('Ctrl Pts',(-72.8018079173446,5.19999999999963,4.26666666666666));
#10730=CARTESIAN_POINT('Ctrl Pts',(-72.8018079173446,5.19999999999963,6.4));
#10731=CARTESIAN_POINT('Ctrl Pts',(-72.9505467819631,5.17356127486363,0.));
#10732=CARTESIAN_POINT('Ctrl Pts',(-72.9505467819631,5.17356127486363,2.13333333333333));
#10733=CARTESIAN_POINT('Ctrl Pts',(-72.9505467819631,5.17356127486363,4.26666666666667));
#10734=CARTESIAN_POINT('Ctrl Pts',(-72.9505467819631,5.17356127486363,6.4));
#10735=CARTESIAN_POINT('Ctrl Pts',(-73.148245438164,5.02306017336241,0.));
#10736=CARTESIAN_POINT('Ctrl Pts',(-73.148245438164,5.02306017336241,2.13333333333334));
#10737=CARTESIAN_POINT('Ctrl Pts',(-73.148245438164,5.02306017336241,4.26666666666666));
#10738=CARTESIAN_POINT('Ctrl Pts',(-73.148245438164,5.02306017336241,6.4));
#10739=CARTESIAN_POINT('Ctrl Pts',(-73.2,4.84021187601716,0.));
#10740=CARTESIAN_POINT('Ctrl Pts',(-73.2,4.84021187601716,2.13333333333333));
#10741=CARTESIAN_POINT('Ctrl Pts',(-73.2,4.84021187601716,4.26666666666667));
#10742=CARTESIAN_POINT('Ctrl Pts',(-73.2,4.84021187601716,6.4));
#10743=CARTESIAN_POINT('Ctrl Pts',(-73.2,4.72499999999956,0.));
#10744=CARTESIAN_POINT('Ctrl Pts',(-73.2,4.72499999999956,2.13333333333333));
#10745=CARTESIAN_POINT('Ctrl Pts',(-73.2,4.72499999999956,4.26666666666667));
#10746=CARTESIAN_POINT('Ctrl Pts',(-73.2,4.72499999999956,6.4));
#10747=CARTESIAN_POINT('Ctrl Pts',(-73.2,-4.72500000000045,0.));
#10748=CARTESIAN_POINT('Ctrl Pts',(-73.2,-4.72500000000045,1.33333333333333));
#10749=CARTESIAN_POINT('Ctrl Pts',(-73.2,-4.72500000000045,2.66666666666667));
#10750=CARTESIAN_POINT('Ctrl Pts',(-73.2,-4.72500000000045,4.));
#10751=CARTESIAN_POINT('Ctrl Pts',(-73.2,-4.80180791734545,0.));
#10752=CARTESIAN_POINT('Ctrl Pts',(-73.2,-4.80180791734545,1.33333333333334));
#10753=CARTESIAN_POINT('Ctrl Pts',(-73.2,-4.80180791734545,2.66666666666666));
#10754=CARTESIAN_POINT('Ctrl Pts',(-73.2,-4.80180791734545,4.));
#10755=CARTESIAN_POINT('Ctrl Pts',(-73.1735614502907,-4.95054726004526,
0.));
#10756=CARTESIAN_POINT('Ctrl Pts',(-73.1735614502907,-4.95054726004526,
1.33333333333333));
#10757=CARTESIAN_POINT('Ctrl Pts',(-73.1735614502907,-4.95054726004526,
2.66666666666667));
#10758=CARTESIAN_POINT('Ctrl Pts',(-73.1735614502907,-4.95054726004526,
4.));
#10759=CARTESIAN_POINT('Ctrl Pts',(-73.0230603786472,-5.14824650226628,
0.));
#10760=CARTESIAN_POINT('Ctrl Pts',(-73.0230603786472,-5.14824650226628,
1.33333333333334));
#10761=CARTESIAN_POINT('Ctrl Pts',(-73.0230603786472,-5.14824650226628,
2.66666666666667));
#10762=CARTESIAN_POINT('Ctrl Pts',(-73.0230603786472,-5.14824650226628,
4.));
#10763=CARTESIAN_POINT('Ctrl Pts',(-72.8402118760179,-5.20000000000034,
0.));
#10764=CARTESIAN_POINT('Ctrl Pts',(-72.8402118760179,-5.20000000000034,
1.33333333333333));
#10765=CARTESIAN_POINT('Ctrl Pts',(-72.8402118760179,-5.20000000000034,
2.66666666666667));
#10766=CARTESIAN_POINT('Ctrl Pts',(-72.8402118760179,-5.20000000000034,
4.));
#10767=CARTESIAN_POINT('Ctrl Pts',(-72.7250000000004,-5.20000000000045,
0.));
#10768=CARTESIAN_POINT('Ctrl Pts',(-72.7250000000004,-5.20000000000045,
1.33333333333333));
#10769=CARTESIAN_POINT('Ctrl Pts',(-72.7250000000004,-5.20000000000045,
2.66666666666667));
#10770=CARTESIAN_POINT('Ctrl Pts',(-72.7250000000004,-5.20000000000045,
4.));
#10771=CARTESIAN_POINT('Ctrl Pts',(-70.4,3.525,0.));
#10772=CARTESIAN_POINT('Ctrl Pts',(-70.2202919070212,3.525,0.179708092978803));
#10773=CARTESIAN_POINT('Ctrl Pts',(-70.0405838140424,3.525,0.359416185957605));
#10774=CARTESIAN_POINT('Ctrl Pts',(-69.8608757210636,3.525,0.539124278936408));
#10775=CARTESIAN_POINT('Ctrl Pts',(-70.4,3.60180791734503,-3.59048077094579E-16));
#10776=CARTESIAN_POINT('Ctrl Pts',(-70.2202919070212,3.60180791734503,0.179708092978802));
#10777=CARTESIAN_POINT('Ctrl Pts',(-70.0405838140424,3.60180791734503,0.359416185957604));
#10778=CARTESIAN_POINT('Ctrl Pts',(-69.8608757210636,3.60180791734503,0.539124278936407));
#10779=CARTESIAN_POINT('Ctrl Pts',(-70.3813055701826,3.75054897715308,-0.0186944298173372));
#10780=CARTESIAN_POINT('Ctrl Pts',(-70.2015974772038,3.75054897715308,0.161013663161465));
#10781=CARTESIAN_POINT('Ctrl Pts',(-70.021889384225,3.75054897715308,0.340721756140268));
#10782=CARTESIAN_POINT('Ctrl Pts',(-69.8421812912462,3.75054897715308,0.52042984911907));
#10783=CARTESIAN_POINT('Ctrl Pts',(-70.2748853165127,3.94825034535072,-0.125114683487251));
#10784=CARTESIAN_POINT('Ctrl Pts',(-70.0951772235339,3.94825034535072,0.0545934094915515));
#10785=CARTESIAN_POINT('Ctrl Pts',(-69.9154691305551,3.94825034535072,0.234301502470353));
#10786=CARTESIAN_POINT('Ctrl Pts',(-69.7357610375763,3.94825034535072,0.414009595449156));
#10787=CARTESIAN_POINT('Ctrl Pts',(-70.1455913777416,4.,-0.254408622258383));
#10788=CARTESIAN_POINT('Ctrl Pts',(-69.9658832847628,4.,-0.0747005292795808));
#10789=CARTESIAN_POINT('Ctrl Pts',(-69.786175191784,4.,0.105007563699222));
#10790=CARTESIAN_POINT('Ctrl Pts',(-69.6064670988052,4.,0.284715656678024));
#10791=CARTESIAN_POINT('Ctrl Pts',(-70.0641242789364,4.,-0.335875721063619));
#10792=CARTESIAN_POINT('Ctrl Pts',(-69.8844161859576,4.,-0.156167628084816));
#10793=CARTESIAN_POINT('Ctrl Pts',(-69.7047080929788,4.,0.0235404648939862));
#10794=CARTESIAN_POINT('Ctrl Pts',(-69.525,4.,0.203248557872789));
#10795=CARTESIAN_POINT('Ctrl Pts',(-70.,3.525,0.4));
#10796=CARTESIAN_POINT('Ctrl Pts',(-70.1333333333333,3.525,0.266666666666667));
#10797=CARTESIAN_POINT('Ctrl Pts',(-70.2666666666667,3.525,0.133333333333333));
#10798=CARTESIAN_POINT('Ctrl Pts',(-70.4,3.525,0.));
#10799=CARTESIAN_POINT('Ctrl Pts',(70.,-3.525,0.203248557872771));
#10800=CARTESIAN_POINT('Ctrl Pts',(70.,-3.525,1.46883237191518));
#10801=CARTESIAN_POINT('Ctrl Pts',(70.,-3.525,2.73441618595759));
#10802=CARTESIAN_POINT('Ctrl Pts',(70.,-3.525,4.));
#10803=CARTESIAN_POINT('Ctrl Pts',(70.,-3.60180791734503,0.203248557872771));
#10804=CARTESIAN_POINT('Ctrl Pts',(70.,-3.60180791734503,1.46883237191518));
#10805=CARTESIAN_POINT('Ctrl Pts',(70.,-3.60180791734503,2.73441618595759));
#10806=CARTESIAN_POINT('Ctrl Pts',(70.,-3.60180791734503,4.));
#10807=CARTESIAN_POINT('Ctrl Pts',(69.9735617966624,-3.75054820069208,0.203248557872771));
#10808=CARTESIAN_POINT('Ctrl Pts',(69.9735617966624,-3.75054820069208,1.46883237191518));
#10809=CARTESIAN_POINT('Ctrl Pts',(69.9735617966624,-3.75054820069208,2.73441618595759));
#10810=CARTESIAN_POINT('Ctrl Pts',(69.9735617966624,-3.75054820069208,4.));
#10811=CARTESIAN_POINT('Ctrl Pts',(69.8230607831862,-3.94824860338228,0.203248557872771));
#10812=CARTESIAN_POINT('Ctrl Pts',(69.8230607831862,-3.94824860338228,1.46883237191518));
#10813=CARTESIAN_POINT('Ctrl Pts',(69.8230607831862,-3.94824860338228,2.73441618595759));
#10814=CARTESIAN_POINT('Ctrl Pts',(69.8230607831862,-3.94824860338228,4.));
#10815=CARTESIAN_POINT('Ctrl Pts',(69.6402118760176,-4.,0.203248557872771));
#10816=CARTESIAN_POINT('Ctrl Pts',(69.6402118760176,-4.,1.46883237191518));
#10817=CARTESIAN_POINT('Ctrl Pts',(69.6402118760176,-4.,2.73441618595759));
#10818=CARTESIAN_POINT('Ctrl Pts',(69.6402118760176,-4.,4.));
#10819=CARTESIAN_POINT('Ctrl Pts',(69.525,-4.,0.203248557872771));
#10820=CARTESIAN_POINT('Ctrl Pts',(69.525,-4.,1.46883237191518));
#10821=CARTESIAN_POINT('Ctrl Pts',(69.525,-4.,2.73441618595759));
#10822=CARTESIAN_POINT('Ctrl Pts',(69.525,-4.,4.));
#10823=CARTESIAN_POINT('',(70.,-3.525,0.399999999999999));
#10824=CARTESIAN_POINT('Ctrl Pts',(70.,-3.525,4.));
#10825=CARTESIAN_POINT('Ctrl Pts',(70.,-3.525,2.8));
#10826=CARTESIAN_POINT('Ctrl Pts',(70.,-3.525,1.6));
#10827=CARTESIAN_POINT('Ctrl Pts',(70.,-3.525,0.399999999999999));
#10828=CARTESIAN_POINT('Ctrl Pts',(70.,-3.525,0.399999999999999));
#10829=CARTESIAN_POINT('Ctrl Pts',(70.,-3.55004969302549,0.399999999999997));
#10830=CARTESIAN_POINT('Ctrl Pts',(69.998597179654,-3.57501239997058,0.399430552856892));
#10831=CARTESIAN_POINT('Ctrl Pts',(69.995657334172,-3.59970722986906,0.398218770932292));
#10832=CARTESIAN_POINT('Ctrl Pts',(69.9929187438534,-3.6227115076416,0.397089944853804));
#10833=CARTESIAN_POINT('Ctrl Pts',(69.9888462416486,-3.64548373101632,0.395403719285351));
#10834=CARTESIAN_POINT('Ctrl Pts',(69.9832990002157,-3.66784799420405,0.393101174385296));
#10835=CARTESIAN_POINT('Ctrl Pts',(69.9787359621543,-3.68624434225842,0.39120715189787));
#10836=CARTESIAN_POINT('Ctrl Pts',(69.9731745703939,-3.70436432844487,0.388896106575244));
#10837=CARTESIAN_POINT('Ctrl Pts',(69.9665187022592,-3.72209019426804,0.386135244549692));
#10838=CARTESIAN_POINT('Ctrl Pts',(69.9640432053137,-3.72868292204063,0.3851084054698));
#10839=CARTESIAN_POINT('Ctrl Pts',(69.9614280110041,-3.73518931147782,0.384024352176827));
#10840=CARTESIAN_POINT('Ctrl Pts',(69.9586712027145,-3.74160604452535,0.382883076116204));
#10841=CARTESIAN_POINT('Ctrl Pts',(69.9498931060576,-3.76203789795685,0.379249079653699));
#10842=CARTESIAN_POINT('Ctrl Pts',(69.9396824953424,-3.78156291465003,0.375034911619852));
#10843=CARTESIAN_POINT('Ctrl Pts',(69.9280858028405,-3.80009173414051,0.370240295842719));
#10844=CARTESIAN_POINT('Ctrl Pts',(69.9167189291783,-3.81825335653596,0.365540697936858));
#10845=CARTESIAN_POINT('Ctrl Pts',(69.9040198545535,-3.83545856501858,0.360283430508869));
#10846=CARTESIAN_POINT('Ctrl Pts',(69.8899951335038,-3.85158995241319,0.354468233482779));
#10847=CARTESIAN_POINT('Ctrl Pts',(69.887772910493,-3.85414597760164,0.353546813042559));
#10848=CARTESIAN_POINT('Ctrl Pts',(69.8855173367245,-3.85667496133788,0.35261138492214));
#10849=CARTESIAN_POINT('Ctrl Pts',(69.8832283629848,-3.85917633990866,0.351661948086903));
#10850=CARTESIAN_POINT('Ctrl Pts',(69.8683821085459,-3.8754002493687,0.345503912900673));
#10851=CARTESIAN_POINT('Ctrl Pts',(69.8524391803843,-3.89013144730622,0.338887628762397));
#10852=CARTESIAN_POINT('Ctrl Pts',(69.8355241719674,-3.90335535339243,0.331876429227946));
#10853=CARTESIAN_POINT('Ctrl Pts',(69.8345212788931,-3.90413940052394,0.331460734285195));
#10854=CARTESIAN_POINT('Ctrl Pts',(69.8335149542406,-3.90491814450354,0.331043651088572));
#10855=CARTESIAN_POINT('Ctrl Pts',(69.8325052186474,-3.90569158043506,0.330625192838295));
#10856=CARTESIAN_POINT('Ctrl Pts',(69.8162739143991,-3.91812441335243,0.323898557448715));
#10857=CARTESIAN_POINT('Ctrl Pts',(69.7991648467918,-3.92918847958924,0.316816609015828));
#10858=CARTESIAN_POINT('Ctrl Pts',(69.7813316687631,-3.93899223411984,0.309434177555718));
#10859=CARTESIAN_POINT('Ctrl Pts',(69.7741586812158,-3.94293556990955,0.306464763531649));
#10860=CARTESIAN_POINT('Ctrl Pts',(69.7668680627911,-3.94667462192286,0.303446735367355));
#10861=CARTESIAN_POINT('Ctrl Pts',(69.7594680540368,-3.95021493209302,0.300383661124641));
#10862=CARTESIAN_POINT('Ctrl Pts',(69.7396755396175,-3.95968406144384,0.292190976071245));
#10863=CARTESIAN_POINT('Ctrl Pts',(69.7192928741247,-3.96764297022487,0.283753738639435));
#10864=CARTESIAN_POINT('Ctrl Pts',(69.6985294519243,-3.97423719000247,0.275152265890105));
#10865=CARTESIAN_POINT('Ctrl Pts',(69.6823200062012,-3.97938512017216,0.268437327267571));
#10866=CARTESIAN_POINT('Ctrl Pts',(69.665877329849,-3.98370073897922,0.261622295343692));
#10867=CARTESIAN_POINT('Ctrl Pts',(69.6492824593942,-3.98724175789003,0.254745383502287));
#10868=CARTESIAN_POINT('Ctrl Pts',(69.6248088534358,-3.99246394397161,0.244603524843245));
#10869=CARTESIAN_POINT('Ctrl Pts',(69.5999968044457,-3.99600390315164,0.23432315147757));
#10870=CARTESIAN_POINT('Ctrl Pts',(69.5750869971173,-3.99800727764844,0.224000880293192));
#10871=CARTESIAN_POINT('Ctrl Pts',(69.5596562903429,-3.99924829424932,0.217606614059378));
#10872=CARTESIAN_POINT('Ctrl Pts',(69.5441870590165,-3.99989911080594,0.211196270185064));
#10873=CARTESIAN_POINT('Ctrl Pts',(69.5287281229468,-3.99998914948583,0.204792815412427));
#10874=CARTESIAN_POINT('Ctrl Pts',(69.5274854423388,-3.99999638732684,0.204278067888146));
#10875=CARTESIAN_POINT('Ctrl Pts',(69.5262427262949,-4.,0.203763311958421));
#10876=CARTESIAN_POINT('Ctrl Pts',(69.525,-4.,0.203248557872771));
#10877=CARTESIAN_POINT('Ctrl Pts',(70.4,-3.525,-5.55111512312578E-16));
#10878=CARTESIAN_POINT('Ctrl Pts',(70.2202919070212,-3.525,0.1797080929788));
#10879=CARTESIAN_POINT('Ctrl Pts',(70.0405838140424,-3.525,0.3594161859576));
#10880=CARTESIAN_POINT('Ctrl Pts',(69.8608757210636,-3.525,0.5391242789364));
#10881=CARTESIAN_POINT('Ctrl Pts',(70.4,-3.60180791734503,1.62984641876577E-16));
#10882=CARTESIAN_POINT('Ctrl Pts',(70.2202919070212,-3.60180791734503,0.179708092978801));
#10883=CARTESIAN_POINT('Ctrl Pts',(70.0405838140424,-3.60180791734503,0.3594161859576));
#10884=CARTESIAN_POINT('Ctrl Pts',(69.8608757210636,-3.60180791734503,0.5391242789364));
#10885=CARTESIAN_POINT('Ctrl Pts',(70.3813055701827,-3.75054897715308,-0.0186944298173346));
#10886=CARTESIAN_POINT('Ctrl Pts',(70.2015974772039,-3.75054897715308,0.161013663161465));
#10887=CARTESIAN_POINT('Ctrl Pts',(70.021889384225,-3.75054897715308,0.340721756140266));
#10888=CARTESIAN_POINT('Ctrl Pts',(69.8421812912462,-3.75054897715308,0.520429849119066));
#10889=CARTESIAN_POINT('Ctrl Pts',(70.2748853165128,-3.94825034535072,-0.125114683487246));
#10890=CARTESIAN_POINT('Ctrl Pts',(70.095177223534,-3.94825034535072,0.0545934094915548));
#10891=CARTESIAN_POINT('Ctrl Pts',(69.9154691305551,-3.94825034535072,0.234301502470354));
#10892=CARTESIAN_POINT('Ctrl Pts',(69.7357610375763,-3.94825034535072,0.414009595449155));
#10893=CARTESIAN_POINT('Ctrl Pts',(70.1455913777416,-4.,-0.254408622258377));
#10894=CARTESIAN_POINT('Ctrl Pts',(69.9658832847628,-4.,-0.0747005292795767));
#10895=CARTESIAN_POINT('Ctrl Pts',(69.786175191784,-4.,0.105007563699224));
#10896=CARTESIAN_POINT('Ctrl Pts',(69.6064670988052,-4.,0.284715656678024));
#10897=CARTESIAN_POINT('Ctrl Pts',(70.0641242789364,-4.,-0.335875721063612));
#10898=CARTESIAN_POINT('Ctrl Pts',(69.8844161859576,-4.,-0.156167628084811));
#10899=CARTESIAN_POINT('Ctrl Pts',(69.7047080929788,-4.,0.0235404648939887));
#10900=CARTESIAN_POINT('Ctrl Pts',(69.525,-4.,0.203248557872789));
#10901=CARTESIAN_POINT('Ctrl Pts',(70.,-3.525,0.399999999999998));
#10902=CARTESIAN_POINT('Ctrl Pts',(70.1333333333333,-3.525,0.266666666666665));
#10903=CARTESIAN_POINT('Ctrl Pts',(70.2666666666667,-3.525,0.133333333333332));
#10904=CARTESIAN_POINT('Ctrl Pts',(70.4,-3.525,-5.55111512312578E-16));
#10905=CARTESIAN_POINT('Origin',(70.,-4.,0.));
#10906=CARTESIAN_POINT('Origin',(70.,-4.,0.4));
#10907=CARTESIAN_POINT('',(70.,0.45,0.4));
#10908=CARTESIAN_POINT('',(70.,-2.,0.399999999999998));
#10909=CARTESIAN_POINT('',(70.4,0.45,8.39192547734248E-16));
#10910=CARTESIAN_POINT('Origin',(70.2,0.45,0.2));
#10911=CARTESIAN_POINT('Ctrl Pts',(70.,0.450000000000002,0.399999999999999));
#10912=CARTESIAN_POINT('Ctrl Pts',(70.,0.450000000000002,0.266666666666666));
#10913=CARTESIAN_POINT('Ctrl Pts',(70.,0.450000000000002,0.133333333333333));
#10914=CARTESIAN_POINT('Ctrl Pts',(70.,0.450000000000002,-2.77555756156289E-16));
#10915=CARTESIAN_POINT('Origin',(70.,5.55111512312578E-16,0.));
#10916=CARTESIAN_POINT('Ctrl Pts',(70.,0.450000000000002,4.));
#10917=CARTESIAN_POINT('Ctrl Pts',(70.,0.450000000000002,3.33333333333333));
#10918=CARTESIAN_POINT('Ctrl Pts',(70.,0.450000000000002,2.66666666666667));
#10919=CARTESIAN_POINT('Ctrl Pts',(70.,0.450000000000002,1.46666666666667));
#10920=CARTESIAN_POINT('Ctrl Pts',(70.,0.450000000000002,0.933333333333332));
#10921=CARTESIAN_POINT('Ctrl Pts',(70.,0.450000000000002,0.399999999999999));
#10922=CARTESIAN_POINT('Origin',(-70.,4.,0.4));
#10923=CARTESIAN_POINT('',(-70.,-0.450000000000002,0.4));
#10924=CARTESIAN_POINT('',(-70.,2.,0.399999999999998));
#10925=CARTESIAN_POINT('',(-70.4,-0.450000000000002,-7.3478807948842E-17));
#10926=CARTESIAN_POINT('Origin',(-70.2,-0.450000000000002,0.2));
#10927=CARTESIAN_POINT('Ctrl Pts',(-70.,-0.450000000000004,0.399999999999999));
#10928=CARTESIAN_POINT('Ctrl Pts',(-70.,-0.450000000000004,0.266666666666666));
#10929=CARTESIAN_POINT('Ctrl Pts',(-70.,-0.450000000000004,0.133333333333333));
#10930=CARTESIAN_POINT('Ctrl Pts',(-70.,-0.450000000000004,-2.77555756156289E-16));
#10931=CARTESIAN_POINT('Origin',(-70.,-1.11022302462516E-15,0.));
#10932=CARTESIAN_POINT('Ctrl Pts',(-70.,-0.450000000000004,4.));
#10933=CARTESIAN_POINT('Ctrl Pts',(-70.,-0.450000000000004,3.33333333333333));
#10934=CARTESIAN_POINT('Ctrl Pts',(-70.,-0.450000000000004,2.66666666666667));
#10935=CARTESIAN_POINT('Ctrl Pts',(-70.,-0.450000000000004,1.46666666666667));
#10936=CARTESIAN_POINT('Ctrl Pts',(-70.,-0.450000000000004,0.933333333333332));
#10937=CARTESIAN_POINT('Ctrl Pts',(-70.,-0.450000000000004,0.399999999999999));
#10938=CARTESIAN_POINT('Origin',(0.,0.,3.));
#10939=CARTESIAN_POINT('',(-54.7336666581657,-2.,3.));
#10940=CARTESIAN_POINT('',(-55.5736666581657,2.,3.));
#10941=CARTESIAN_POINT('Origin',(0.,0.,3.));
#10942=CARTESIAN_POINT('',(-39.1592954493291,10.3864318164431,3.));
#10943=CARTESIAN_POINT('',(-36.0502499936242,14.6834166645414,3.));
#10944=CARTESIAN_POINT('Origin',(0.,0.,3.));
#10945=CARTESIAN_POINT('',(-44.7057272657723,-2.,3.));
#10946=CARTESIAN_POINT('',(-45.5457272657723,2.,3.));
#10947=CARTESIAN_POINT('Origin',(0.,0.,3.));
#10948=CARTESIAN_POINT('',(-27.6383409050341,-11.8794469683447,3.));
#10949=CARTESIAN_POINT('',(-32.5292954493291,-8.17643181644306,3.));
#10950=CARTESIAN_POINT('Origin',(0.,0.,3.));
#10951=CARTESIAN_POINT('',(-34.6777878733788,-2.,3.));
#10952=CARTESIAN_POINT('',(-35.5177878733788,2.,3.));
#10953=CARTESIAN_POINT('Origin',(0.,0.,3.));
#10954=CARTESIAN_POINT('',(-24.117386360739,5.37246212024634,3.));
#10955=CARTESIAN_POINT('',(-21.008340905034,9.66944696834469,3.));
#10956=CARTESIAN_POINT('Origin',(0.,0.,3.));
#10957=CARTESIAN_POINT('',(-24.6498484809854,-1.99999999999999,3.));
#10958=CARTESIAN_POINT('',(-25.4898484809853,2.,3.));
#10959=CARTESIAN_POINT('Origin',(0.,0.,3.));
#10960=CARTESIAN_POINT('',(-12.5964318164439,-6.86547727214798,3.));
#10961=CARTESIAN_POINT('',(-17.487386360739,-3.16246212024633,3.));
#10962=CARTESIAN_POINT('Origin',(0.,0.,3.));
#10963=CARTESIAN_POINT('',(-14.6219090885919,-2.,3.));
#10964=CARTESIAN_POINT('',(-15.4619090885919,2.,3.));
#10965=CARTESIAN_POINT('Origin',(0.,0.,3.));
#10966=CARTESIAN_POINT('',(-9.07547727214885,0.358492424049618,3.));
#10967=CARTESIAN_POINT('',(-5.96643181644387,4.65547727214797,3.));
#10968=CARTESIAN_POINT('Origin',(0.,0.,3.));
#10969=CARTESIAN_POINT('',(5.43396969619648,-2.,3.));
#10970=CARTESIAN_POINT('Origin',(0.,0.,3.));
#10971=CARTESIAN_POINT('',(5.96643181644329,-4.6554772721478,3.));
#10972=CARTESIAN_POINT('',(9.07547727214783,-0.358492424049298,3.));
#10973=CARTESIAN_POINT('Origin',(0.,0.,3.));
#10974=CARTESIAN_POINT('',(15.4619090885913,-2.,3.));
#10975=CARTESIAN_POINT('',(14.6219090885913,2.,3.));
#10976=CARTESIAN_POINT('Origin',(0.,0.,3.));
#10977=CARTESIAN_POINT('',(17.4873863607385,3.16246212024621,3.));
#10978=CARTESIAN_POINT('',(12.5964318164434,6.86547727214785,3.));
#10979=CARTESIAN_POINT('Origin',(0.,0.,3.));
#10980=CARTESIAN_POINT('',(25.4898484809849,-2.00000000000001,3.));
#10981=CARTESIAN_POINT('',(24.6498484809849,2.,3.));
#10982=CARTESIAN_POINT('Origin',(0.,0.,3.));
#10983=CARTESIAN_POINT('',(21.0083409050335,-9.66944696834462,3.));
#10984=CARTESIAN_POINT('',(24.1173863607386,-5.37246212024626,3.));
#10985=CARTESIAN_POINT('Origin',(0.,0.,3.));
#10986=CARTESIAN_POINT('',(35.5177878733786,-2.,3.));
#10987=CARTESIAN_POINT('',(34.6777878733786,2.,3.));
#10988=CARTESIAN_POINT('Origin',(0.,0.,3.));
#10989=CARTESIAN_POINT('',(32.5292954493293,8.17643181644308,3.));
#10990=CARTESIAN_POINT('',(27.6383409050337,11.8794469683447,3.));
#10991=CARTESIAN_POINT('Origin',(0.,0.,3.));
#10992=CARTESIAN_POINT('',(45.5457272657723,-2.,3.));
#10993=CARTESIAN_POINT('',(44.7057272657723,2.,3.));
#10994=CARTESIAN_POINT('Origin',(0.,0.,3.));
#10995=CARTESIAN_POINT('',(36.0502499936242,-14.6834166645414,3.));
#10996=CARTESIAN_POINT('',(39.1592954493292,-10.3864318164431,3.));
#10997=CARTESIAN_POINT('Origin',(0.,0.,3.));
#10998=CARTESIAN_POINT('',(54.7336666581657,2.,3.));
#10999=CARTESIAN_POINT('',(55.5736666581657,-2.00000000000006,3.));
#11000=CARTESIAN_POINT('Origin',(54.7336666581657,4.,0.));
#11001=CARTESIAN_POINT('',(54.7336666581657,4.,0.));
#11002=CARTESIAN_POINT('Origin',(46.7336666581657,-4.,0.));
#11003=CARTESIAN_POINT('Origin',(45.5457272657723,-4.,0.));
#11004=CARTESIAN_POINT('',(45.5457272657723,-4.,0.));
#11005=CARTESIAN_POINT('Origin',(44.7057272657723,-4.00000000000001,0.));
#11006=CARTESIAN_POINT('',(44.7057272657723,-4.00000000000001,0.));
#11007=CARTESIAN_POINT('Origin',(35.5177878733786,4.,0.));
#11008=CARTESIAN_POINT('',(35.5177878733786,4.,0.));
#11009=CARTESIAN_POINT('Origin',(35.5177878733786,-4.,0.));
#11010=CARTESIAN_POINT('Origin',(34.6777878733786,4.,0.));
#11011=CARTESIAN_POINT('',(34.6777878733786,4.,0.));
#11012=CARTESIAN_POINT('Origin',(26.6777878733783,-4.,0.));
#11013=CARTESIAN_POINT('Origin',(25.4898484809849,-4.,0.));
#11014=CARTESIAN_POINT('',(25.4898484809849,-4.,0.));
#11015=CARTESIAN_POINT('Origin',(24.6498484809849,-3.99999999999999,0.));
#11016=CARTESIAN_POINT('',(24.6498484809849,-3.99999999999999,0.));
#11017=CARTESIAN_POINT('Origin',(15.4619090885913,4.,0.));
#11018=CARTESIAN_POINT('',(15.4619090885913,4.,0.));
#11019=CARTESIAN_POINT('Origin',(15.4619090885913,-4.00000000000001,0.));
#11020=CARTESIAN_POINT('Origin',(14.6219090885913,4.,0.));
#11021=CARTESIAN_POINT('',(14.6219090885913,4.,0.));
#11022=CARTESIAN_POINT('Origin',(6.62190908859111,-4.,0.));
#11023=CARTESIAN_POINT('Origin',(5.43396969619648,-4.,0.));
#11024=CARTESIAN_POINT('',(5.43396969619648,-4.,0.));
#11025=CARTESIAN_POINT('Origin',(-4.59396969619845,4.,0.));
#11026=CARTESIAN_POINT('Origin',(-5.43396969619844,4.,0.));
#11027=CARTESIAN_POINT('',(-5.43396969619844,4.,0.));
#11028=CARTESIAN_POINT('Origin',(-13.4339696961985,-4.,0.));
#11029=CARTESIAN_POINT('Origin',(-14.6219090885919,-3.99999999999999,0.));
#11030=CARTESIAN_POINT('',(-14.6219090885919,-3.99999999999999,0.));
#11031=CARTESIAN_POINT('Origin',(-15.4619090885919,-4.,0.));
#11032=CARTESIAN_POINT('',(-15.4619090885919,-4.,0.));
#11033=CARTESIAN_POINT('Origin',(-24.6498484809854,4.,0.));
#11034=CARTESIAN_POINT('',(-24.6498484809854,4.,0.));
#11035=CARTESIAN_POINT('Origin',(-24.6498484809854,-4.,0.));
#11036=CARTESIAN_POINT('Origin',(-25.4898484809853,4.,0.));
#11037=CARTESIAN_POINT('',(-25.4898484809853,4.,0.));
#11038=CARTESIAN_POINT('Origin',(-33.4898484809854,-4.,0.));
#11039=CARTESIAN_POINT('Origin',(-34.6777878733788,-4.,0.));
#11040=CARTESIAN_POINT('',(-34.6777878733788,-4.,0.));
#11041=CARTESIAN_POINT('Origin',(-35.5177878733788,-4.,0.));
#11042=CARTESIAN_POINT('',(-35.5177878733788,-4.,0.));
#11043=CARTESIAN_POINT('Origin',(-44.7057272657723,3.99999999999999,0.));
#11044=CARTESIAN_POINT('',(-44.7057272657723,3.99999999999999,0.));
#11045=CARTESIAN_POINT('Origin',(-44.7057272657723,-4.,0.));
#11046=CARTESIAN_POINT('Origin',(-45.5457272657723,4.,0.));
#11047=CARTESIAN_POINT('',(-45.5457272657723,4.,0.));
#11048=CARTESIAN_POINT('Origin',(-53.5457272657723,-4.,0.));
#11049=CARTESIAN_POINT('Origin',(-54.7336666581657,-4.,0.));
#11050=CARTESIAN_POINT('',(-54.7336666581657,-4.,0.));
#11051=CARTESIAN_POINT('Origin',(-55.5736666581657,4.,0.));
#11052=CARTESIAN_POINT('',(-55.5736666581657,-4.,0.));
#11053=CARTESIAN_POINT('Ctrl Pts',(-71.6,0.750000000000001,4.));
#11054=CARTESIAN_POINT('Ctrl Pts',(-71.6,0.750000000000001,4.8));
#11055=CARTESIAN_POINT('Ctrl Pts',(-71.6,0.750000000000001,5.6));
#11056=CARTESIAN_POINT('Ctrl Pts',(-71.6,0.750000000000001,6.4));
#11057=CARTESIAN_POINT('Ctrl Pts',(-71.6,0.628724341034157,4.));
#11058=CARTESIAN_POINT('Ctrl Pts',(-71.6,0.628724341034157,4.8));
#11059=CARTESIAN_POINT('Ctrl Pts',(-71.6,0.628724341034157,5.6));
#11060=CARTESIAN_POINT('Ctrl Pts',(-71.6,0.628724341034157,6.4));
#11061=CARTESIAN_POINT('Ctrl Pts',(-71.5582553385067,0.393871614227395,
4.));
#11062=CARTESIAN_POINT('Ctrl Pts',(-71.5582553385067,0.393871614227395,
4.8));
#11063=CARTESIAN_POINT('Ctrl Pts',(-71.5582553385067,0.393871614227395,
5.6));
#11064=CARTESIAN_POINT('Ctrl Pts',(-71.5582553385067,0.393871614227395,
6.4));
#11065=CARTESIAN_POINT('Ctrl Pts',(-71.3206221376676,0.0817135195496806,
4.));
#11066=CARTESIAN_POINT('Ctrl Pts',(-71.3206221376676,0.0817135195496806,
4.8));
#11067=CARTESIAN_POINT('Ctrl Pts',(-71.3206221376676,0.0817135195496806,
5.6));
#11068=CARTESIAN_POINT('Ctrl Pts',(-71.3206221376676,0.0817135195496806,
6.4));
#11069=CARTESIAN_POINT('Ctrl Pts',(-71.0319134884488,5.55111512312578E-16,
4.));
#11070=CARTESIAN_POINT('Ctrl Pts',(-71.0319134884488,5.55111512312578E-16,
4.8));
#11071=CARTESIAN_POINT('Ctrl Pts',(-71.0319134884488,5.55111512312578E-16,
5.6));
#11072=CARTESIAN_POINT('Ctrl Pts',(-71.0319134884488,5.55111512312578E-16,
6.4));
#11073=CARTESIAN_POINT('Ctrl Pts',(-70.85,5.55111512312578E-16,4.));
#11074=CARTESIAN_POINT('Ctrl Pts',(-70.85,5.55111512312578E-16,4.8));
#11075=CARTESIAN_POINT('Ctrl Pts',(-70.85,5.55111512312578E-16,5.6));
#11076=CARTESIAN_POINT('Ctrl Pts',(-70.85,5.55111512312578E-16,6.4));
#11077=CARTESIAN_POINT('Ctrl Pts',(-71.6,0.750000000000001,6.4));
#11078=CARTESIAN_POINT('Ctrl Pts',(-71.6,0.750000000000001,5.6));
#11079=CARTESIAN_POINT('Ctrl Pts',(-71.6,0.750000000000001,4.8));
#11080=CARTESIAN_POINT('Ctrl Pts',(-71.6,0.750000000000001,4.));
#11081=CARTESIAN_POINT('Ctrl Pts',(67.65,5.55111512312578E-16,4.));
#11082=CARTESIAN_POINT('Ctrl Pts',(67.65,5.55111512312578E-16,4.8));
#11083=CARTESIAN_POINT('Ctrl Pts',(67.65,5.55111512312578E-16,5.6));
#11084=CARTESIAN_POINT('Ctrl Pts',(67.65,5.55111512312578E-16,6.4));
#11085=CARTESIAN_POINT('Ctrl Pts',(67.7712756589658,5.55111512312578E-16,
4.));
#11086=CARTESIAN_POINT('Ctrl Pts',(67.7712756589658,5.55111512312578E-16,
4.8));
#11087=CARTESIAN_POINT('Ctrl Pts',(67.7712756589658,5.55111512312578E-16,
5.6));
#11088=CARTESIAN_POINT('Ctrl Pts',(67.7712756589658,5.55111512312578E-16,
6.4));
#11089=CARTESIAN_POINT('Ctrl Pts',(68.0061295320066,0.0417442381278314,
4.));
#11090=CARTESIAN_POINT('Ctrl Pts',(68.0061295320066,0.0417442381278314,
4.8));
#11091=CARTESIAN_POINT('Ctrl Pts',(68.0061295320066,0.0417442381278314,
5.6));
#11092=CARTESIAN_POINT('Ctrl Pts',(68.0061295320066,0.0417442381278314,
6.4));
#11093=CARTESIAN_POINT('Ctrl Pts',(68.318289048722,0.279377368702722,4.));
#11094=CARTESIAN_POINT('Ctrl Pts',(68.318289048722,0.279377368702722,4.8));
#11095=CARTESIAN_POINT('Ctrl Pts',(68.318289048722,0.279377368702722,5.6));
#11096=CARTESIAN_POINT('Ctrl Pts',(68.318289048722,0.279377368702722,6.4));
#11097=CARTESIAN_POINT('Ctrl Pts',(68.4,0.568086511551236,4.));
#11098=CARTESIAN_POINT('Ctrl Pts',(68.4,0.568086511551236,4.8));
#11099=CARTESIAN_POINT('Ctrl Pts',(68.4,0.568086511551236,5.6));
#11100=CARTESIAN_POINT('Ctrl Pts',(68.4,0.568086511551236,6.4));
#11101=CARTESIAN_POINT('Ctrl Pts',(68.4,0.750000000000001,4.));
#11102=CARTESIAN_POINT('Ctrl Pts',(68.4,0.750000000000001,4.8));
#11103=CARTESIAN_POINT('Ctrl Pts',(68.4,0.750000000000001,5.6));
#11104=CARTESIAN_POINT('Ctrl Pts',(68.4,0.750000000000001,6.4));
#11105=CARTESIAN_POINT('Ctrl Pts',(67.65,5.55111512312578E-16,6.4));
#11106=CARTESIAN_POINT('Ctrl Pts',(67.65,5.55111512312578E-16,5.6));
#11107=CARTESIAN_POINT('Ctrl Pts',(67.65,5.55111512312578E-16,4.8));
#11108=CARTESIAN_POINT('Ctrl Pts',(67.65,5.55111512312578E-16,4.));
#11109=CARTESIAN_POINT('Ctrl Pts',(68.4,0.750000000000001,4.));
#11110=CARTESIAN_POINT('Ctrl Pts',(68.4,0.750000000000001,4.8));
#11111=CARTESIAN_POINT('Ctrl Pts',(68.4,0.750000000000001,5.6));
#11112=CARTESIAN_POINT('Ctrl Pts',(68.4,0.750000000000001,6.4));
#11113=CARTESIAN_POINT('Origin',(68.4,0.,4.));
#11114=CARTESIAN_POINT('Ctrl Pts',(68.4,4.,4.));
#11115=CARTESIAN_POINT('Ctrl Pts',(68.4,4.,4.4));
#11116=CARTESIAN_POINT('Ctrl Pts',(68.4,4.,4.8));
#11117=CARTESIAN_POINT('Ctrl Pts',(68.4,4.,5.6));
#11118=CARTESIAN_POINT('Ctrl Pts',(68.4,4.,6.));
#11119=CARTESIAN_POINT('Ctrl Pts',(68.4,4.,6.4));
#11120=CARTESIAN_POINT('Ctrl Pts',(-70.0000000022938,-0.4500000022938,-5.55111512312578E-16));
#11121=CARTESIAN_POINT('Ctrl Pts',(-70.0000000022938,-0.4500000022938,1.33333333333333));
#11122=CARTESIAN_POINT('Ctrl Pts',(-70.0000000022938,-0.4500000022938,2.66666666666667));
#11123=CARTESIAN_POINT('Ctrl Pts',(-70.0000000022938,-0.4500000022938,4.));
#11124=CARTESIAN_POINT('Ctrl Pts',(-69.9964295382263,-0.446429538226275,
-5.55111512312578E-16));
#11125=CARTESIAN_POINT('Ctrl Pts',(-69.9964295382263,-0.446429538226275,
1.33333333333333));
#11126=CARTESIAN_POINT('Ctrl Pts',(-69.9964295382263,-0.446429538226275,
2.66666666666667));
#11127=CARTESIAN_POINT('Ctrl Pts',(-69.9964295382263,-0.446429538226275,
4.));
#11128=CARTESIAN_POINT('Ctrl Pts',(-69.8258310725094,-0.275254242763906,
-5.55111512312578E-16));
#11129=CARTESIAN_POINT('Ctrl Pts',(-69.8258310725094,-0.275254242763906,
1.33333333333333));
#11130=CARTESIAN_POINT('Ctrl Pts',(-69.8258310725094,-0.275254242763906,
2.66666666666666));
#11131=CARTESIAN_POINT('Ctrl Pts',(-69.8258310725094,-0.275254242763906,
4.));
#11132=CARTESIAN_POINT('Ctrl Pts',(-69.6140259589919,-0.0848635438063333,
-5.55111512312578E-16));
#11133=CARTESIAN_POINT('Ctrl Pts',(-69.6140259589919,-0.0848635438063333,
1.33333333333333));
#11134=CARTESIAN_POINT('Ctrl Pts',(-69.6140259589919,-0.0848635438063333,
2.66666666666667));
#11135=CARTESIAN_POINT('Ctrl Pts',(-69.6140259589919,-0.0848635438063333,
4.));
#11136=CARTESIAN_POINT('Ctrl Pts',(-69.2541213034334,-0.00129517349310881,
-5.55111512312578E-16));
#11137=CARTESIAN_POINT('Ctrl Pts',(-69.2541213034334,-0.00129517349310881,
1.33333333333333));
#11138=CARTESIAN_POINT('Ctrl Pts',(-69.2541213034334,-0.00129517349310881,
2.66666666666667));
#11139=CARTESIAN_POINT('Ctrl Pts',(-69.2541213034334,-0.00129517349310881,
4.));
#11140=CARTESIAN_POINT('Ctrl Pts',(-69.0465451218226,-6.01370805005293E-15,
-5.55111512312578E-16));
#11141=CARTESIAN_POINT('Ctrl Pts',(-69.0465451218226,-6.01370805005293E-15,
1.33333333333333));
#11142=CARTESIAN_POINT('Ctrl Pts',(-69.0465451218226,-6.01370805005293E-15,
2.66666666666667));
#11143=CARTESIAN_POINT('Ctrl Pts',(-69.0465451218226,-6.01370805005293E-15,
4.));
#11144=CARTESIAN_POINT('Ctrl Pts',(-68.9286796564404,-7.35522753814166E-15,
-5.55111512312578E-16));
#11145=CARTESIAN_POINT('Ctrl Pts',(-68.9286796564404,-7.35522753814166E-15,
1.33333333333333));
#11146=CARTESIAN_POINT('Ctrl Pts',(-68.9286796564404,-7.35522753814166E-15,
2.66666666666667));
#11147=CARTESIAN_POINT('Ctrl Pts',(-68.9286796564404,-7.35522753814166E-15,
4.));
#11148=CARTESIAN_POINT('',(-68.9286796564404,-1.11022302462516E-15,2.));
#11149=CARTESIAN_POINT('Ctrl Pts',(70.0000000022938,0.450000002293806,-5.55111512312578E-16));
#11150=CARTESIAN_POINT('Ctrl Pts',(70.0000000022938,0.450000002293806,1.33333333333333));
#11151=CARTESIAN_POINT('Ctrl Pts',(70.0000000022938,0.450000002293806,2.66666666666667));
#11152=CARTESIAN_POINT('Ctrl Pts',(70.0000000022938,0.450000002293806,4.));
#11153=CARTESIAN_POINT('Ctrl Pts',(69.9964295382263,0.446429538226273,-5.55111512312578E-16));
#11154=CARTESIAN_POINT('Ctrl Pts',(69.9964295382263,0.446429538226273,1.33333333333333));
#11155=CARTESIAN_POINT('Ctrl Pts',(69.9964295382263,0.446429538226273,2.66666666666667));
#11156=CARTESIAN_POINT('Ctrl Pts',(69.9964295382263,0.446429538226273,4.));
#11157=CARTESIAN_POINT('Ctrl Pts',(69.8258310725094,0.275254242763897,-5.55111512312578E-16));
#11158=CARTESIAN_POINT('Ctrl Pts',(69.8258310725094,0.275254242763897,1.33333333333334));
#11159=CARTESIAN_POINT('Ctrl Pts',(69.8258310725094,0.275254242763897,2.66666666666666));
#11160=CARTESIAN_POINT('Ctrl Pts',(69.8258310725094,0.275254242763897,4.));
#11161=CARTESIAN_POINT('Ctrl Pts',(69.6140259589919,0.0848635438063235,
-5.55111512312578E-16));
#11162=CARTESIAN_POINT('Ctrl Pts',(69.6140259589919,0.0848635438063235,
1.33333333333333));
#11163=CARTESIAN_POINT('Ctrl Pts',(69.6140259589919,0.0848635438063235,
2.66666666666667));
#11164=CARTESIAN_POINT('Ctrl Pts',(69.6140259589919,0.0848635438063235,
4.));
#11165=CARTESIAN_POINT('Ctrl Pts',(69.2541213034334,0.00129517349310079,
-5.55111512312578E-16));
#11166=CARTESIAN_POINT('Ctrl Pts',(69.2541213034334,0.00129517349310079,
1.33333333333334));
#11167=CARTESIAN_POINT('Ctrl Pts',(69.2541213034334,0.00129517349310079,
2.66666666666666));
#11168=CARTESIAN_POINT('Ctrl Pts',(69.2541213034334,0.00129517349310079,
4.));
#11169=CARTESIAN_POINT('Ctrl Pts',(69.0465451218226,-4.44089209850063E-15,
-5.55111512312578E-16));
#11170=CARTESIAN_POINT('Ctrl Pts',(69.0465451218226,-4.44089209850063E-15,
1.33333333333333));
#11171=CARTESIAN_POINT('Ctrl Pts',(69.0465451218226,-4.44089209850063E-15,
2.66666666666667));
#11172=CARTESIAN_POINT('Ctrl Pts',(69.0465451218226,-4.44089209850063E-15,
4.));
#11173=CARTESIAN_POINT('Ctrl Pts',(68.9286796564404,-4.9960036108132E-15,
-5.55111512312578E-16));
#11174=CARTESIAN_POINT('Ctrl Pts',(68.9286796564404,-4.9960036108132E-15,
1.33333333333333));
#11175=CARTESIAN_POINT('Ctrl Pts',(68.9286796564404,-4.9960036108132E-15,
2.66666666666667));
#11176=CARTESIAN_POINT('Ctrl Pts',(68.9286796564404,-4.9960036108132E-15,
4.));
#11177=CARTESIAN_POINT('',(68.9286796564404,5.55111512312578E-16,2.));
#11178=CARTESIAN_POINT('Origin',(66.8,5.55111512312578E-16,0.));
#11179=CARTESIAN_POINT('',(66.8,5.55111512312578E-16,0.));
#11180=CARTESIAN_POINT('Origin',(-66.8,-8.32667268468867E-16,0.));
#11181=CARTESIAN_POINT('',(-66.8,-8.32667268468867E-16,0.));
#11182=CARTESIAN_POINT('Ctrl Pts',(-71.5999999990777,4.00000000092233,4.));
#11183=CARTESIAN_POINT('Ctrl Pts',(-71.5999999990777,4.00000000092233,4.8));
#11184=CARTESIAN_POINT('Ctrl Pts',(-71.5999999990777,4.00000000092233,5.6));
#11185=CARTESIAN_POINT('Ctrl Pts',(-71.5999999990777,4.00000000092233,6.4));
#11186=CARTESIAN_POINT('Ctrl Pts',(-71.6035704626837,3.99642953731633,4.));
#11187=CARTESIAN_POINT('Ctrl Pts',(-71.6035704626837,3.99642953731633,4.8));
#11188=CARTESIAN_POINT('Ctrl Pts',(-71.6035704626837,3.99642953731633,5.6));
#11189=CARTESIAN_POINT('Ctrl Pts',(-71.6035704626837,3.99642953731633,6.4));
#11190=CARTESIAN_POINT('Ctrl Pts',(-71.7741727799969,3.82525538237469,4.));
#11191=CARTESIAN_POINT('Ctrl Pts',(-71.7741727799969,3.82525538237469,4.8));
#11192=CARTESIAN_POINT('Ctrl Pts',(-71.7741727799969,3.82525538237469,5.6));
#11193=CARTESIAN_POINT('Ctrl Pts',(-71.7741727799969,3.82525538237469,6.4));
#11194=CARTESIAN_POINT('Ctrl Pts',(-71.986001608431,3.63487192877147,4.));
#11195=CARTESIAN_POINT('Ctrl Pts',(-71.986001608431,3.63487192877147,4.8));
#11196=CARTESIAN_POINT('Ctrl Pts',(-71.986001608431,3.63487192877147,5.6));
#11197=CARTESIAN_POINT('Ctrl Pts',(-71.986001608431,3.63487192877147,6.4));
#11198=CARTESIAN_POINT('Ctrl Pts',(-72.3458870159478,3.55129788903159,4.));
#11199=CARTESIAN_POINT('Ctrl Pts',(-72.3458870159478,3.55129788903159,4.8));
#11200=CARTESIAN_POINT('Ctrl Pts',(-72.3458870159478,3.55129788903159,5.6));
#11201=CARTESIAN_POINT('Ctrl Pts',(-72.3458870159478,3.55129788903159,6.4));
#11202=CARTESIAN_POINT('Ctrl Pts',(-72.5534548781774,3.55,4.));
#11203=CARTESIAN_POINT('Ctrl Pts',(-72.5534548781774,3.55,4.8));
#11204=CARTESIAN_POINT('Ctrl Pts',(-72.5534548781774,3.55,5.6));
#11205=CARTESIAN_POINT('Ctrl Pts',(-72.5534548781774,3.55,6.4));
#11206=CARTESIAN_POINT('Ctrl Pts',(-72.6713203435596,3.55,4.));
#11207=CARTESIAN_POINT('Ctrl Pts',(-72.6713203435596,3.55,4.8));
#11208=CARTESIAN_POINT('Ctrl Pts',(-72.6713203435596,3.55,5.6));
#11209=CARTESIAN_POINT('Ctrl Pts',(-72.6713203435596,3.55,6.4));
#11210=CARTESIAN_POINT('Ctrl Pts',(-71.6,4.,6.4));
#11211=CARTESIAN_POINT('Ctrl Pts',(-71.6,4.,6.));
#11212=CARTESIAN_POINT('Ctrl Pts',(-71.6,4.,5.6));
#11213=CARTESIAN_POINT('Ctrl Pts',(-71.6,4.,4.8));
#11214=CARTESIAN_POINT('Ctrl Pts',(-71.6,4.,4.4));
#11215=CARTESIAN_POINT('Ctrl Pts',(-71.6,4.,4.));
#11216=CARTESIAN_POINT('',(-72.6713203435596,3.55,4.));
#11217=CARTESIAN_POINT('Origin',(-71.6,4.,4.));
#11218=CARTESIAN_POINT('Ctrl Pts',(69.4713203435596,3.55,4.));
#11219=CARTESIAN_POINT('Ctrl Pts',(69.4713203435596,3.55,4.8));
#11220=CARTESIAN_POINT('Ctrl Pts',(69.4713203435596,3.55,5.6));
#11221=CARTESIAN_POINT('Ctrl Pts',(69.4713203435596,3.55,6.4));
#11222=CARTESIAN_POINT('Ctrl Pts',(69.2355894127951,3.55,4.));
#11223=CARTESIAN_POINT('Ctrl Pts',(69.2355894127951,3.55,4.8));
#11224=CARTESIAN_POINT('Ctrl Pts',(69.2355894127951,3.55,5.6));
#11225=CARTESIAN_POINT('Ctrl Pts',(69.2355894127951,3.55,6.4));
#11226=CARTESIAN_POINT('Ctrl Pts',(68.9552552832635,3.56478794722077,4.));
#11227=CARTESIAN_POINT('Ctrl Pts',(68.9552552832635,3.56478794722077,4.8));
#11228=CARTESIAN_POINT('Ctrl Pts',(68.9552552832635,3.56478794722077,5.59999999999999));
#11229=CARTESIAN_POINT('Ctrl Pts',(68.9552552832635,3.56478794722077,6.4));
#11230=CARTESIAN_POINT('Ctrl Pts',(68.641668452514,3.76018602122646,4.));
#11231=CARTESIAN_POINT('Ctrl Pts',(68.641668452514,3.76018602122646,4.8));
#11232=CARTESIAN_POINT('Ctrl Pts',(68.641668452514,3.76018602122646,5.6));
#11233=CARTESIAN_POINT('Ctrl Pts',(68.641668452514,3.76018602122646,6.4));
#11234=CARTESIAN_POINT('Ctrl Pts',(68.490871558288,3.90910896696788,4.));
#11235=CARTESIAN_POINT('Ctrl Pts',(68.490871558288,3.90910896696788,4.8));
#11236=CARTESIAN_POINT('Ctrl Pts',(68.490871558288,3.90910896696788,5.59999999999999));
#11237=CARTESIAN_POINT('Ctrl Pts',(68.490871558288,3.90910896696788,6.4));
#11238=CARTESIAN_POINT('Ctrl Pts',(68.4035704617737,3.99642953822629,4.));
#11239=CARTESIAN_POINT('Ctrl Pts',(68.4035704617737,3.99642953822629,4.8));
#11240=CARTESIAN_POINT('Ctrl Pts',(68.4035704617737,3.99642953822629,5.6));
#11241=CARTESIAN_POINT('Ctrl Pts',(68.4035704617737,3.99642953822629,6.4));
#11242=CARTESIAN_POINT('Ctrl Pts',(68.3999999977062,4.00000000229381,4.));
#11243=CARTESIAN_POINT('Ctrl Pts',(68.3999999977062,4.00000000229381,4.8));
#11244=CARTESIAN_POINT('Ctrl Pts',(68.3999999977062,4.00000000229381,5.6));
#11245=CARTESIAN_POINT('Ctrl Pts',(68.3999999977062,4.00000000229381,6.4));
#11246=CARTESIAN_POINT('Origin',(-73.2,3.55,4.));
#11247=CARTESIAN_POINT('Origin',(61.9388550673096,2.59999999999915,3.59341666454143));
#11248=CARTESIAN_POINT('',(59.4572245071475,2.61626847137706,2.16064659260261));
#11249=CARTESIAN_POINT('',(63.8978871590548,1.92576534171982,4.72446437006165));
#11250=CARTESIAN_POINT('Origin',(70.,4.,4.));
#11251=CARTESIAN_POINT('Origin',(55.5736666581657,4.,0.));
#11252=CARTESIAN_POINT('',(55.5736666581657,4.,0.));
#11253=CARTESIAN_POINT('Origin',(55.5736666581657,-4.,0.));
#11254=CARTESIAN_POINT('Origin',(44.7057272657723,4.,0.));
#11255=CARTESIAN_POINT('Origin',(66.8,4.,0.));
#11256=CARTESIAN_POINT('',(66.8,0.89172769021663,0.));
#11257=CARTESIAN_POINT('Origin',(66.8,0.89172769021663,0.));
#11258=CARTESIAN_POINT('Origin',(-26.6777878733788,4.,0.));
#11259=CARTESIAN_POINT('Origin',(53.5457272657723,4.,0.));
#11260=CARTESIAN_POINT('Origin',(24.6498484809849,4.,0.));
#11261=CARTESIAN_POINT('Origin',(-35.5177878733788,4.,0.));
#11262=CARTESIAN_POINT('Origin',(33.4898484809852,4.,0.));
#11263=CARTESIAN_POINT('Origin',(-55.5736666581657,-4.,0.));
#11264=CARTESIAN_POINT('Origin',(-6.62190908859184,4.,0.));
#11265=CARTESIAN_POINT('Origin',(-15.4619090885919,4.,0.));
#11266=CARTESIAN_POINT('Origin',(13.4339696961979,4.,0.));
#11267=CARTESIAN_POINT('Origin',(-46.7336666581657,4.,0.));
#11268=CARTESIAN_POINT('Origin',(-58.0763747332957,-4.,0.));
#11269=CARTESIAN_POINT('',(-66.8,-4.,0.));
#11270=CARTESIAN_POINT('',(-58.0763747332958,-4.,0.));
#11271=CARTESIAN_POINT('Origin',(-66.8,-0.89172769021661,0.));
#11272=CARTESIAN_POINT('',(-66.8,-0.89172769021661,0.));
#11273=CARTESIAN_POINT('Origin',(-66.8,-4.,0.));
#11274=CARTESIAN_POINT('Origin',(73.2,-5.20000000013738,0.));
#11275=UNCERTAINTY_MEASURE_WITH_UNIT(LENGTH_MEASURE(0.01),#11279,
'DISTANCE_ACCURACY_VALUE',
'Maximum model space distance between geometric entities at asserted c
onnectivities');
#11276=UNCERTAINTY_MEASURE_WITH_UNIT(LENGTH_MEASURE(0.01),#11279,
'DISTANCE_ACCURACY_VALUE',
'Maximum model space distance between geometric entities at asserted c
onnectivities');
#11277=(
GEOMETRIC_REPRESENTATION_CONTEXT(3)
GLOBAL_UNCERTAINTY_ASSIGNED_CONTEXT((#11275))
GLOBAL_UNIT_ASSIGNED_CONTEXT((#11279,#11281,#11282))
REPRESENTATION_CONTEXT('','3D')
);
#11278=(
GEOMETRIC_REPRESENTATION_CONTEXT(3)
GLOBAL_UNCERTAINTY_ASSIGNED_CONTEXT((#11276))
GLOBAL_UNIT_ASSIGNED_CONTEXT((#11279,#11281,#11282))
REPRESENTATION_CONTEXT('','3D')
);
#11279=(
LENGTH_UNIT()
NAMED_UNIT(*)
SI_UNIT(.MILLI.,.METRE.)
);
#11280=(
LENGTH_UNIT()
NAMED_UNIT(*)
SI_UNIT($,.METRE.)
);
#11281=(
NAMED_UNIT(*)
PLANE_ANGLE_UNIT()
SI_UNIT($,.RADIAN.)
);
#11282=(
NAMED_UNIT(*)
SI_UNIT($,.STERADIAN.)
SOLID_ANGLE_UNIT()
);
#11283=SHAPE_DEFINITION_REPRESENTATION(#11284,#11285);
#11284=PRODUCT_DEFINITION_SHAPE('',$,#11287);
#11285=SHAPE_REPRESENTATION('',(#6057),#11277);
#11286=PRODUCT_DEFINITION_CONTEXT('part definition',#11291,'design');
#11287=PRODUCT_DEFINITION('Truss Calibrator Dual',
'Truss Calibrator Dual v5',#11288,#11286);
#11288=PRODUCT_DEFINITION_FORMATION('',$,#11293);
#11289=PRODUCT_RELATED_PRODUCT_CATEGORY('Truss Calibrator Dual v5',
'Truss Calibrator Dual v5',(#11293));
#11290=APPLICATION_PROTOCOL_DEFINITION('international standard',
'automotive_design',2009,#11291);
#11291=APPLICATION_CONTEXT(
'Core Data for Automotive Mechanical Design Process');
#11292=PRODUCT_CONTEXT('part definition',#11291,'mechanical');
#11293=PRODUCT('Truss Calibrator Dual','Truss Calibrator Dual v5',$,(#11292));
#11294=PRESENTATION_STYLE_ASSIGNMENT((#11295));
#11295=SURFACE_STYLE_USAGE(.BOTH.,#11296);
#11296=SURFACE_SIDE_STYLE('',(#11297));
#11297=SURFACE_STYLE_FILL_AREA(#11298);
#11298=FILL_AREA_STYLE('Aluminum - Bead Blasted',(#11299));
#11299=FILL_AREA_STYLE_COLOUR('Aluminum - Bead Blasted',#11300);
#11300=COLOUR_RGB('Aluminum - Bead Blasted',0.96078431372549,0.96078431372549,
0.964705882352941);
ENDSEC;
END-ISO-10303-21;
