ISO-10303-21;
HEADER;
/* Generated by software containing ST-Developer
 * from STEP Tools, Inc. (www.steptools.com) 
 */

FILE_DESCRIPTION(
/* description */ (''),
/* implementation_level */ '2;1');

FILE_NAME(
/* name */ 'Truss Calibrator Single.step',
/* time_stamp */ '2026-01-10T07:59:52+09:00',
/* author */ (''),
/* organization */ (''),
/* preprocessor_version */ 'ST-DEVELOPER v20.1',
/* originating_system */ 'Autodesk Translation Framework v14.21.0.0',
/* authorisation */ '');

FILE_SCHEMA (('AUTOMOTIVE_DESIGN { 1 0 10303 214 3 1 1 }'));
ENDSEC;

DATA;
#10=MECHANICAL_DESIGN_GEOMETRIC_PRESENTATION_REPRESENTATION('',(#13),#5074);
#11=SHAPE_REPRESENTATION_RELATIONSHIP('SRR','None',#5081,#12);
#12=ADVANCED_BREP_SHAPE_REPRESENTATION('',(#14),#5073);
#13=STYLED_ITEM('',(#5090),#14);
#14=MANIFOLD_SOLID_BREP('Truss Calibration Beam',#2657);
#15=FACE_BOUND('',#267,.T.);
#16=FACE_BOUND('',#273,.T.);
#17=FACE_BOUND('',#274,.T.);
#18=FACE_BOUND('',#275,.T.);
#19=FACE_BOUND('',#276,.T.);
#20=FACE_BOUND('',#277,.T.);
#21=FACE_BOUND('',#278,.T.);
#22=FACE_BOUND('',#279,.T.);
#23=FACE_BOUND('',#280,.T.);
#24=FACE_BOUND('',#281,.T.);
#25=FACE_BOUND('',#282,.T.);
#26=FACE_BOUND('',#283,.T.);
#27=FACE_BOUND('',#284,.T.);
#28=FACE_BOUND('',#285,.T.);
#29=FACE_BOUND('',#286,.T.);
#30=FACE_BOUND('',#287,.T.);
#31=FACE_BOUND('',#288,.T.);
#32=FACE_BOUND('',#289,.T.);
#33=FACE_BOUND('',#290,.T.);
#34=FACE_BOUND('',#291,.T.);
#35=FACE_BOUND('',#292,.T.);
#36=FACE_BOUND('',#293,.T.);
#37=FACE_BOUND('',#294,.T.);
#38=FACE_BOUND('',#295,.T.);
#39=FACE_BOUND('',#296,.T.);
#40=FACE_BOUND('',#297,.T.);
#41=FACE_BOUND('',#298,.T.);
#42=B_SPLINE_CURVE_WITH_KNOTS('',3,(#3341,#3342,#3343,#3344),
 .UNSPECIFIED.,.F.,.F.,(4,4),(0.0203248557872772,0.612575862213493),
 .UNSPECIFIED.);
#43=B_SPLINE_CURVE_WITH_KNOTS('',3,(#3346,#3347,#3348,#3349,#3350,#3351,
#3352,#3353,#3354,#3355,#3356,#3357,#3358,#3359,#3360,#3361,#3362,#3363,
#3364,#3365,#3366,#3367,#3368,#3369,#3370,#3371,#3372,#3373,#3374,#3375,
#3376,#3377,#3378,#3379,#3380,#3381,#3382,#3383,#3384,#3385,#3386,#3387,
#3388,#3389,#3390,#3391),.UNSPECIFIED.,.F.,.F.,(4,3,3,3,3,3,3,3,3,3,3,3,
3,3,3,4),(0.,0.0086449623390508,0.017492349977806,0.0263288802330479,0.0289354828773807,
0.0368430486875938,0.041728346809566,0.050094438397863,0.0511797950934953,
0.0597285040487158,0.0682772130039362,0.0706573237279001,0.0790154007354291,
0.0826178545905018,0.0916603682698283,0.0948614698531814),.UNSPECIFIED.);
#44=B_SPLINE_CURVE_WITH_KNOTS('',3,(#3393,#3394,#3395,#3396),
 .UNSPECIFIED.,.F.,.F.,(4,4),(-0.640000000000001,-0.0400000000000002),
 .UNSPECIFIED.);
#45=B_SPLINE_CURVE_WITH_KNOTS('',3,(#3397,#3398,#3399,#3400,#3401,#3402,
#3403,#3404,#3405,#3406,#3407,#3408,#3409,#3410,#3411,#3412,#3413,#3414,
#3415,#3416,#3417,#3418,#3419,#3420,#3421,#3422,#3423,#3424,#3425,#3426,
#3427,#3428,#3429,#3430,#3431,#3432,#3433,#3434,#3435,#3436,#3437,#3438,
#3439,#3440,#3441,#3442,#3443,#3444,#3445),.UNSPECIFIED.,.F.,.F.,(4,3,3,
3,3,3,3,3,3,3,3,3,3,3,3,3,4),(0.,0.00751493885902523,0.0145154473815253,
0.0202732084243532,0.0224154840637906,0.0292350318033619,0.0359194326184916,
0.0369778693196504,0.0438474684373054,0.0442554490921598,0.050802784384176,
0.0534381971138901,0.0604820116595985,0.0659795886162837,0.0740892355947384,
0.0791135605167953,0.0795154944750443),.UNSPECIFIED.);
#46=B_SPLINE_CURVE_WITH_KNOTS('',3,(#3449,#3450,#3451,#3452),
 .UNSPECIFIED.,.F.,.F.,(4,4),(0.0474999999999998,0.0762436867076474),
 .UNSPECIFIED.);
#47=B_SPLINE_CURVE_WITH_KNOTS('',3,(#3586,#3587,#3588,#3589),
 .UNSPECIFIED.,.F.,.F.,(4,4),(-7.19645194750443E-17,0.24),.UNSPECIFIED.);
#48=B_SPLINE_CURVE_WITH_KNOTS('',3,(#3593,#3594,#3595,#3596),
 .UNSPECIFIED.,.F.,.F.,(4,4),(0.,0.4),.UNSPECIFIED.);
#49=B_SPLINE_CURVE_WITH_KNOTS('',3,(#3600,#3601,#3602,#3603),
 .UNSPECIFIED.,.F.,.F.,(4,4),(-0.64,5.55111512312578E-17),.UNSPECIFIED.);
#50=B_SPLINE_CURVE_WITH_KNOTS('',3,(#3635,#3636,#3637,#3638,#3639,#3640,
#3641,#3642,#3643,#3644),.UNSPECIFIED.,.F.,.F.,(4,3,3,4),(0.,0.0327438500309172,
0.0545730833848621,0.0764023167388069),.UNSPECIFIED.);
#51=B_SPLINE_CURVE_WITH_KNOTS('',3,(#3646,#3647,#3648,#3649),
 .UNSPECIFIED.,.F.,.F.,(4,4),(-0.24,2.88282125410867E-16),.UNSPECIFIED.);
#52=B_SPLINE_CURVE_WITH_KNOTS('',3,(#3651,#3652,#3653,#3654,#3655,#3656,
#3657,#3658,#3659,#3660),.UNSPECIFIED.,.F.,.F.,(4,3,3,4),(0.,0.0327438500309172,
0.0545730833848621,0.0764023167388069),.UNSPECIFIED.);
#53=B_SPLINE_CURVE_WITH_KNOTS('',3,(#3661,#3662,#3663,#3664),
 .UNSPECIFIED.,.F.,.F.,(4,4),(-2.88282125410867E-16,0.24),.UNSPECIFIED.);
#54=B_SPLINE_CURVE_WITH_KNOTS('',3,(#3669,#3670,#3671,#3672),
 .UNSPECIFIED.,.F.,.F.,(4,4),(-1.70247797643209E-16,0.24),.UNSPECIFIED.);
#55=B_SPLINE_CURVE_WITH_KNOTS('',3,(#3678,#3679,#3680,#3681,#3682,#3683,
#3684,#3685,#3686,#3687),.UNSPECIFIED.,.F.,.F.,(4,3,3,4),(0.,0.0327438500309252,
0.0545730833848753,0.0764023167388254),.UNSPECIFIED.);
#56=B_SPLINE_CURVE_WITH_KNOTS('',3,(#3691,#3692,#3693,#3694,#3695,#3696,
#3697,#3698,#3699,#3700),.UNSPECIFIED.,.F.,.F.,(4,3,3,4),(0.,0.0327438500309304,
0.0545730833848841,0.0764023167388377),.UNSPECIFIED.);
#57=B_SPLINE_CURVE_WITH_KNOTS('',3,(#3704,#3705,#3706,#3707,#3708,#3709,
#3710,#3711),.UNSPECIFIED.,.F.,.F.,(4,2,2,4),(-0.164859546985607,-0.121055514814049,
-0.0802398736480076,-0.00472728182300168),.UNSPECIFIED.);
#58=B_SPLINE_CURVE_WITH_KNOTS('',3,(#3714,#3715,#3716,#3717,#3718,#3719,
#3720,#3721,#3722,#3723),.UNSPECIFIED.,.F.,.F.,(4,3,3,4),(0.,0.051700815838362,
0.08616802639727,0.120635236956178),.UNSPECIFIED.);
#59=B_SPLINE_CURVE_WITH_KNOTS('',3,(#3749,#3750,#3751,#3752),
 .UNSPECIFIED.,.F.,.F.,(4,4),(-0.24,1.90647565081369E-16),.UNSPECIFIED.);
#60=B_SPLINE_CURVE_WITH_KNOTS('',3,(#3754,#3755,#3756,#3757,#3758,#3759,
#3760,#3761,#3762,#3763),.UNSPECIFIED.,.F.,.F.,(4,3,3,4),(0.,0.0327438500309304,
0.0545730833848841,0.0764023167388377),.UNSPECIFIED.);
#61=B_SPLINE_CURVE_WITH_KNOTS('',3,(#3764,#3765,#3766,#3767),
 .UNSPECIFIED.,.F.,.F.,(4,4),(-1.90647565081369E-16,0.24),.UNSPECIFIED.);
#62=B_SPLINE_CURVE_WITH_KNOTS('',3,(#3772,#3773,#3774,#3775),
 .UNSPECIFIED.,.F.,.F.,(4,4),(-5.55111512312578E-17,0.64),.UNSPECIFIED.);
#63=B_SPLINE_CURVE_WITH_KNOTS('',3,(#3778,#3779,#3780,#3781),
 .UNSPECIFIED.,.F.,.F.,(4,4),(-0.4,0.),.UNSPECIFIED.);
#64=B_SPLINE_CURVE_WITH_KNOTS('',3,(#3808,#3809,#3810,#3811,#3812,#3813,
#3814,#3815,#3816,#3817),.UNSPECIFIED.,.F.,.F.,(4,3,3,4),(0.,0.0327438500309199,
0.0545730833848664,0.076402316738813),.UNSPECIFIED.);
#65=B_SPLINE_CURVE_WITH_KNOTS('',3,(#3819,#3820,#3821,#3822),
 .UNSPECIFIED.,.F.,.F.,(4,4),(-0.24,8.87452344942174E-17),.UNSPECIFIED.);
#66=B_SPLINE_CURVE_WITH_KNOTS('',3,(#3824,#3825,#3826,#3827,#3828,#3829,
#3830,#3831,#3832,#3833),.UNSPECIFIED.,.F.,.F.,(4,3,3,4),(0.,0.0327438500309199,
0.0545730833848664,0.076402316738813),.UNSPECIFIED.);
#67=B_SPLINE_CURVE_WITH_KNOTS('',3,(#3834,#3835,#3836,#3837),
 .UNSPECIFIED.,.F.,.F.,(4,4),(-8.87452344942174E-17,0.24),.UNSPECIFIED.);
#68=B_SPLINE_CURVE_WITH_KNOTS('',3,(#3847,#3848,#3849,#3850,#3851,#3852,
#3853,#3854,#3855,#3856),.UNSPECIFIED.,.F.,.F.,(4,3,3,4),(0.,0.0327438500309351,
0.0545730833848919,0.0764023167388486),.UNSPECIFIED.);
#69=B_SPLINE_CURVE_WITH_KNOTS('',3,(#3864,#3865,#3866,#3867,#3868,#3869,
#3870,#3871,#3872,#3873),.UNSPECIFIED.,.F.,.F.,(4,3,3,4),(0.,0.051700815838335,
0.086168026397225,0.120635236956115),.UNSPECIFIED.);
#70=B_SPLINE_CURVE_WITH_KNOTS('',3,(#3878,#3879,#3880,#3881,#3882,#3883,
#3884,#3885,#3886,#3887),.UNSPECIFIED.,.F.,.F.,(4,3,3,4),(0.,0.0642181564366925,
0.0963272346550387,0.128436312873385),.UNSPECIFIED.);
#71=B_SPLINE_CURVE_WITH_KNOTS('',3,(#3914,#3915,#3916,#3917,#3918,#3919,
#3920,#3921,#3922,#3923),.UNSPECIFIED.,.F.,.F.,(4,3,3,4),(0.,0.0327438500309479,
0.0545730833849132,0.0764023167388785),.UNSPECIFIED.);
#72=B_SPLINE_CURVE_WITH_KNOTS('',3,(#3925,#3926,#3927,#3928),
 .UNSPECIFIED.,.F.,.F.,(4,4),(-0.4,0.),.UNSPECIFIED.);
#73=B_SPLINE_CURVE_WITH_KNOTS('',3,(#3930,#3931,#3932,#3933,#3934,#3935,
#3936,#3937,#3938,#3939),.UNSPECIFIED.,.F.,.F.,(4,3,3,4),(0.,0.0218292333539877,
0.0436584667079755,0.0764023167389571),.UNSPECIFIED.);
#74=B_SPLINE_CURVE_WITH_KNOTS('',3,(#3940,#3941,#3942,#3943),
 .UNSPECIFIED.,.F.,.F.,(4,4),(0.,0.4),.UNSPECIFIED.);
#75=B_SPLINE_CURVE_WITH_KNOTS('',3,(#3948,#3949,#3950,#3951),
 .UNSPECIFIED.,.F.,.F.,(4,4),(0.,0.4),.UNSPECIFIED.);
#76=B_SPLINE_CURVE_WITH_KNOTS('',3,(#3956,#3957,#3958,#3959,#3960,#3961,
#3962,#3963,#3964,#3965),.UNSPECIFIED.,.F.,.F.,(4,3,3,4),(0.,0.0327438500309286,
0.054573083384881,0.0764023167388334),.UNSPECIFIED.);
#77=B_SPLINE_CURVE_WITH_KNOTS('',3,(#3967,#3968,#3969,#3970,#3971,#3972,
#3973,#3974,#3975,#3976),.UNSPECIFIED.,.F.,.F.,(4,3,3,4),(0.,0.0327438500309351,
0.0545730833848919,0.0764023167388486),.UNSPECIFIED.);
#78=B_SPLINE_CURVE_WITH_KNOTS('',3,(#3979,#3980,#3981,#3982,#3983,#3984,
#3985,#3986),.UNSPECIFIED.,.F.,.F.,(4,2,2,4),(0.,0.0633118849046815,0.0974430408058307,
0.126550485899922),.UNSPECIFIED.);
#79=B_SPLINE_CURVE_WITH_KNOTS('',3,(#3990,#3991,#3992,#3993,#3994,#3995,
#3996,#3997,#3998,#3999),.UNSPECIFIED.,.F.,.F.,(4,3,3,4),(0.,0.051700815838335,
0.086168026397225,0.120635236956115),.UNSPECIFIED.);
#80=B_SPLINE_CURVE_WITH_KNOTS('',3,(#4003,#4004,#4005,#4006,#4007,#4008,
#4009,#4010),.UNSPECIFIED.,.F.,.F.,(4,2,2,4),(0.0047272818230141,0.0802398736480292,
0.121055514814085,0.164859546985658),.UNSPECIFIED.);
#81=B_SPLINE_CURVE_WITH_KNOTS('',3,(#4014,#4015,#4016,#4017,#4018,#4019,
#4020,#4021,#4022,#4023),.UNSPECIFIED.,.F.,.F.,(4,3,3,4),(0.,0.0327438500309401,
0.0545730833849002,0.0764023167388603),.UNSPECIFIED.);
#82=B_SPLINE_CURVE_WITH_KNOTS('',3,(#4031,#4032,#4033,#4034,#4035,#4036,
#4037,#4038),.UNSPECIFIED.,.F.,.F.,(4,2,2,4),(-0.164859546985583,-0.12105551481404,
-0.0802398736480061,-0.00472728182300446),.UNSPECIFIED.);
#83=B_SPLINE_CURVE_WITH_KNOTS('',3,(#4041,#4042,#4043,#4044,#4045,#4046,
#4047,#4048,#4049,#4050),.UNSPECIFIED.,.F.,.F.,(4,3,3,4),(0.,0.051700815838362,
0.08616802639727,0.120635236956178),.UNSPECIFIED.);
#84=B_SPLINE_CURVE_WITH_KNOTS('',3,(#4054,#4055,#4056,#4057,#4058,#4059,
#4060,#4061),.UNSPECIFIED.,.F.,.F.,(4,2,2,4),(-0.164859546985607,-0.121055514814049,
-0.0802398736480076,-0.00472728182300168),.UNSPECIFIED.);
#85=B_SPLINE_CURVE_WITH_KNOTS('',3,(#4063,#4064,#4065,#4066,#4067,#4068,
#4069,#4070,#4071,#4072),.UNSPECIFIED.,.F.,.F.,(4,3,3,4),(0.,0.0327438500309228,
0.0545730833848713,0.0764023167388198),.UNSPECIFIED.);
#86=B_SPLINE_CURVE_WITH_KNOTS('',3,(#4103,#4104,#4105,#4106),
 .UNSPECIFIED.,.F.,.F.,(4,4),(-0.24,7.19645194750443E-17),.UNSPECIFIED.);
#87=B_SPLINE_CURVE_WITH_KNOTS('',3,(#4132,#4133,#4134,#4135),
 .UNSPECIFIED.,.F.,.F.,(4,4),(-0.4,0.),.UNSPECIFIED.);
#88=B_SPLINE_CURVE_WITH_KNOTS('',3,(#4136,#4137,#4138,#4139,#4140,#4141,
#4142,#4143,#4144,#4145),.UNSPECIFIED.,.F.,.F.,(4,3,3,4),(0.,0.0218292333539705,
0.043658466707941,0.0764023167388967),.UNSPECIFIED.);
#89=B_SPLINE_CURVE_WITH_KNOTS('',3,(#4170,#4171,#4172,#4173,#4174,#4175,
#4176,#4177,#4178,#4179),.UNSPECIFIED.,.F.,.F.,(4,3,3,4),(0.,0.0218292333539874,
0.0436584667079748,0.0764023167389559),.UNSPECIFIED.);
#90=B_SPLINE_CURVE_WITH_KNOTS('',3,(#4204,#4205,#4206,#4207,#4208,#4209,
#4210,#4211,#4212,#4213),.UNSPECIFIED.,.F.,.F.,(4,3,3,4),(0.,0.0218292333539427,
0.0436584667078854,0.0764023167387994),.UNSPECIFIED.);
#91=B_SPLINE_CURVE_WITH_KNOTS('',3,(#4328,#4329,#4330,#4331,#4332,#4333,
#4334,#4335),.UNSPECIFIED.,.F.,.F.,(4,2,2,4),(-0.12655048589998,-0.0974430408058521,
-0.0633118849046762,0.),.UNSPECIFIED.);
#92=B_SPLINE_CURVE_WITH_KNOTS('',3,(#4342,#4343,#4344,#4345,#4346,#4347,
#4348,#4349,#4350,#4351,#4352,#4353,#4354,#4355,#4356,#4357,#4358,#4359,
#4360,#4361,#4362,#4363,#4364,#4365,#4366,#4367,#4368,#4369,#4370,#4371,
#4372,#4373,#4374,#4375,#4376,#4377,#4378,#4379,#4380,#4381,#4382,#4383,
#4384,#4385,#4386,#4387),.UNSPECIFIED.,.F.,.F.,(4,3,3,3,3,3,3,3,3,3,3,3,
3,3,3,4),(0.,0.00843784611408629,0.0159354385541032,0.0168756922281726,
0.0229340350468488,0.0299406876563464,0.0327436653036087,0.0401723481885601,
0.0476010310735115,0.0509833235813241,0.0587470081004389,0.0668713325786946,
0.0707171627951086,0.0805517130208334,0.0908535766790501,0.0922865860246707),
 .UNSPECIFIED.);
#93=B_SPLINE_CURVE_WITH_KNOTS('',3,(#4393,#4394,#4395,#4396,#4397,#4398,
#4399,#4400),.UNSPECIFIED.,.F.,.F.,(4,2,2,4),(0.,0.0633118849046795,0.0974430408058421,
0.126550485899942),.UNSPECIFIED.);
#94=B_SPLINE_CURVE_WITH_KNOTS('',3,(#4410,#4411,#4412,#4413,#4414,#4415,
#4416,#4417,#4418,#4419,#4420,#4421,#4422,#4423,#4424,#4425,#4426,#4427,
#4428,#4429,#4430,#4431,#4432,#4433,#4434,#4435,#4436,#4437,#4438,#4439,
#4440,#4441,#4442,#4443,#4444,#4445,#4446,#4447,#4448,#4449,#4450,#4451,
#4452,#4453,#4454,#4455),.UNSPECIFIED.,.F.,.F.,(4,3,3,3,3,3,3,3,3,3,3,3,
3,3,3,4),(0.,0.00843792620237831,0.0159355154997196,0.0168758524047566,
0.022934033210527,0.029940672665069,0.0327424900508737,0.040171751724711,
0.0476010133985484,0.0509792281806559,0.0587426536693109,0.0668667586549907,
0.0707169869302589,0.0805515261341609,0.090853379705429,0.0922865350852074),
 .UNSPECIFIED.);
#95=B_SPLINE_CURVE_WITH_KNOTS('',3,(#4481,#4482,#4483,#4484),
 .UNSPECIFIED.,.F.,.F.,(4,4),(-0.0565685424949229,9.43689570931383E-16),
 .UNSPECIFIED.);
#96=B_SPLINE_CURVE_WITH_KNOTS('',3,(#4510,#4511,#4512,#4513),
 .UNSPECIFIED.,.F.,.F.,(4,4),(0.0203248557872771,0.4),.UNSPECIFIED.);
#97=B_SPLINE_CURVE_WITH_KNOTS('',3,(#4515,#4516,#4517,#4518),
 .UNSPECIFIED.,.F.,.F.,(4,4),(-0.4,-0.0399999999999999),.UNSPECIFIED.);
#98=B_SPLINE_CURVE_WITH_KNOTS('',3,(#4519,#4520,#4521,#4522,#4523,#4524,
#4525,#4526,#4527,#4528,#4529,#4530,#4531,#4532,#4533,#4534,#4535,#4536,
#4537,#4538,#4539,#4540,#4541,#4542,#4543,#4544,#4545,#4546,#4547,#4548,
#4549,#4550,#4551,#4552,#4553,#4554,#4555,#4556,#4557,#4558,#4559,#4560,
#4561,#4562,#4563,#4564,#4565,#4566,#4567),.UNSPECIFIED.,.F.,.F.,(4,3,3,
3,3,3,3,3,3,3,3,3,3,3,3,3,4),(0.,0.00751490790764599,0.0145153622397196,
0.0202737810774253,0.0224154924147598,0.0292350268745742,0.0359194143950803,
0.0369785584385427,0.0438481531760338,0.0442554523517446,0.0508027077772754,
0.0534361913639205,0.0604798670665216,0.0659786753983484,0.074088149269858,
0.0791116691933677,0.0795154894022424),.UNSPECIFIED.);
#99=B_SPLINE_CURVE_WITH_KNOTS('',3,(#4592,#4593,#4594,#4595),
 .UNSPECIFIED.,.F.,.F.,(4,4),(-0.0565685424949236,1.29887708689696E-16),
 .UNSPECIFIED.);
#100=B_SPLINE_CURVE_WITH_KNOTS('',3,(#4596,#4597,#4598,#4599),
 .UNSPECIFIED.,.F.,.F.,(4,4),(0.0475000000000006,0.0762436867076473),
 .UNSPECIFIED.);
#101=B_SPLINE_CURVE_WITH_KNOTS('',3,(#4688,#4689,#4690,#4691),
 .UNSPECIFIED.,.F.,.F.,(4,4),(0.44,0.48),.UNSPECIFIED.);
#102=B_SPLINE_CURVE_WITH_KNOTS('',3,(#4693,#4694,#4695,#4696,#4697,#4698),
 .UNSPECIFIED.,.F.,.F.,(4,2,4),(0.0799999999999999,0.28,0.44),
 .UNSPECIFIED.);
#103=B_SPLINE_CURVE_WITH_KNOTS('',3,(#4704,#4705,#4706,#4707),
 .UNSPECIFIED.,.F.,.F.,(4,4),(0.44,0.48),.UNSPECIFIED.);
#104=B_SPLINE_CURVE_WITH_KNOTS('',3,(#4709,#4710,#4711,#4712,#4713,#4714),
 .UNSPECIFIED.,.F.,.F.,(4,2,4),(0.0799999999999999,0.28,0.44),
 .UNSPECIFIED.);
#105=B_SPLINE_CURVE_WITH_KNOTS('',3,(#4871,#4872,#4873,#4874),
 .UNSPECIFIED.,.F.,.F.,(4,4),(-0.24,1.70247797643209E-16),.UNSPECIFIED.);
#106=B_SPLINE_CURVE_WITH_KNOTS('',3,(#4899,#4900,#4901,#4902),
 .UNSPECIFIED.,.F.,.F.,(4,4),(-0.24,6.52056767320195E-17),.UNSPECIFIED.);
#107=B_SPLINE_CURVE_WITH_KNOTS('',3,(#4903,#4904,#4905,#4906),
 .UNSPECIFIED.,.F.,.F.,(4,4),(-6.52056767320195E-17,0.24),.UNSPECIFIED.);
#108=B_SPLINE_CURVE_WITH_KNOTS('',3,(#4908,#4909,#4910,#4911,#4912,#4913),
 .UNSPECIFIED.,.F.,.F.,(4,2,4),(0.048,0.168,0.288),.UNSPECIFIED.);
#109=B_SPLINE_CURVE_WITH_KNOTS('',3,(#5004,#5005,#5006,#5007,#5008,#5009),
 .UNSPECIFIED.,.F.,.F.,(4,2,4),(0.0479999999999998,0.168,0.288),
 .UNSPECIFIED.);
#110=B_SPLINE_SURFACE_WITH_KNOTS('',3,3,((#3315,#3316,#3317,#3318),(#3319,
#3320,#3321,#3322),(#3323,#3324,#3325,#3326),(#3327,#3328,#3329,#3330),
(#3331,#3332,#3333,#3334),(#3335,#3336,#3337,#3338)),.UNSPECIFIED.,.F.,
 .F.,.F.,(4,1,1,4),(4,4),(0.,0.285714285714286,0.571428571428571,1.),(0.0203248557872772,
0.640000000000001),.UNSPECIFIED.);
#111=B_SPLINE_SURFACE_WITH_KNOTS('',3,3,((#3609,#3610,#3611,#3612),(#3613,
#3614,#3615,#3616),(#3617,#3618,#3619,#3620),(#3621,#3622,#3623,#3624),
(#3625,#3626,#3627,#3628),(#3629,#3630,#3631,#3632)),.UNSPECIFIED.,.F.,
 .F.,.F.,(4,1,1,4),(4,4),(0.,0.285714285714286,0.571428571428571,1.),(-2.88282125410867E-16,
0.24),.UNSPECIFIED.);
#112=B_SPLINE_SURFACE_WITH_KNOTS('',3,3,((#3724,#3725,#3726,#3727),(#3728,
#3729,#3730,#3731),(#3732,#3733,#3734,#3735),(#3736,#3737,#3738,#3739),
(#3740,#3741,#3742,#3743),(#3744,#3745,#3746,#3747)),.UNSPECIFIED.,.F.,
 .F.,.F.,(4,1,1,4),(4,4),(0.,0.285714285714286,0.571428571428571,1.),(-1.90647565081369E-16,
0.24),.UNSPECIFIED.);
#113=B_SPLINE_SURFACE_WITH_KNOTS('',3,3,((#3782,#3783,#3784,#3785),(#3786,
#3787,#3788,#3789),(#3790,#3791,#3792,#3793),(#3794,#3795,#3796,#3797),
(#3798,#3799,#3800,#3801),(#3802,#3803,#3804,#3805)),.UNSPECIFIED.,.F.,
 .F.,.F.,(4,1,1,4),(4,4),(0.,0.285714285714286,0.571428571428571,1.),(-8.87452344942174E-17,
0.24),.UNSPECIFIED.);
#114=B_SPLINE_SURFACE_WITH_KNOTS('',3,3,((#3888,#3889,#3890,#3891),(#3892,
#3893,#3894,#3895),(#3896,#3897,#3898,#3899),(#3900,#3901,#3902,#3903),
(#3904,#3905,#3906,#3907),(#3908,#3909,#3910,#3911)),.UNSPECIFIED.,.F.,
 .F.,.F.,(4,1,1,4),(4,4),(0.,0.285714285714286,0.571428571428571,1.),(0.,
0.4),.UNSPECIFIED.);
#115=B_SPLINE_SURFACE_WITH_KNOTS('',3,3,((#4079,#4080,#4081,#4082),(#4083,
#4084,#4085,#4086),(#4087,#4088,#4089,#4090),(#4091,#4092,#4093,#4094),
(#4095,#4096,#4097,#4098),(#4099,#4100,#4101,#4102)),.UNSPECIFIED.,.F.,
 .F.,.F.,(4,1,1,4),(4,4),(0.,0.285714285714286,0.571428571428571,1.),(-7.19645194750443E-17,
0.24),.UNSPECIFIED.);
#116=B_SPLINE_SURFACE_WITH_KNOTS('',3,3,((#4107,#4108,#4109,#4110),(#4111,
#4112,#4113,#4114),(#4115,#4116,#4117,#4118),(#4119,#4120,#4121,#4122),
(#4123,#4124,#4125,#4126),(#4127,#4128,#4129,#4130)),.UNSPECIFIED.,.F.,
 .F.,.F.,(4,1,1,4),(4,4),(0.,0.285714285714286,0.571428571428571,1.),(0.,
0.4),.UNSPECIFIED.);
#117=B_SPLINE_SURFACE_WITH_KNOTS('',3,3,((#4146,#4147,#4148,#4149),(#4150,
#4151,#4152,#4153),(#4154,#4155,#4156,#4157),(#4158,#4159,#4160,#4161),
(#4162,#4163,#4164,#4165),(#4166,#4167,#4168,#4169)),.UNSPECIFIED.,.F.,
 .F.,.F.,(4,1,1,4),(4,4),(0.,0.285714285714286,0.571428571428571,1.),(-5.55111512312578E-17,
0.64),.UNSPECIFIED.);
#118=B_SPLINE_SURFACE_WITH_KNOTS('',3,3,((#4180,#4181,#4182,#4183),(#4184,
#4185,#4186,#4187),(#4188,#4189,#4190,#4191),(#4192,#4193,#4194,#4195),
(#4196,#4197,#4198,#4199),(#4200,#4201,#4202,#4203)),.UNSPECIFIED.,.F.,
 .F.,.F.,(4,1,1,4),(4,4),(0.,0.285714285714286,0.571428571428571,1.),(0.,
0.4),.UNSPECIFIED.);
#119=B_SPLINE_SURFACE_WITH_KNOTS('',3,3,((#4457,#4458,#4459,#4460),(#4461,
#4462,#4463,#4464),(#4465,#4466,#4467,#4468),(#4469,#4470,#4471,#4472),
(#4473,#4474,#4475,#4476),(#4477,#4478,#4479,#4480)),.UNSPECIFIED.,.F.,
 .F.,.F.,(4,1,1,4),(4,4),(0.,0.285714285714286,0.571428571428571,1.),(-9.43689570931383E-16,
0.0762436867076474),.UNSPECIFIED.);
#120=B_SPLINE_SURFACE_WITH_KNOTS('',3,3,((#4485,#4486,#4487,#4488),(#4489,
#4490,#4491,#4492),(#4493,#4494,#4495,#4496),(#4497,#4498,#4499,#4500),
(#4501,#4502,#4503,#4504),(#4505,#4506,#4507,#4508)),.UNSPECIFIED.,.F.,
 .F.,.F.,(4,1,1,4),(4,4),(0.,0.285714285714286,0.571428571428571,1.),(0.0203248557872771,
0.4),.UNSPECIFIED.);
#121=B_SPLINE_SURFACE_WITH_KNOTS('',3,3,((#4568,#4569,#4570,#4571),(#4572,
#4573,#4574,#4575),(#4576,#4577,#4578,#4579),(#4580,#4581,#4582,#4583),
(#4584,#4585,#4586,#4587),(#4588,#4589,#4590,#4591)),.UNSPECIFIED.,.F.,
 .F.,.F.,(4,1,1,4),(4,4),(0.,0.285714285714286,0.571428571428571,1.),(-1.29887708689696E-16,
0.0762436867076473),.UNSPECIFIED.);
#122=B_SPLINE_SURFACE_WITH_KNOTS('',3,3,((#4847,#4848,#4849,#4850),(#4851,
#4852,#4853,#4854),(#4855,#4856,#4857,#4858),(#4859,#4860,#4861,#4862),
(#4863,#4864,#4865,#4866),(#4867,#4868,#4869,#4870)),.UNSPECIFIED.,.F.,
 .F.,.F.,(4,1,1,4),(4,4),(0.,0.285714285714286,0.571428571428571,1.),(-1.70247797643209E-16,
0.24),.UNSPECIFIED.);
#123=B_SPLINE_SURFACE_WITH_KNOTS('',3,3,((#4875,#4876,#4877,#4878),(#4879,
#4880,#4881,#4882),(#4883,#4884,#4885,#4886),(#4887,#4888,#4889,#4890),
(#4891,#4892,#4893,#4894),(#4895,#4896,#4897,#4898)),.UNSPECIFIED.,.F.,
 .F.,.F.,(4,1,1,4),(4,4),(0.,0.285714285714286,0.571428571428571,1.),(-6.52056767320195E-17,
0.24),.UNSPECIFIED.);
#124=B_SPLINE_SURFACE_WITH_KNOTS('',3,3,((#4914,#4915,#4916,#4917),(#4918,
#4919,#4920,#4921),(#4922,#4923,#4924,#4925),(#4926,#4927,#4928,#4929),
(#4930,#4931,#4932,#4933),(#4934,#4935,#4936,#4937),(#4938,#4939,#4940,
#4941)),.UNSPECIFIED.,.F.,.F.,.F.,(4,1,1,1,4),(4,4),(-0.0106075393999433,
0.,0.5,0.75,1.),(-0.2,0.2),.UNSPECIFIED.);
#125=B_SPLINE_SURFACE_WITH_KNOTS('',3,3,((#4943,#4944,#4945,#4946),(#4947,
#4948,#4949,#4950),(#4951,#4952,#4953,#4954),(#4955,#4956,#4957,#4958),
(#4959,#4960,#4961,#4962),(#4963,#4964,#4965,#4966),(#4967,#4968,#4969,
#4970)),.UNSPECIFIED.,.F.,.F.,.F.,(4,1,1,1,4),(4,4),(-0.010607539399969,
0.,0.5,0.75,1.),(-0.2,0.2),.UNSPECIFIED.);
#126=B_SPLINE_SURFACE_WITH_KNOTS('',3,3,((#4976,#4977,#4978,#4979),(#4980,
#4981,#4982,#4983),(#4984,#4985,#4986,#4987),(#4988,#4989,#4990,#4991),
(#4992,#4993,#4994,#4995),(#4996,#4997,#4998,#4999),(#5000,#5001,#5002,
#5003)),.UNSPECIFIED.,.F.,.F.,.F.,(4,1,1,1,4),(4,4),(-0.010607538041768,
0.,0.5,0.75,1.),(-5.55111512312578E-17,0.24),.UNSPECIFIED.);
#127=B_SPLINE_SURFACE_WITH_KNOTS('',3,3,((#5012,#5013,#5014,#5015),(#5016,
#5017,#5018,#5019),(#5020,#5021,#5022,#5023),(#5024,#5025,#5026,#5027),
(#5028,#5029,#5030,#5031),(#5032,#5033,#5034,#5035),(#5036,#5037,#5038,
#5039)),.UNSPECIFIED.,.F.,.F.,.F.,(4,1,1,1,4),(4,4),(0.,0.5,0.75,1.,1.01060753939994),
(-5.55111512312578E-17,0.24),.UNSPECIFIED.);
#128=FACE_OUTER_BOUND('',#251,.T.);
#129=FACE_OUTER_BOUND('',#252,.T.);
#130=FACE_OUTER_BOUND('',#253,.T.);
#131=FACE_OUTER_BOUND('',#254,.T.);
#132=FACE_OUTER_BOUND('',#255,.T.);
#133=FACE_OUTER_BOUND('',#256,.T.);
#134=FACE_OUTER_BOUND('',#257,.T.);
#135=FACE_OUTER_BOUND('',#258,.T.);
#136=FACE_OUTER_BOUND('',#259,.T.);
#137=FACE_OUTER_BOUND('',#260,.T.);
#138=FACE_OUTER_BOUND('',#261,.T.);
#139=FACE_OUTER_BOUND('',#262,.T.);
#140=FACE_OUTER_BOUND('',#263,.T.);
#141=FACE_OUTER_BOUND('',#264,.T.);
#142=FACE_OUTER_BOUND('',#265,.T.);
#143=FACE_OUTER_BOUND('',#266,.T.);
#144=FACE_OUTER_BOUND('',#268,.T.);
#145=FACE_OUTER_BOUND('',#269,.T.);
#146=FACE_OUTER_BOUND('',#270,.T.);
#147=FACE_OUTER_BOUND('',#271,.T.);
#148=FACE_OUTER_BOUND('',#272,.T.);
#149=FACE_OUTER_BOUND('',#299,.T.);
#150=FACE_OUTER_BOUND('',#300,.T.);
#151=FACE_OUTER_BOUND('',#301,.T.);
#152=FACE_OUTER_BOUND('',#302,.T.);
#153=FACE_OUTER_BOUND('',#303,.T.);
#154=FACE_OUTER_BOUND('',#304,.T.);
#155=FACE_OUTER_BOUND('',#305,.T.);
#156=FACE_OUTER_BOUND('',#306,.T.);
#157=FACE_OUTER_BOUND('',#307,.T.);
#158=FACE_OUTER_BOUND('',#308,.T.);
#159=FACE_OUTER_BOUND('',#309,.T.);
#160=FACE_OUTER_BOUND('',#310,.T.);
#161=FACE_OUTER_BOUND('',#311,.T.);
#162=FACE_OUTER_BOUND('',#312,.T.);
#163=FACE_OUTER_BOUND('',#313,.T.);
#164=FACE_OUTER_BOUND('',#314,.T.);
#165=FACE_OUTER_BOUND('',#315,.T.);
#166=FACE_OUTER_BOUND('',#316,.T.);
#167=FACE_OUTER_BOUND('',#317,.T.);
#168=FACE_OUTER_BOUND('',#318,.T.);
#169=FACE_OUTER_BOUND('',#319,.T.);
#170=FACE_OUTER_BOUND('',#320,.T.);
#171=FACE_OUTER_BOUND('',#321,.T.);
#172=FACE_OUTER_BOUND('',#322,.T.);
#173=FACE_OUTER_BOUND('',#323,.T.);
#174=FACE_OUTER_BOUND('',#324,.T.);
#175=FACE_OUTER_BOUND('',#325,.T.);
#176=FACE_OUTER_BOUND('',#326,.T.);
#177=FACE_OUTER_BOUND('',#327,.T.);
#178=FACE_OUTER_BOUND('',#328,.T.);
#179=FACE_OUTER_BOUND('',#329,.T.);
#180=FACE_OUTER_BOUND('',#330,.T.);
#181=FACE_OUTER_BOUND('',#331,.T.);
#182=FACE_OUTER_BOUND('',#332,.T.);
#183=FACE_OUTER_BOUND('',#333,.T.);
#184=FACE_OUTER_BOUND('',#334,.T.);
#185=FACE_OUTER_BOUND('',#335,.T.);
#186=FACE_OUTER_BOUND('',#336,.T.);
#187=FACE_OUTER_BOUND('',#337,.T.);
#188=FACE_OUTER_BOUND('',#338,.T.);
#189=FACE_OUTER_BOUND('',#339,.T.);
#190=FACE_OUTER_BOUND('',#340,.T.);
#191=FACE_OUTER_BOUND('',#341,.T.);
#192=FACE_OUTER_BOUND('',#342,.T.);
#193=FACE_OUTER_BOUND('',#343,.T.);
#194=FACE_OUTER_BOUND('',#344,.T.);
#195=FACE_OUTER_BOUND('',#345,.T.);
#196=FACE_OUTER_BOUND('',#346,.T.);
#197=FACE_OUTER_BOUND('',#347,.T.);
#198=FACE_OUTER_BOUND('',#348,.T.);
#199=FACE_OUTER_BOUND('',#349,.T.);
#200=FACE_OUTER_BOUND('',#350,.T.);
#201=FACE_OUTER_BOUND('',#351,.T.);
#202=FACE_OUTER_BOUND('',#352,.T.);
#203=FACE_OUTER_BOUND('',#353,.T.);
#204=FACE_OUTER_BOUND('',#354,.T.);
#205=FACE_OUTER_BOUND('',#355,.T.);
#206=FACE_OUTER_BOUND('',#356,.T.);
#207=FACE_OUTER_BOUND('',#357,.T.);
#208=FACE_OUTER_BOUND('',#358,.T.);
#209=FACE_OUTER_BOUND('',#359,.T.);
#210=FACE_OUTER_BOUND('',#360,.T.);
#211=FACE_OUTER_BOUND('',#361,.T.);
#212=FACE_OUTER_BOUND('',#362,.T.);
#213=FACE_OUTER_BOUND('',#363,.T.);
#214=FACE_OUTER_BOUND('',#364,.T.);
#215=FACE_OUTER_BOUND('',#365,.T.);
#216=FACE_OUTER_BOUND('',#366,.T.);
#217=FACE_OUTER_BOUND('',#367,.T.);
#218=FACE_OUTER_BOUND('',#368,.T.);
#219=FACE_OUTER_BOUND('',#369,.T.);
#220=FACE_OUTER_BOUND('',#370,.T.);
#221=FACE_OUTER_BOUND('',#371,.T.);
#222=FACE_OUTER_BOUND('',#372,.T.);
#223=FACE_OUTER_BOUND('',#373,.T.);
#224=FACE_OUTER_BOUND('',#374,.T.);
#225=FACE_OUTER_BOUND('',#375,.T.);
#226=FACE_OUTER_BOUND('',#376,.T.);
#227=FACE_OUTER_BOUND('',#377,.T.);
#228=FACE_OUTER_BOUND('',#378,.T.);
#229=FACE_OUTER_BOUND('',#379,.T.);
#230=FACE_OUTER_BOUND('',#380,.T.);
#231=FACE_OUTER_BOUND('',#381,.T.);
#232=FACE_OUTER_BOUND('',#382,.T.);
#233=FACE_OUTER_BOUND('',#383,.T.);
#234=FACE_OUTER_BOUND('',#384,.T.);
#235=FACE_OUTER_BOUND('',#385,.T.);
#236=FACE_OUTER_BOUND('',#386,.T.);
#237=FACE_OUTER_BOUND('',#387,.T.);
#238=FACE_OUTER_BOUND('',#388,.T.);
#239=FACE_OUTER_BOUND('',#389,.T.);
#240=FACE_OUTER_BOUND('',#390,.T.);
#241=FACE_OUTER_BOUND('',#391,.T.);
#242=FACE_OUTER_BOUND('',#392,.T.);
#243=FACE_OUTER_BOUND('',#393,.T.);
#244=FACE_OUTER_BOUND('',#394,.T.);
#245=FACE_OUTER_BOUND('',#395,.T.);
#246=FACE_OUTER_BOUND('',#396,.T.);
#247=FACE_OUTER_BOUND('',#397,.T.);
#248=FACE_OUTER_BOUND('',#398,.T.);
#249=FACE_OUTER_BOUND('',#399,.T.);
#250=FACE_OUTER_BOUND('',#400,.T.);
#251=EDGE_LOOP('',(#1659,#1660,#1661,#1662));
#252=EDGE_LOOP('',(#1663,#1664,#1665,#1666));
#253=EDGE_LOOP('',(#1667,#1668,#1669,#1670,#1671,#1672,#1673,#1674,#1675,
#1676,#1677,#1678,#1679,#1680,#1681,#1682,#1683,#1684,#1685,#1686,#1687,
#1688,#1689,#1690,#1691,#1692,#1693,#1694,#1695,#1696,#1697,#1698,#1699,
#1700,#1701,#1702,#1703,#1704,#1705,#1706,#1707,#1708,#1709,#1710,#1711,
#1712,#1713,#1714,#1715,#1716,#1717,#1718,#1719,#1720,#1721,#1722,#1723,
#1724,#1725,#1726,#1727,#1728,#1729,#1730,#1731,#1732,#1733,#1734));
#254=EDGE_LOOP('',(#1735,#1736,#1737,#1738,#1739,#1740,#1741,#1742,#1743,
#1744));
#255=EDGE_LOOP('',(#1745,#1746,#1747,#1748));
#256=EDGE_LOOP('',(#1749,#1750,#1751,#1752));
#257=EDGE_LOOP('',(#1753,#1754,#1755,#1756));
#258=EDGE_LOOP('',(#1757,#1758,#1759,#1760,#1761,#1762,#1763,#1764,#1765,
#1766,#1767,#1768));
#259=EDGE_LOOP('',(#1769,#1770,#1771,#1772));
#260=EDGE_LOOP('',(#1773,#1774,#1775,#1776,#1777,#1778));
#261=EDGE_LOOP('',(#1779,#1780,#1781,#1782));
#262=EDGE_LOOP('',(#1783,#1784,#1785,#1786));
#263=EDGE_LOOP('',(#1787,#1788,#1789,#1790,#1791,#1792,#1793,#1794,#1795,
#1796,#1797,#1798,#1799));
#264=EDGE_LOOP('',(#1800,#1801,#1802,#1803));
#265=EDGE_LOOP('',(#1804,#1805,#1806,#1807));
#266=EDGE_LOOP('',(#1808,#1809,#1810,#1811,#1812,#1813,#1814,#1815,#1816,
#1817,#1818,#1819,#1820,#1821,#1822,#1823,#1824,#1825,#1826,#1827,#1828,
#1829,#1830,#1831,#1832,#1833,#1834,#1835,#1836,#1837));
#267=EDGE_LOOP('',(#1838,#1839,#1840));
#268=EDGE_LOOP('',(#1841,#1842,#1843,#1844));
#269=EDGE_LOOP('',(#1845,#1846,#1847,#1848));
#270=EDGE_LOOP('',(#1849,#1850,#1851,#1852));
#271=EDGE_LOOP('',(#1853,#1854,#1855,#1856));
#272=EDGE_LOOP('',(#1857,#1858,#1859,#1860,#1861,#1862,#1863,#1864));
#273=EDGE_LOOP('',(#1865,#1866,#1867));
#274=EDGE_LOOP('',(#1868,#1869,#1870));
#275=EDGE_LOOP('',(#1871,#1872,#1873));
#276=EDGE_LOOP('',(#1874,#1875,#1876));
#277=EDGE_LOOP('',(#1877,#1878,#1879));
#278=EDGE_LOOP('',(#1880,#1881,#1882));
#279=EDGE_LOOP('',(#1883,#1884,#1885));
#280=EDGE_LOOP('',(#1886,#1887,#1888));
#281=EDGE_LOOP('',(#1889,#1890,#1891));
#282=EDGE_LOOP('',(#1892,#1893,#1894));
#283=EDGE_LOOP('',(#1895,#1896,#1897));
#284=EDGE_LOOP('',(#1898,#1899,#1900));
#285=EDGE_LOOP('',(#1901,#1902,#1903));
#286=EDGE_LOOP('',(#1904,#1905,#1906));
#287=EDGE_LOOP('',(#1907,#1908,#1909));
#288=EDGE_LOOP('',(#1910,#1911,#1912));
#289=EDGE_LOOP('',(#1913,#1914,#1915));
#290=EDGE_LOOP('',(#1916,#1917,#1918));
#291=EDGE_LOOP('',(#1919,#1920,#1921));
#292=EDGE_LOOP('',(#1922,#1923,#1924));
#293=EDGE_LOOP('',(#1925,#1926,#1927));
#294=EDGE_LOOP('',(#1928,#1929,#1930));
#295=EDGE_LOOP('',(#1931,#1932,#1933));
#296=EDGE_LOOP('',(#1934,#1935,#1936));
#297=EDGE_LOOP('',(#1937,#1938,#1939,#1940,#1941,#1942,#1943,#1944));
#298=EDGE_LOOP('',(#1945,#1946,#1947,#1948,#1949,#1950,#1951,#1952));
#299=EDGE_LOOP('',(#1953,#1954,#1955,#1956));
#300=EDGE_LOOP('',(#1957,#1958,#1959,#1960));
#301=EDGE_LOOP('',(#1961,#1962,#1963,#1964));
#302=EDGE_LOOP('',(#1965,#1966,#1967,#1968,#1969,#1970,#1971,#1972,#1973,
#1974,#1975,#1976,#1977,#1978,#1979,#1980,#1981,#1982,#1983,#1984,#1985,
#1986,#1987,#1988,#1989,#1990,#1991,#1992,#1993,#1994,#1995,#1996,#1997,
#1998,#1999,#2000,#2001,#2002,#2003,#2004,#2005,#2006,#2007,#2008,#2009,
#2010,#2011,#2012,#2013,#2014,#2015,#2016,#2017,#2018,#2019,#2020,#2021,
#2022,#2023,#2024,#2025,#2026));
#303=EDGE_LOOP('',(#2027,#2028,#2029,#2030));
#304=EDGE_LOOP('',(#2031,#2032,#2033));
#305=EDGE_LOOP('',(#2034,#2035,#2036,#2037));
#306=EDGE_LOOP('',(#2038,#2039,#2040,#2041));
#307=EDGE_LOOP('',(#2042,#2043,#2044));
#308=EDGE_LOOP('',(#2045,#2046,#2047,#2048,#2049,#2050));
#309=EDGE_LOOP('',(#2051,#2052,#2053,#2054));
#310=EDGE_LOOP('',(#2055,#2056,#2057,#2058));
#311=EDGE_LOOP('',(#2059,#2060,#2061,#2062));
#312=EDGE_LOOP('',(#2063,#2064,#2065,#2066));
#313=EDGE_LOOP('',(#2067,#2068,#2069,#2070));
#314=EDGE_LOOP('',(#2071,#2072,#2073,#2074));
#315=EDGE_LOOP('',(#2075,#2076,#2077,#2078));
#316=EDGE_LOOP('',(#2079,#2080,#2081,#2082));
#317=EDGE_LOOP('',(#2083,#2084,#2085,#2086));
#318=EDGE_LOOP('',(#2087,#2088,#2089,#2090));
#319=EDGE_LOOP('',(#2091,#2092,#2093,#2094));
#320=EDGE_LOOP('',(#2095,#2096,#2097,#2098));
#321=EDGE_LOOP('',(#2099,#2100,#2101,#2102));
#322=EDGE_LOOP('',(#2103,#2104,#2105,#2106));
#323=EDGE_LOOP('',(#2107,#2108,#2109,#2110));
#324=EDGE_LOOP('',(#2111,#2112,#2113,#2114));
#325=EDGE_LOOP('',(#2115,#2116,#2117,#2118));
#326=EDGE_LOOP('',(#2119,#2120,#2121,#2122));
#327=EDGE_LOOP('',(#2123,#2124,#2125,#2126));
#328=EDGE_LOOP('',(#2127,#2128,#2129,#2130));
#329=EDGE_LOOP('',(#2131,#2132,#2133,#2134));
#330=EDGE_LOOP('',(#2135,#2136,#2137,#2138));
#331=EDGE_LOOP('',(#2139,#2140,#2141,#2142));
#332=EDGE_LOOP('',(#2143,#2144,#2145,#2146));
#333=EDGE_LOOP('',(#2147,#2148,#2149,#2150));
#334=EDGE_LOOP('',(#2151,#2152,#2153,#2154));
#335=EDGE_LOOP('',(#2155,#2156,#2157,#2158));
#336=EDGE_LOOP('',(#2159,#2160,#2161,#2162));
#337=EDGE_LOOP('',(#2163,#2164,#2165,#2166));
#338=EDGE_LOOP('',(#2167,#2168,#2169,#2170));
#339=EDGE_LOOP('',(#2171,#2172,#2173,#2174));
#340=EDGE_LOOP('',(#2175,#2176,#2177,#2178));
#341=EDGE_LOOP('',(#2179,#2180,#2181,#2182));
#342=EDGE_LOOP('',(#2183,#2184,#2185,#2186));
#343=EDGE_LOOP('',(#2187,#2188,#2189,#2190));
#344=EDGE_LOOP('',(#2191,#2192,#2193,#2194));
#345=EDGE_LOOP('',(#2195,#2196,#2197,#2198));
#346=EDGE_LOOP('',(#2199,#2200,#2201,#2202));
#347=EDGE_LOOP('',(#2203,#2204,#2205,#2206));
#348=EDGE_LOOP('',(#2207,#2208,#2209,#2210));
#349=EDGE_LOOP('',(#2211,#2212,#2213,#2214));
#350=EDGE_LOOP('',(#2215,#2216,#2217,#2218));
#351=EDGE_LOOP('',(#2219,#2220,#2221,#2222));
#352=EDGE_LOOP('',(#2223,#2224,#2225,#2226));
#353=EDGE_LOOP('',(#2227,#2228,#2229,#2230));
#354=EDGE_LOOP('',(#2231,#2232,#2233,#2234));
#355=EDGE_LOOP('',(#2235,#2236,#2237,#2238));
#356=EDGE_LOOP('',(#2239,#2240,#2241,#2242));
#357=EDGE_LOOP('',(#2243,#2244,#2245,#2246));
#358=EDGE_LOOP('',(#2247,#2248,#2249,#2250));
#359=EDGE_LOOP('',(#2251,#2252,#2253,#2254));
#360=EDGE_LOOP('',(#2255,#2256,#2257,#2258));
#361=EDGE_LOOP('',(#2259,#2260,#2261,#2262));
#362=EDGE_LOOP('',(#2263,#2264,#2265,#2266));
#363=EDGE_LOOP('',(#2267,#2268,#2269,#2270));
#364=EDGE_LOOP('',(#2271,#2272,#2273,#2274));
#365=EDGE_LOOP('',(#2275,#2276,#2277,#2278));
#366=EDGE_LOOP('',(#2279,#2280,#2281,#2282));
#367=EDGE_LOOP('',(#2283,#2284,#2285,#2286));
#368=EDGE_LOOP('',(#2287,#2288,#2289,#2290));
#369=EDGE_LOOP('',(#2291,#2292,#2293,#2294));
#370=EDGE_LOOP('',(#2295,#2296,#2297,#2298,#2299));
#371=EDGE_LOOP('',(#2300,#2301,#2302,#2303,#2304));
#372=EDGE_LOOP('',(#2305,#2306,#2307,#2308,#2309,#2310));
#373=EDGE_LOOP('',(#2311,#2312,#2313,#2314));
#374=EDGE_LOOP('',(#2315,#2316,#2317,#2318));
#375=EDGE_LOOP('',(#2319,#2320,#2321,#2322));
#376=EDGE_LOOP('',(#2323,#2324,#2325,#2326,#2327));
#377=EDGE_LOOP('',(#2328,#2329,#2330,#2331));
#378=EDGE_LOOP('',(#2332,#2333,#2334,#2335,#2336));
#379=EDGE_LOOP('',(#2337,#2338,#2339,#2340));
#380=EDGE_LOOP('',(#2341,#2342,#2343,#2344));
#381=EDGE_LOOP('',(#2345,#2346,#2347,#2348,#2349,#2350));
#382=EDGE_LOOP('',(#2351,#2352,#2353,#2354));
#383=EDGE_LOOP('',(#2355,#2356,#2357,#2358));
#384=EDGE_LOOP('',(#2359,#2360,#2361,#2362));
#385=EDGE_LOOP('',(#2363,#2364,#2365,#2366,#2367));
#386=EDGE_LOOP('',(#2368,#2369,#2370,#2371));
#387=EDGE_LOOP('',(#2372,#2373,#2374,#2375));
#388=EDGE_LOOP('',(#2376,#2377,#2378,#2379));
#389=EDGE_LOOP('',(#2380,#2381,#2382,#2383));
#390=EDGE_LOOP('',(#2384,#2385,#2386,#2387));
#391=EDGE_LOOP('',(#2388,#2389,#2390,#2391));
#392=EDGE_LOOP('',(#2392,#2393,#2394,#2395,#2396));
#393=EDGE_LOOP('',(#2397,#2398,#2399,#2400));
#394=EDGE_LOOP('',(#2401,#2402,#2403,#2404));
#395=EDGE_LOOP('',(#2405,#2406,#2407,#2408));
#396=EDGE_LOOP('',(#2409,#2410,#2411,#2412));
#397=EDGE_LOOP('',(#2413,#2414,#2415,#2416));
#398=EDGE_LOOP('',(#2417,#2418,#2419,#2420));
#399=EDGE_LOOP('',(#2421,#2422,#2423,#2424));
#400=EDGE_LOOP('',(#2425,#2426,#2427,#2428));
#401=LINE('',#3309,#718);
#402=LINE('',#3311,#719);
#403=LINE('',#3313,#720);
#404=LINE('',#3314,#721);
#405=LINE('',#3447,#722);
#406=LINE('',#3454,#723);
#407=LINE('',#3456,#724);
#408=LINE('',#3458,#725);
#409=LINE('',#3460,#726);
#410=LINE('',#3462,#727);
#411=LINE('',#3464,#728);
#412=LINE('',#3466,#729);
#413=LINE('',#3468,#730);
#414=LINE('',#3470,#731);
#415=LINE('',#3472,#732);
#416=LINE('',#3474,#733);
#417=LINE('',#3476,#734);
#418=LINE('',#3478,#735);
#419=LINE('',#3480,#736);
#420=LINE('',#3482,#737);
#421=LINE('',#3484,#738);
#422=LINE('',#3486,#739);
#423=LINE('',#3488,#740);
#424=LINE('',#3490,#741);
#425=LINE('',#3492,#742);
#426=LINE('',#3494,#743);
#427=LINE('',#3496,#744);
#428=LINE('',#3498,#745);
#429=LINE('',#3500,#746);
#430=LINE('',#3502,#747);
#431=LINE('',#3504,#748);
#432=LINE('',#3506,#749);
#433=LINE('',#3508,#750);
#434=LINE('',#3510,#751);
#435=LINE('',#3512,#752);
#436=LINE('',#3514,#753);
#437=LINE('',#3516,#754);
#438=LINE('',#3518,#755);
#439=LINE('',#3520,#756);
#440=LINE('',#3522,#757);
#441=LINE('',#3524,#758);
#442=LINE('',#3526,#759);
#443=LINE('',#3528,#760);
#444=LINE('',#3530,#761);
#445=LINE('',#3532,#762);
#446=LINE('',#3534,#763);
#447=LINE('',#3536,#764);
#448=LINE('',#3538,#765);
#449=LINE('',#3540,#766);
#450=LINE('',#3542,#767);
#451=LINE('',#3544,#768);
#452=LINE('',#3546,#769);
#453=LINE('',#3548,#770);
#454=LINE('',#3550,#771);
#455=LINE('',#3552,#772);
#456=LINE('',#3554,#773);
#457=LINE('',#3556,#774);
#458=LINE('',#3558,#775);
#459=LINE('',#3560,#776);
#460=LINE('',#3562,#777);
#461=LINE('',#3564,#778);
#462=LINE('',#3566,#779);
#463=LINE('',#3568,#780);
#464=LINE('',#3570,#781);
#465=LINE('',#3572,#782);
#466=LINE('',#3574,#783);
#467=LINE('',#3576,#784);
#468=LINE('',#3578,#785);
#469=LINE('',#3579,#786);
#470=LINE('',#3582,#787);
#471=LINE('',#3584,#788);
#472=LINE('',#3591,#789);
#473=LINE('',#3598,#790);
#474=LINE('',#3605,#791);
#475=LINE('',#3606,#792);
#476=LINE('',#3608,#793);
#477=LINE('',#3667,#794);
#478=LINE('',#3673,#795);
#479=LINE('',#3675,#796);
#480=LINE('',#3676,#797);
#481=LINE('',#3689,#798);
#482=LINE('',#3702,#799);
#483=LINE('',#3713,#800);
#484=LINE('',#3770,#801);
#485=LINE('',#3777,#802);
#486=LINE('',#3840,#803);
#487=LINE('',#3842,#804);
#488=LINE('',#3843,#805);
#489=LINE('',#3846,#806);
#490=LINE('',#3858,#807);
#491=LINE('',#3860,#808);
#492=LINE('',#3862,#809);
#493=LINE('',#3875,#810);
#494=LINE('',#3877,#811);
#495=LINE('',#3946,#812);
#496=LINE('',#3952,#813);
#497=LINE('',#3955,#814);
#498=LINE('',#3977,#815);
#499=LINE('',#3988,#816);
#500=LINE('',#4001,#817);
#501=LINE('',#4012,#818);
#502=LINE('',#4025,#819);
#503=LINE('',#4027,#820);
#504=LINE('',#4029,#821);
#505=LINE('',#4039,#822);
#506=LINE('',#4052,#823);
#507=LINE('',#4062,#824);
#508=LINE('',#4075,#825);
#509=LINE('',#4077,#826);
#510=LINE('',#4078,#827);
#511=LINE('',#4215,#828);
#512=LINE('',#4218,#829);
#513=LINE('',#4220,#830);
#514=LINE('',#4221,#831);
#515=LINE('',#4223,#832);
#516=LINE('',#4224,#833);
#517=LINE('',#4226,#834);
#518=LINE('',#4227,#835);
#519=LINE('',#4230,#836);
#520=LINE('',#4232,#837);
#521=LINE('',#4233,#838);
#522=LINE('',#4236,#839);
#523=LINE('',#4238,#840);
#524=LINE('',#4239,#841);
#525=LINE('',#4242,#842);
#526=LINE('',#4244,#843);
#527=LINE('',#4245,#844);
#528=LINE('',#4247,#845);
#529=LINE('',#4248,#846);
#530=LINE('',#4250,#847);
#531=LINE('',#4251,#848);
#532=LINE('',#4254,#849);
#533=LINE('',#4256,#850);
#534=LINE('',#4257,#851);
#535=LINE('',#4260,#852);
#536=LINE('',#4262,#853);
#537=LINE('',#4263,#854);
#538=LINE('',#4266,#855);
#539=LINE('',#4268,#856);
#540=LINE('',#4269,#857);
#541=LINE('',#4271,#858);
#542=LINE('',#4272,#859);
#543=LINE('',#4274,#860);
#544=LINE('',#4275,#861);
#545=LINE('',#4277,#862);
#546=LINE('',#4278,#863);
#547=LINE('',#4280,#864);
#548=LINE('',#4281,#865);
#549=LINE('',#4283,#866);
#550=LINE('',#4284,#867);
#551=LINE('',#4287,#868);
#552=LINE('',#4289,#869);
#553=LINE('',#4290,#870);
#554=LINE('',#4292,#871);
#555=LINE('',#4293,#872);
#556=LINE('',#4295,#873);
#557=LINE('',#4296,#874);
#558=LINE('',#4298,#875);
#559=LINE('',#4299,#876);
#560=LINE('',#4302,#877);
#561=LINE('',#4304,#878);
#562=LINE('',#4305,#879);
#563=LINE('',#4308,#880);
#564=LINE('',#4310,#881);
#565=LINE('',#4311,#882);
#566=LINE('',#4314,#883);
#567=LINE('',#4316,#884);
#568=LINE('',#4317,#885);
#569=LINE('',#4320,#886);
#570=LINE('',#4322,#887);
#571=LINE('',#4323,#888);
#572=LINE('',#4326,#889);
#573=LINE('',#4337,#890);
#574=LINE('',#4339,#891);
#575=LINE('',#4340,#892);
#576=LINE('',#4388,#893);
#577=LINE('',#4391,#894);
#578=LINE('',#4402,#895);
#579=LINE('',#4404,#896);
#580=LINE('',#4406,#897);
#581=LINE('',#4408,#898);
#582=LINE('',#4456,#899);
#583=LINE('',#4602,#900);
#584=LINE('',#4604,#901);
#585=LINE('',#4605,#902);
#586=LINE('',#4607,#903);
#587=LINE('',#4609,#904);
#588=LINE('',#4611,#905);
#589=LINE('',#4613,#906);
#590=LINE('',#4614,#907);
#591=LINE('',#4616,#908);
#592=LINE('',#4618,#909);
#593=LINE('',#4619,#910);
#594=LINE('',#4621,#911);
#595=LINE('',#4623,#912);
#596=LINE('',#4625,#913);
#597=LINE('',#4627,#914);
#598=LINE('',#4628,#915);
#599=LINE('',#4630,#916);
#600=LINE('',#4632,#917);
#601=LINE('',#4633,#918);
#602=LINE('',#4635,#919);
#603=LINE('',#4637,#920);
#604=LINE('',#4639,#921);
#605=LINE('',#4641,#922);
#606=LINE('',#4642,#923);
#607=LINE('',#4644,#924);
#608=LINE('',#4646,#925);
#609=LINE('',#4647,#926);
#610=LINE('',#4649,#927);
#611=LINE('',#4651,#928);
#612=LINE('',#4653,#929);
#613=LINE('',#4655,#930);
#614=LINE('',#4656,#931);
#615=LINE('',#4658,#932);
#616=LINE('',#4660,#933);
#617=LINE('',#4661,#934);
#618=LINE('',#4663,#935);
#619=LINE('',#4665,#936);
#620=LINE('',#4667,#937);
#621=LINE('',#4669,#938);
#622=LINE('',#4670,#939);
#623=LINE('',#4672,#940);
#624=LINE('',#4674,#941);
#625=LINE('',#4675,#942);
#626=LINE('',#4677,#943);
#627=LINE('',#4679,#944);
#628=LINE('',#4681,#945);
#629=LINE('',#4682,#946);
#630=LINE('',#4685,#947);
#631=LINE('',#4686,#948);
#632=LINE('',#4701,#949);
#633=LINE('',#4702,#950);
#634=LINE('',#4716,#951);
#635=LINE('',#4717,#952);
#636=LINE('',#4719,#953);
#637=LINE('',#4720,#954);
#638=LINE('',#4722,#955);
#639=LINE('',#4723,#956);
#640=LINE('',#4725,#957);
#641=LINE('',#4726,#958);
#642=LINE('',#4728,#959);
#643=LINE('',#4729,#960);
#644=LINE('',#4731,#961);
#645=LINE('',#4732,#962);
#646=LINE('',#4734,#963);
#647=LINE('',#4735,#964);
#648=LINE('',#4737,#965);
#649=LINE('',#4738,#966);
#650=LINE('',#4740,#967);
#651=LINE('',#4741,#968);
#652=LINE('',#4743,#969);
#653=LINE('',#4744,#970);
#654=LINE('',#4746,#971);
#655=LINE('',#4747,#972);
#656=LINE('',#4749,#973);
#657=LINE('',#4750,#974);
#658=LINE('',#4752,#975);
#659=LINE('',#4753,#976);
#660=LINE('',#4755,#977);
#661=LINE('',#4756,#978);
#662=LINE('',#4758,#979);
#663=LINE('',#4759,#980);
#664=LINE('',#4761,#981);
#665=LINE('',#4762,#982);
#666=LINE('',#4764,#983);
#667=LINE('',#4765,#984);
#668=LINE('',#4767,#985);
#669=LINE('',#4768,#986);
#670=LINE('',#4770,#987);
#671=LINE('',#4771,#988);
#672=LINE('',#4773,#989);
#673=LINE('',#4774,#990);
#674=LINE('',#4776,#991);
#675=LINE('',#4777,#992);
#676=LINE('',#4779,#993);
#677=LINE('',#4780,#994);
#678=LINE('',#4782,#995);
#679=LINE('',#4783,#996);
#680=LINE('',#4785,#997);
#681=LINE('',#4788,#998);
#682=LINE('',#4790,#999);
#683=LINE('',#4792,#1000);
#684=LINE('',#4795,#1001);
#685=LINE('',#4798,#1002);
#686=LINE('',#4800,#1003);
#687=LINE('',#4802,#1004);
#688=LINE('',#4805,#1005);
#689=LINE('',#4808,#1006);
#690=LINE('',#4810,#1007);
#691=LINE('',#4812,#1008);
#692=LINE('',#4815,#1009);
#693=LINE('',#4818,#1010);
#694=LINE('',#4820,#1011);
#695=LINE('',#4822,#1012);
#696=LINE('',#4825,#1013);
#697=LINE('',#4828,#1014);
#698=LINE('',#4830,#1015);
#699=LINE('',#4832,#1016);
#700=LINE('',#4835,#1017);
#701=LINE('',#4838,#1018);
#702=LINE('',#4840,#1019);
#703=LINE('',#4843,#1020);
#704=LINE('',#4845,#1021);
#705=LINE('',#4846,#1022);
#706=LINE('',#4942,#1023);
#707=LINE('',#4971,#1024);
#708=LINE('',#4973,#1025);
#709=LINE('',#4975,#1026);
#710=LINE('',#5010,#1027);
#711=LINE('',#5043,#1028);
#712=LINE('',#5044,#1029);
#713=LINE('',#5047,#1030);
#714=LINE('',#5051,#1031);
#715=LINE('',#5065,#1032);
#716=LINE('',#5066,#1033);
#717=LINE('',#5068,#1034);
#718=VECTOR('',#2780,10.);
#719=VECTOR('',#2781,10.);
#720=VECTOR('',#2782,10.);
#721=VECTOR('',#2783,10.);
#722=VECTOR('',#2786,10.);
#723=VECTOR('',#2787,10.);
#724=VECTOR('',#2788,10.);
#725=VECTOR('',#2789,10.);
#726=VECTOR('',#2790,10.);
#727=VECTOR('',#2791,10.);
#728=VECTOR('',#2792,10.);
#729=VECTOR('',#2793,10.);
#730=VECTOR('',#2794,10.);
#731=VECTOR('',#2795,10.);
#732=VECTOR('',#2796,10.);
#733=VECTOR('',#2797,10.);
#734=VECTOR('',#2798,10.);
#735=VECTOR('',#2799,10.);
#736=VECTOR('',#2800,10.);
#737=VECTOR('',#2801,10.);
#738=VECTOR('',#2802,10.);
#739=VECTOR('',#2803,10.);
#740=VECTOR('',#2804,10.);
#741=VECTOR('',#2805,10.);
#742=VECTOR('',#2806,10.);
#743=VECTOR('',#2807,10.);
#744=VECTOR('',#2808,10.);
#745=VECTOR('',#2809,10.);
#746=VECTOR('',#2810,10.);
#747=VECTOR('',#2811,10.);
#748=VECTOR('',#2812,10.);
#749=VECTOR('',#2813,10.);
#750=VECTOR('',#2814,10.);
#751=VECTOR('',#2815,10.);
#752=VECTOR('',#2816,10.);
#753=VECTOR('',#2817,10.);
#754=VECTOR('',#2818,10.);
#755=VECTOR('',#2819,10.);
#756=VECTOR('',#2820,10.);
#757=VECTOR('',#2821,10.);
#758=VECTOR('',#2822,10.);
#759=VECTOR('',#2823,10.);
#760=VECTOR('',#2824,10.);
#761=VECTOR('',#2825,10.);
#762=VECTOR('',#2826,10.);
#763=VECTOR('',#2827,10.);
#764=VECTOR('',#2828,10.);
#765=VECTOR('',#2829,10.);
#766=VECTOR('',#2830,10.);
#767=VECTOR('',#2831,10.);
#768=VECTOR('',#2832,10.);
#769=VECTOR('',#2833,10.);
#770=VECTOR('',#2834,10.);
#771=VECTOR('',#2835,10.);
#772=VECTOR('',#2836,10.);
#773=VECTOR('',#2837,10.);
#774=VECTOR('',#2838,10.);
#775=VECTOR('',#2839,10.);
#776=VECTOR('',#2840,10.);
#777=VECTOR('',#2841,10.);
#778=VECTOR('',#2842,10.);
#779=VECTOR('',#2843,10.);
#780=VECTOR('',#2844,10.);
#781=VECTOR('',#2845,10.);
#782=VECTOR('',#2846,10.);
#783=VECTOR('',#2847,10.);
#784=VECTOR('',#2848,10.);
#785=VECTOR('',#2849,10.);
#786=VECTOR('',#2850,10.);
#787=VECTOR('',#2853,10.);
#788=VECTOR('',#2854,10.);
#789=VECTOR('',#2855,10.);
#790=VECTOR('',#2856,10.);
#791=VECTOR('',#2857,10.);
#792=VECTOR('',#2858,10.);
#793=VECTOR('',#2861,10.);
#794=VECTOR('',#2864,10.);
#795=VECTOR('',#2865,10.);
#796=VECTOR('',#2868,10.);
#797=VECTOR('',#2869,10.);
#798=VECTOR('',#2870,10.);
#799=VECTOR('',#2871,10.);
#800=VECTOR('',#2872,10.);
#801=VECTOR('',#2875,10.);
#802=VECTOR('',#2876,10.);
#803=VECTOR('',#2879,10.);
#804=VECTOR('',#2880,10.);
#805=VECTOR('',#2881,10.);
#806=VECTOR('',#2884,10.);
#807=VECTOR('',#2885,10.);
#808=VECTOR('',#2886,10.);
#809=VECTOR('',#2887,10.);
#810=VECTOR('',#2888,10.);
#811=VECTOR('',#2889,10.);
#812=VECTOR('',#2892,10.);
#813=VECTOR('',#2893,10.);
#814=VECTOR('',#2896,10.);
#815=VECTOR('',#2897,10.);
#816=VECTOR('',#2898,10.);
#817=VECTOR('',#2899,10.);
#818=VECTOR('',#2900,10.);
#819=VECTOR('',#2901,10.);
#820=VECTOR('',#2902,10.);
#821=VECTOR('',#2903,10.);
#822=VECTOR('',#2904,10.);
#823=VECTOR('',#2905,10.);
#824=VECTOR('',#2906,10.);
#825=VECTOR('',#2907,10.);
#826=VECTOR('',#2908,10.);
#827=VECTOR('',#2909,10.);
#828=VECTOR('',#2912,10.);
#829=VECTOR('',#2913,10.);
#830=VECTOR('',#2914,10.);
#831=VECTOR('',#2915,10.);
#832=VECTOR('',#2916,10.);
#833=VECTOR('',#2917,10.);
#834=VECTOR('',#2918,10.);
#835=VECTOR('',#2919,10.);
#836=VECTOR('',#2920,10.);
#837=VECTOR('',#2921,10.);
#838=VECTOR('',#2922,10.);
#839=VECTOR('',#2923,10.);
#840=VECTOR('',#2924,10.);
#841=VECTOR('',#2925,10.);
#842=VECTOR('',#2926,10.);
#843=VECTOR('',#2927,10.);
#844=VECTOR('',#2928,10.);
#845=VECTOR('',#2929,10.);
#846=VECTOR('',#2930,10.);
#847=VECTOR('',#2931,10.);
#848=VECTOR('',#2932,10.);
#849=VECTOR('',#2933,10.);
#850=VECTOR('',#2934,10.);
#851=VECTOR('',#2935,10.);
#852=VECTOR('',#2936,10.);
#853=VECTOR('',#2937,10.);
#854=VECTOR('',#2938,10.);
#855=VECTOR('',#2939,10.);
#856=VECTOR('',#2940,10.);
#857=VECTOR('',#2941,10.);
#858=VECTOR('',#2942,10.);
#859=VECTOR('',#2943,10.);
#860=VECTOR('',#2944,10.);
#861=VECTOR('',#2945,10.);
#862=VECTOR('',#2946,10.);
#863=VECTOR('',#2947,10.);
#864=VECTOR('',#2948,10.);
#865=VECTOR('',#2949,10.);
#866=VECTOR('',#2950,10.);
#867=VECTOR('',#2951,10.);
#868=VECTOR('',#2952,10.);
#869=VECTOR('',#2953,10.);
#870=VECTOR('',#2954,10.);
#871=VECTOR('',#2955,10.);
#872=VECTOR('',#2956,10.);
#873=VECTOR('',#2957,10.);
#874=VECTOR('',#2958,10.);
#875=VECTOR('',#2959,10.);
#876=VECTOR('',#2960,10.);
#877=VECTOR('',#2961,10.);
#878=VECTOR('',#2962,10.);
#879=VECTOR('',#2963,10.);
#880=VECTOR('',#2964,10.);
#881=VECTOR('',#2965,10.);
#882=VECTOR('',#2966,10.);
#883=VECTOR('',#2967,10.);
#884=VECTOR('',#2968,10.);
#885=VECTOR('',#2969,10.);
#886=VECTOR('',#2970,10.);
#887=VECTOR('',#2971,10.);
#888=VECTOR('',#2972,10.);
#889=VECTOR('',#2973,10.);
#890=VECTOR('',#2974,10.);
#891=VECTOR('',#2975,10.);
#892=VECTOR('',#2976,10.);
#893=VECTOR('',#2977,10.);
#894=VECTOR('',#2978,10.);
#895=VECTOR('',#2979,10.);
#896=VECTOR('',#2980,10.);
#897=VECTOR('',#2981,10.);
#898=VECTOR('',#2982,10.);
#899=VECTOR('',#2983,10.);
#900=VECTOR('',#2986,10.);
#901=VECTOR('',#2987,10.);
#902=VECTOR('',#2988,10.);
#903=VECTOR('',#2989,10.);
#904=VECTOR('',#2990,10.);
#905=VECTOR('',#2991,10.);
#906=VECTOR('',#2992,10.);
#907=VECTOR('',#2993,10.);
#908=VECTOR('',#2994,10.);
#909=VECTOR('',#2995,10.);
#910=VECTOR('',#2996,10.);
#911=VECTOR('',#2997,10.);
#912=VECTOR('',#2998,10.);
#913=VECTOR('',#2999,10.);
#914=VECTOR('',#3000,10.);
#915=VECTOR('',#3001,10.);
#916=VECTOR('',#3002,10.);
#917=VECTOR('',#3003,10.);
#918=VECTOR('',#3004,10.);
#919=VECTOR('',#3005,10.);
#920=VECTOR('',#3006,10.);
#921=VECTOR('',#3007,10.);
#922=VECTOR('',#3008,10.);
#923=VECTOR('',#3009,10.);
#924=VECTOR('',#3010,10.);
#925=VECTOR('',#3011,10.);
#926=VECTOR('',#3012,10.);
#927=VECTOR('',#3013,10.);
#928=VECTOR('',#3014,10.);
#929=VECTOR('',#3015,10.);
#930=VECTOR('',#3016,10.);
#931=VECTOR('',#3017,10.);
#932=VECTOR('',#3018,10.);
#933=VECTOR('',#3019,10.);
#934=VECTOR('',#3020,10.);
#935=VECTOR('',#3021,10.);
#936=VECTOR('',#3022,10.);
#937=VECTOR('',#3023,10.);
#938=VECTOR('',#3024,10.);
#939=VECTOR('',#3025,10.);
#940=VECTOR('',#3026,10.);
#941=VECTOR('',#3027,10.);
#942=VECTOR('',#3028,10.);
#943=VECTOR('',#3029,10.);
#944=VECTOR('',#3030,10.);
#945=VECTOR('',#3031,10.);
#946=VECTOR('',#3032,10.);
#947=VECTOR('',#3035,10.);
#948=VECTOR('',#3036,10.);
#949=VECTOR('',#3043,10.);
#950=VECTOR('',#3044,10.);
#951=VECTOR('',#3051,10.);
#952=VECTOR('',#3052,10.);
#953=VECTOR('',#3055,10.);
#954=VECTOR('',#3056,10.);
#955=VECTOR('',#3059,10.);
#956=VECTOR('',#3060,10.);
#957=VECTOR('',#3063,10.);
#958=VECTOR('',#3064,10.);
#959=VECTOR('',#3067,10.);
#960=VECTOR('',#3068,10.);
#961=VECTOR('',#3071,10.);
#962=VECTOR('',#3072,10.);
#963=VECTOR('',#3075,10.);
#964=VECTOR('',#3076,10.);
#965=VECTOR('',#3079,10.);
#966=VECTOR('',#3080,10.);
#967=VECTOR('',#3083,10.);
#968=VECTOR('',#3084,10.);
#969=VECTOR('',#3087,10.);
#970=VECTOR('',#3088,10.);
#971=VECTOR('',#3091,10.);
#972=VECTOR('',#3092,10.);
#973=VECTOR('',#3095,10.);
#974=VECTOR('',#3096,10.);
#975=VECTOR('',#3099,10.);
#976=VECTOR('',#3100,10.);
#977=VECTOR('',#3103,10.);
#978=VECTOR('',#3104,10.);
#979=VECTOR('',#3107,10.);
#980=VECTOR('',#3108,10.);
#981=VECTOR('',#3111,10.);
#982=VECTOR('',#3112,10.);
#983=VECTOR('',#3115,10.);
#984=VECTOR('',#3116,10.);
#985=VECTOR('',#3119,10.);
#986=VECTOR('',#3120,10.);
#987=VECTOR('',#3123,10.);
#988=VECTOR('',#3124,10.);
#989=VECTOR('',#3127,10.);
#990=VECTOR('',#3128,10.);
#991=VECTOR('',#3131,10.);
#992=VECTOR('',#3132,10.);
#993=VECTOR('',#3135,10.);
#994=VECTOR('',#3136,10.);
#995=VECTOR('',#3139,10.);
#996=VECTOR('',#3140,10.);
#997=VECTOR('',#3143,10.);
#998=VECTOR('',#3148,10.);
#999=VECTOR('',#3151,10.);
#1000=VECTOR('',#3154,10.);
#1001=VECTOR('',#3159,10.);
#1002=VECTOR('',#3164,10.);
#1003=VECTOR('',#3167,10.);
#1004=VECTOR('',#3170,10.);
#1005=VECTOR('',#3175,10.);
#1006=VECTOR('',#3180,10.);
#1007=VECTOR('',#3183,10.);
#1008=VECTOR('',#3186,10.);
#1009=VECTOR('',#3191,10.);
#1010=VECTOR('',#3196,10.);
#1011=VECTOR('',#3199,10.);
#1012=VECTOR('',#3202,10.);
#1013=VECTOR('',#3207,10.);
#1014=VECTOR('',#3212,10.);
#1015=VECTOR('',#3215,10.);
#1016=VECTOR('',#3218,10.);
#1017=VECTOR('',#3223,10.);
#1018=VECTOR('',#3228,10.);
#1019=VECTOR('',#3231,10.);
#1020=VECTOR('',#3234,10.);
#1021=VECTOR('',#3235,10.);
#1022=VECTOR('',#3236,10.);
#1023=VECTOR('',#3239,10.);
#1024=VECTOR('',#3240,10.);
#1025=VECTOR('',#3243,10.);
#1026=VECTOR('',#3246,10.);
#1027=VECTOR('',#3247,10.);
#1028=VECTOR('',#3256,10.);
#1029=VECTOR('',#3257,10.);
#1030=VECTOR('',#3262,10.);
#1031=VECTOR('',#3269,10.);
#1032=VECTOR('',#3296,10.);
#1033=VECTOR('',#3297,10.);
#1034=VECTOR('',#3300,10.);
#1035=VERTEX_POINT('',#3307);
#1036=VERTEX_POINT('',#3308);
#1037=VERTEX_POINT('',#3310);
#1038=VERTEX_POINT('',#3312);
#1039=VERTEX_POINT('',#3339);
#1040=VERTEX_POINT('',#3340);
#1041=VERTEX_POINT('',#3345);
#1042=VERTEX_POINT('',#3392);
#1043=VERTEX_POINT('',#3448);
#1044=VERTEX_POINT('',#3453);
#1045=VERTEX_POINT('',#3455);
#1046=VERTEX_POINT('',#3457);
#1047=VERTEX_POINT('',#3459);
#1048=VERTEX_POINT('',#3461);
#1049=VERTEX_POINT('',#3463);
#1050=VERTEX_POINT('',#3465);
#1051=VERTEX_POINT('',#3467);
#1052=VERTEX_POINT('',#3469);
#1053=VERTEX_POINT('',#3471);
#1054=VERTEX_POINT('',#3473);
#1055=VERTEX_POINT('',#3475);
#1056=VERTEX_POINT('',#3477);
#1057=VERTEX_POINT('',#3479);
#1058=VERTEX_POINT('',#3481);
#1059=VERTEX_POINT('',#3483);
#1060=VERTEX_POINT('',#3485);
#1061=VERTEX_POINT('',#3487);
#1062=VERTEX_POINT('',#3489);
#1063=VERTEX_POINT('',#3491);
#1064=VERTEX_POINT('',#3493);
#1065=VERTEX_POINT('',#3495);
#1066=VERTEX_POINT('',#3497);
#1067=VERTEX_POINT('',#3499);
#1068=VERTEX_POINT('',#3501);
#1069=VERTEX_POINT('',#3503);
#1070=VERTEX_POINT('',#3505);
#1071=VERTEX_POINT('',#3507);
#1072=VERTEX_POINT('',#3509);
#1073=VERTEX_POINT('',#3511);
#1074=VERTEX_POINT('',#3513);
#1075=VERTEX_POINT('',#3515);
#1076=VERTEX_POINT('',#3517);
#1077=VERTEX_POINT('',#3519);
#1078=VERTEX_POINT('',#3521);
#1079=VERTEX_POINT('',#3523);
#1080=VERTEX_POINT('',#3525);
#1081=VERTEX_POINT('',#3527);
#1082=VERTEX_POINT('',#3529);
#1083=VERTEX_POINT('',#3531);
#1084=VERTEX_POINT('',#3533);
#1085=VERTEX_POINT('',#3535);
#1086=VERTEX_POINT('',#3537);
#1087=VERTEX_POINT('',#3539);
#1088=VERTEX_POINT('',#3541);
#1089=VERTEX_POINT('',#3543);
#1090=VERTEX_POINT('',#3545);
#1091=VERTEX_POINT('',#3547);
#1092=VERTEX_POINT('',#3549);
#1093=VERTEX_POINT('',#3551);
#1094=VERTEX_POINT('',#3553);
#1095=VERTEX_POINT('',#3555);
#1096=VERTEX_POINT('',#3557);
#1097=VERTEX_POINT('',#3559);
#1098=VERTEX_POINT('',#3561);
#1099=VERTEX_POINT('',#3563);
#1100=VERTEX_POINT('',#3565);
#1101=VERTEX_POINT('',#3567);
#1102=VERTEX_POINT('',#3569);
#1103=VERTEX_POINT('',#3571);
#1104=VERTEX_POINT('',#3573);
#1105=VERTEX_POINT('',#3575);
#1106=VERTEX_POINT('',#3577);
#1107=VERTEX_POINT('',#3581);
#1108=VERTEX_POINT('',#3583);
#1109=VERTEX_POINT('',#3585);
#1110=VERTEX_POINT('',#3590);
#1111=VERTEX_POINT('',#3592);
#1112=VERTEX_POINT('',#3597);
#1113=VERTEX_POINT('',#3599);
#1114=VERTEX_POINT('',#3604);
#1115=VERTEX_POINT('',#3633);
#1116=VERTEX_POINT('',#3634);
#1117=VERTEX_POINT('',#3645);
#1118=VERTEX_POINT('',#3650);
#1119=VERTEX_POINT('',#3666);
#1120=VERTEX_POINT('',#3668);
#1121=VERTEX_POINT('',#3677);
#1122=VERTEX_POINT('',#3688);
#1123=VERTEX_POINT('',#3690);
#1124=VERTEX_POINT('',#3701);
#1125=VERTEX_POINT('',#3703);
#1126=VERTEX_POINT('',#3712);
#1127=VERTEX_POINT('',#3748);
#1128=VERTEX_POINT('',#3753);
#1129=VERTEX_POINT('',#3769);
#1130=VERTEX_POINT('',#3771);
#1131=VERTEX_POINT('',#3776);
#1132=VERTEX_POINT('',#3806);
#1133=VERTEX_POINT('',#3807);
#1134=VERTEX_POINT('',#3818);
#1135=VERTEX_POINT('',#3823);
#1136=VERTEX_POINT('',#3839);
#1137=VERTEX_POINT('',#3841);
#1138=VERTEX_POINT('',#3845);
#1139=VERTEX_POINT('',#3857);
#1140=VERTEX_POINT('',#3859);
#1141=VERTEX_POINT('',#3861);
#1142=VERTEX_POINT('',#3863);
#1143=VERTEX_POINT('',#3874);
#1144=VERTEX_POINT('',#3876);
#1145=VERTEX_POINT('',#3912);
#1146=VERTEX_POINT('',#3913);
#1147=VERTEX_POINT('',#3924);
#1148=VERTEX_POINT('',#3929);
#1149=VERTEX_POINT('',#3945);
#1150=VERTEX_POINT('',#3947);
#1151=VERTEX_POINT('',#3954);
#1152=VERTEX_POINT('',#3966);
#1153=VERTEX_POINT('',#3978);
#1154=VERTEX_POINT('',#3987);
#1155=VERTEX_POINT('',#3989);
#1156=VERTEX_POINT('',#4000);
#1157=VERTEX_POINT('',#4002);
#1158=VERTEX_POINT('',#4011);
#1159=VERTEX_POINT('',#4013);
#1160=VERTEX_POINT('',#4024);
#1161=VERTEX_POINT('',#4026);
#1162=VERTEX_POINT('',#4028);
#1163=VERTEX_POINT('',#4030);
#1164=VERTEX_POINT('',#4040);
#1165=VERTEX_POINT('',#4051);
#1166=VERTEX_POINT('',#4053);
#1167=VERTEX_POINT('',#4073);
#1168=VERTEX_POINT('',#4074);
#1169=VERTEX_POINT('',#4076);
#1170=VERTEX_POINT('',#4131);
#1171=VERTEX_POINT('',#4216);
#1172=VERTEX_POINT('',#4217);
#1173=VERTEX_POINT('',#4219);
#1174=VERTEX_POINT('',#4222);
#1175=VERTEX_POINT('',#4225);
#1176=VERTEX_POINT('',#4228);
#1177=VERTEX_POINT('',#4229);
#1178=VERTEX_POINT('',#4231);
#1179=VERTEX_POINT('',#4234);
#1180=VERTEX_POINT('',#4235);
#1181=VERTEX_POINT('',#4237);
#1182=VERTEX_POINT('',#4240);
#1183=VERTEX_POINT('',#4241);
#1184=VERTEX_POINT('',#4243);
#1185=VERTEX_POINT('',#4246);
#1186=VERTEX_POINT('',#4249);
#1187=VERTEX_POINT('',#4252);
#1188=VERTEX_POINT('',#4253);
#1189=VERTEX_POINT('',#4255);
#1190=VERTEX_POINT('',#4258);
#1191=VERTEX_POINT('',#4259);
#1192=VERTEX_POINT('',#4261);
#1193=VERTEX_POINT('',#4264);
#1194=VERTEX_POINT('',#4265);
#1195=VERTEX_POINT('',#4267);
#1196=VERTEX_POINT('',#4270);
#1197=VERTEX_POINT('',#4273);
#1198=VERTEX_POINT('',#4276);
#1199=VERTEX_POINT('',#4279);
#1200=VERTEX_POINT('',#4282);
#1201=VERTEX_POINT('',#4285);
#1202=VERTEX_POINT('',#4286);
#1203=VERTEX_POINT('',#4288);
#1204=VERTEX_POINT('',#4291);
#1205=VERTEX_POINT('',#4294);
#1206=VERTEX_POINT('',#4297);
#1207=VERTEX_POINT('',#4300);
#1208=VERTEX_POINT('',#4301);
#1209=VERTEX_POINT('',#4303);
#1210=VERTEX_POINT('',#4306);
#1211=VERTEX_POINT('',#4307);
#1212=VERTEX_POINT('',#4309);
#1213=VERTEX_POINT('',#4312);
#1214=VERTEX_POINT('',#4313);
#1215=VERTEX_POINT('',#4315);
#1216=VERTEX_POINT('',#4318);
#1217=VERTEX_POINT('',#4319);
#1218=VERTEX_POINT('',#4321);
#1219=VERTEX_POINT('',#4324);
#1220=VERTEX_POINT('',#4325);
#1221=VERTEX_POINT('',#4327);
#1222=VERTEX_POINT('',#4336);
#1223=VERTEX_POINT('',#4338);
#1224=VERTEX_POINT('',#4341);
#1225=VERTEX_POINT('',#4389);
#1226=VERTEX_POINT('',#4390);
#1227=VERTEX_POINT('',#4392);
#1228=VERTEX_POINT('',#4401);
#1229=VERTEX_POINT('',#4403);
#1230=VERTEX_POINT('',#4405);
#1231=VERTEX_POINT('',#4407);
#1232=VERTEX_POINT('',#4409);
#1233=VERTEX_POINT('',#4509);
#1234=VERTEX_POINT('',#4514);
#1235=VERTEX_POINT('',#4601);
#1236=VERTEX_POINT('',#4603);
#1237=VERTEX_POINT('',#4606);
#1238=VERTEX_POINT('',#4608);
#1239=VERTEX_POINT('',#4610);
#1240=VERTEX_POINT('',#4612);
#1241=VERTEX_POINT('',#4615);
#1242=VERTEX_POINT('',#4617);
#1243=VERTEX_POINT('',#4620);
#1244=VERTEX_POINT('',#4622);
#1245=VERTEX_POINT('',#4624);
#1246=VERTEX_POINT('',#4626);
#1247=VERTEX_POINT('',#4629);
#1248=VERTEX_POINT('',#4631);
#1249=VERTEX_POINT('',#4634);
#1250=VERTEX_POINT('',#4636);
#1251=VERTEX_POINT('',#4638);
#1252=VERTEX_POINT('',#4640);
#1253=VERTEX_POINT('',#4643);
#1254=VERTEX_POINT('',#4645);
#1255=VERTEX_POINT('',#4648);
#1256=VERTEX_POINT('',#4650);
#1257=VERTEX_POINT('',#4652);
#1258=VERTEX_POINT('',#4654);
#1259=VERTEX_POINT('',#4657);
#1260=VERTEX_POINT('',#4659);
#1261=VERTEX_POINT('',#4662);
#1262=VERTEX_POINT('',#4664);
#1263=VERTEX_POINT('',#4666);
#1264=VERTEX_POINT('',#4668);
#1265=VERTEX_POINT('',#4671);
#1266=VERTEX_POINT('',#4673);
#1267=VERTEX_POINT('',#4676);
#1268=VERTEX_POINT('',#4678);
#1269=VERTEX_POINT('',#4680);
#1270=VERTEX_POINT('',#4684);
#1271=VERTEX_POINT('',#4700);
#1272=VERTEX_POINT('',#4842);
#1273=VERTEX_POINT('',#4844);
#1274=EDGE_CURVE('',#1035,#1036,#401,.T.);
#1275=EDGE_CURVE('',#1035,#1037,#402,.T.);
#1276=EDGE_CURVE('',#1038,#1037,#403,.T.);
#1277=EDGE_CURVE('',#1038,#1036,#404,.T.);
#1278=EDGE_CURVE('',#1039,#1040,#42,.T.);
#1279=EDGE_CURVE('',#1040,#1041,#43,.T.);
#1280=EDGE_CURVE('',#1041,#1042,#44,.T.);
#1281=EDGE_CURVE('',#1042,#1039,#45,.T.);
#1282=EDGE_CURVE('',#1040,#1035,#405,.T.);
#1283=EDGE_CURVE('',#1043,#1039,#46,.T.);
#1284=EDGE_CURVE('',#1044,#1043,#406,.T.);
#1285=EDGE_CURVE('',#1044,#1045,#407,.T.);
#1286=EDGE_CURVE('',#1045,#1046,#408,.T.);
#1287=EDGE_CURVE('',#1047,#1046,#409,.T.);
#1288=EDGE_CURVE('',#1047,#1048,#410,.T.);
#1289=EDGE_CURVE('',#1048,#1049,#411,.T.);
#1290=EDGE_CURVE('',#1049,#1050,#412,.T.);
#1291=EDGE_CURVE('',#1050,#1051,#413,.T.);
#1292=EDGE_CURVE('',#1051,#1052,#414,.T.);
#1293=EDGE_CURVE('',#1053,#1052,#415,.T.);
#1294=EDGE_CURVE('',#1053,#1054,#416,.T.);
#1295=EDGE_CURVE('',#1054,#1055,#417,.T.);
#1296=EDGE_CURVE('',#1055,#1056,#418,.T.);
#1297=EDGE_CURVE('',#1057,#1056,#419,.T.);
#1298=EDGE_CURVE('',#1057,#1058,#420,.T.);
#1299=EDGE_CURVE('',#1058,#1059,#421,.T.);
#1300=EDGE_CURVE('',#1059,#1060,#422,.T.);
#1301=EDGE_CURVE('',#1060,#1061,#423,.T.);
#1302=EDGE_CURVE('',#1061,#1062,#424,.T.);
#1303=EDGE_CURVE('',#1063,#1062,#425,.T.);
#1304=EDGE_CURVE('',#1063,#1064,#426,.T.);
#1305=EDGE_CURVE('',#1064,#1065,#427,.T.);
#1306=EDGE_CURVE('',#1065,#1066,#428,.T.);
#1307=EDGE_CURVE('',#1067,#1066,#429,.T.);
#1308=EDGE_CURVE('',#1067,#1068,#430,.T.);
#1309=EDGE_CURVE('',#1068,#1069,#431,.T.);
#1310=EDGE_CURVE('',#1069,#1070,#432,.T.);
#1311=EDGE_CURVE('',#1070,#1071,#433,.T.);
#1312=EDGE_CURVE('',#1071,#1072,#434,.T.);
#1313=EDGE_CURVE('',#1073,#1072,#435,.T.);
#1314=EDGE_CURVE('',#1073,#1074,#436,.T.);
#1315=EDGE_CURVE('',#1074,#1075,#437,.T.);
#1316=EDGE_CURVE('',#1075,#1076,#438,.T.);
#1317=EDGE_CURVE('',#1077,#1076,#439,.T.);
#1318=EDGE_CURVE('',#1077,#1078,#440,.T.);
#1319=EDGE_CURVE('',#1078,#1079,#441,.T.);
#1320=EDGE_CURVE('',#1079,#1080,#442,.T.);
#1321=EDGE_CURVE('',#1080,#1081,#443,.T.);
#1322=EDGE_CURVE('',#1081,#1082,#444,.T.);
#1323=EDGE_CURVE('',#1083,#1082,#445,.T.);
#1324=EDGE_CURVE('',#1083,#1084,#446,.T.);
#1325=EDGE_CURVE('',#1084,#1085,#447,.T.);
#1326=EDGE_CURVE('',#1085,#1086,#448,.T.);
#1327=EDGE_CURVE('',#1087,#1086,#449,.T.);
#1328=EDGE_CURVE('',#1087,#1088,#450,.T.);
#1329=EDGE_CURVE('',#1088,#1089,#451,.T.);
#1330=EDGE_CURVE('',#1089,#1090,#452,.T.);
#1331=EDGE_CURVE('',#1090,#1091,#453,.T.);
#1332=EDGE_CURVE('',#1091,#1092,#454,.T.);
#1333=EDGE_CURVE('',#1093,#1092,#455,.T.);
#1334=EDGE_CURVE('',#1093,#1094,#456,.T.);
#1335=EDGE_CURVE('',#1094,#1095,#457,.T.);
#1336=EDGE_CURVE('',#1095,#1096,#458,.T.);
#1337=EDGE_CURVE('',#1097,#1096,#459,.T.);
#1338=EDGE_CURVE('',#1097,#1098,#460,.T.);
#1339=EDGE_CURVE('',#1098,#1099,#461,.T.);
#1340=EDGE_CURVE('',#1099,#1100,#462,.T.);
#1341=EDGE_CURVE('',#1100,#1101,#463,.T.);
#1342=EDGE_CURVE('',#1101,#1102,#464,.T.);
#1343=EDGE_CURVE('',#1103,#1102,#465,.T.);
#1344=EDGE_CURVE('',#1104,#1103,#466,.T.);
#1345=EDGE_CURVE('',#1104,#1105,#467,.T.);
#1346=EDGE_CURVE('',#1105,#1106,#468,.T.);
#1347=EDGE_CURVE('',#1037,#1106,#469,.T.);
#1348=EDGE_CURVE('',#1107,#1038,#470,.T.);
#1349=EDGE_CURVE('',#1108,#1107,#471,.T.);
#1350=EDGE_CURVE('',#1109,#1108,#47,.T.);
#1351=EDGE_CURVE('',#1110,#1109,#472,.T.);
#1352=EDGE_CURVE('',#1111,#1110,#48,.T.);
#1353=EDGE_CURVE('',#1112,#1111,#473,.T.);
#1354=EDGE_CURVE('',#1113,#1112,#49,.T.);
#1355=EDGE_CURVE('',#1114,#1113,#474,.T.);
#1356=EDGE_CURVE('',#1036,#1114,#475,.T.);
#1357=EDGE_CURVE('',#1107,#1106,#476,.T.);
#1358=EDGE_CURVE('',#1115,#1116,#50,.T.);
#1359=EDGE_CURVE('',#1116,#1117,#51,.T.);
#1360=EDGE_CURVE('',#1117,#1118,#52,.F.);
#1361=EDGE_CURVE('',#1118,#1115,#53,.T.);
#1362=EDGE_CURVE('',#1119,#1116,#477,.T.);
#1363=EDGE_CURVE('',#1120,#1119,#54,.T.);
#1364=EDGE_CURVE('',#1117,#1120,#478,.T.);
#1365=EDGE_CURVE('',#1115,#1041,#479,.T.);
#1366=EDGE_CURVE('',#1041,#1114,#480,.T.);
#1367=EDGE_CURVE('',#1121,#1113,#55,.T.);
#1368=EDGE_CURVE('',#1121,#1122,#481,.T.);
#1369=EDGE_CURVE('',#1123,#1122,#56,.T.);
#1370=EDGE_CURVE('',#1123,#1124,#482,.T.);
#1371=EDGE_CURVE('',#1124,#1125,#57,.T.);
#1372=EDGE_CURVE('',#1125,#1126,#483,.T.);
#1373=EDGE_CURVE('',#1119,#1126,#58,.T.);
#1374=EDGE_CURVE('',#1122,#1127,#59,.T.);
#1375=EDGE_CURVE('',#1127,#1128,#60,.F.);
#1376=EDGE_CURVE('',#1128,#1123,#61,.T.);
#1377=EDGE_CURVE('',#1127,#1129,#484,.T.);
#1378=EDGE_CURVE('',#1130,#1121,#62,.T.);
#1379=EDGE_CURVE('',#1131,#1130,#485,.T.);
#1380=EDGE_CURVE('',#1129,#1131,#63,.T.);
#1381=EDGE_CURVE('',#1132,#1133,#64,.T.);
#1382=EDGE_CURVE('',#1133,#1134,#65,.T.);
#1383=EDGE_CURVE('',#1134,#1135,#66,.F.);
#1384=EDGE_CURVE('',#1135,#1132,#67,.T.);
#1385=EDGE_CURVE('',#1136,#1133,#486,.T.);
#1386=EDGE_CURVE('',#1137,#1136,#487,.T.);
#1387=EDGE_CURVE('',#1134,#1137,#488,.T.);
#1388=EDGE_CURVE('',#1132,#1138,#489,.T.);
#1389=EDGE_CURVE('',#1108,#1138,#68,.T.);
#1390=EDGE_CURVE('',#1106,#1139,#490,.T.);
#1391=EDGE_CURVE('',#1139,#1140,#491,.T.);
#1392=EDGE_CURVE('',#1140,#1141,#492,.T.);
#1393=EDGE_CURVE('',#1142,#1141,#69,.T.);
#1394=EDGE_CURVE('',#1142,#1143,#493,.T.);
#1395=EDGE_CURVE('',#1143,#1144,#494,.T.);
#1396=EDGE_CURVE('',#1136,#1144,#70,.T.);
#1397=EDGE_CURVE('',#1145,#1146,#71,.T.);
#1398=EDGE_CURVE('',#1146,#1147,#72,.T.);
#1399=EDGE_CURVE('',#1147,#1148,#73,.T.);
#1400=EDGE_CURVE('',#1148,#1145,#74,.T.);
#1401=EDGE_CURVE('',#1149,#1146,#495,.T.);
#1402=EDGE_CURVE('',#1150,#1149,#75,.T.);
#1403=EDGE_CURVE('',#1147,#1150,#496,.T.);
#1404=EDGE_CURVE('',#1145,#1151,#497,.T.);
#1405=EDGE_CURVE('',#1110,#1151,#76,.T.);
#1406=EDGE_CURVE('',#1152,#1109,#77,.F.);
#1407=EDGE_CURVE('',#1152,#1135,#498,.T.);
#1408=EDGE_CURVE('',#1153,#1137,#78,.F.);
#1409=EDGE_CURVE('',#1153,#1154,#499,.T.);
#1410=EDGE_CURVE('',#1155,#1154,#79,.F.);
#1411=EDGE_CURVE('',#1155,#1156,#500,.T.);
#1412=EDGE_CURVE('',#1157,#1156,#80,.T.);
#1413=EDGE_CURVE('',#1157,#1158,#501,.T.);
#1414=EDGE_CURVE('',#1159,#1158,#81,.T.);
#1415=EDGE_CURVE('',#1159,#1160,#502,.T.);
#1416=EDGE_CURVE('',#1160,#1161,#503,.T.);
#1417=EDGE_CURVE('',#1161,#1162,#504,.T.);
#1418=EDGE_CURVE('',#1163,#1162,#82,.F.);
#1419=EDGE_CURVE('',#1163,#1118,#505,.T.);
#1420=EDGE_CURVE('',#1164,#1120,#83,.F.);
#1421=EDGE_CURVE('',#1164,#1165,#506,.T.);
#1422=EDGE_CURVE('',#1166,#1165,#84,.T.);
#1423=EDGE_CURVE('',#1166,#1128,#507,.T.);
#1424=EDGE_CURVE('',#1149,#1129,#85,.T.);
#1425=EDGE_CURVE('',#1167,#1168,#508,.T.);
#1426=EDGE_CURVE('',#1168,#1169,#509,.T.);
#1427=EDGE_CURVE('',#1169,#1167,#510,.T.);
#1428=EDGE_CURVE('',#1138,#1152,#86,.T.);
#1429=EDGE_CURVE('',#1151,#1170,#87,.T.);
#1430=EDGE_CURVE('',#1170,#1111,#88,.T.);
#1431=EDGE_CURVE('',#1112,#1130,#89,.T.);
#1432=EDGE_CURVE('',#1131,#1150,#90,.T.);
#1433=EDGE_CURVE('',#1170,#1148,#511,.T.);
#1434=EDGE_CURVE('',#1171,#1172,#512,.T.);
#1435=EDGE_CURVE('',#1173,#1171,#513,.T.);
#1436=EDGE_CURVE('',#1172,#1173,#514,.T.);
#1437=EDGE_CURVE('',#1048,#1174,#515,.T.);
#1438=EDGE_CURVE('',#1174,#1047,#516,.T.);
#1439=EDGE_CURVE('',#1175,#1077,#517,.T.);
#1440=EDGE_CURVE('',#1078,#1175,#518,.T.);
#1441=EDGE_CURVE('',#1176,#1177,#519,.T.);
#1442=EDGE_CURVE('',#1178,#1176,#520,.T.);
#1443=EDGE_CURVE('',#1177,#1178,#521,.T.);
#1444=EDGE_CURVE('',#1179,#1180,#522,.T.);
#1445=EDGE_CURVE('',#1181,#1179,#523,.T.);
#1446=EDGE_CURVE('',#1180,#1181,#524,.T.);
#1447=EDGE_CURVE('',#1182,#1183,#525,.T.);
#1448=EDGE_CURVE('',#1184,#1182,#526,.T.);
#1449=EDGE_CURVE('',#1183,#1184,#527,.T.);
#1450=EDGE_CURVE('',#1185,#1063,#528,.T.);
#1451=EDGE_CURVE('',#1064,#1185,#529,.T.);
#1452=EDGE_CURVE('',#1068,#1186,#530,.T.);
#1453=EDGE_CURVE('',#1186,#1067,#531,.T.);
#1454=EDGE_CURVE('',#1187,#1188,#532,.T.);
#1455=EDGE_CURVE('',#1189,#1187,#533,.T.);
#1456=EDGE_CURVE('',#1188,#1189,#534,.T.);
#1457=EDGE_CURVE('',#1190,#1191,#535,.T.);
#1458=EDGE_CURVE('',#1192,#1190,#536,.T.);
#1459=EDGE_CURVE('',#1191,#1192,#537,.T.);
#1460=EDGE_CURVE('',#1193,#1194,#538,.T.);
#1461=EDGE_CURVE('',#1195,#1193,#539,.T.);
#1462=EDGE_CURVE('',#1194,#1195,#540,.T.);
#1463=EDGE_CURVE('',#1196,#1073,#541,.T.);
#1464=EDGE_CURVE('',#1074,#1196,#542,.T.);
#1465=EDGE_CURVE('',#1197,#1087,#543,.T.);
#1466=EDGE_CURVE('',#1088,#1197,#544,.T.);
#1467=EDGE_CURVE('',#1198,#1053,#545,.T.);
#1468=EDGE_CURVE('',#1054,#1198,#546,.T.);
#1469=EDGE_CURVE('',#1199,#1083,#547,.T.);
#1470=EDGE_CURVE('',#1084,#1199,#548,.T.);
#1471=EDGE_CURVE('',#1200,#1097,#549,.T.);
#1472=EDGE_CURVE('',#1098,#1200,#550,.T.);
#1473=EDGE_CURVE('',#1201,#1202,#551,.T.);
#1474=EDGE_CURVE('',#1203,#1201,#552,.T.);
#1475=EDGE_CURVE('',#1202,#1203,#553,.T.);
#1476=EDGE_CURVE('',#1058,#1204,#554,.T.);
#1477=EDGE_CURVE('',#1204,#1057,#555,.T.);
#1478=EDGE_CURVE('',#1205,#1104,#556,.T.);
#1479=EDGE_CURVE('',#1105,#1205,#557,.T.);
#1480=EDGE_CURVE('',#1206,#1093,#558,.T.);
#1481=EDGE_CURVE('',#1094,#1206,#559,.T.);
#1482=EDGE_CURVE('',#1207,#1208,#560,.T.);
#1483=EDGE_CURVE('',#1209,#1207,#561,.T.);
#1484=EDGE_CURVE('',#1208,#1209,#562,.T.);
#1485=EDGE_CURVE('',#1210,#1211,#563,.T.);
#1486=EDGE_CURVE('',#1212,#1210,#564,.T.);
#1487=EDGE_CURVE('',#1211,#1212,#565,.T.);
#1488=EDGE_CURVE('',#1213,#1214,#566,.T.);
#1489=EDGE_CURVE('',#1215,#1213,#567,.T.);
#1490=EDGE_CURVE('',#1214,#1215,#568,.T.);
#1491=EDGE_CURVE('',#1216,#1217,#569,.T.);
#1492=EDGE_CURVE('',#1218,#1216,#570,.T.);
#1493=EDGE_CURVE('',#1217,#1218,#571,.T.);
#1494=EDGE_CURVE('',#1219,#1220,#572,.T.);
#1495=EDGE_CURVE('',#1221,#1220,#91,.F.);
#1496=EDGE_CURVE('',#1222,#1221,#573,.T.);
#1497=EDGE_CURVE('',#1223,#1222,#574,.T.);
#1498=EDGE_CURVE('',#1044,#1223,#575,.T.);
#1499=EDGE_CURVE('',#1224,#1043,#92,.T.);
#1500=EDGE_CURVE('',#1224,#1219,#576,.T.);
#1501=EDGE_CURVE('',#1225,#1226,#577,.T.);
#1502=EDGE_CURVE('',#1227,#1226,#93,.T.);
#1503=EDGE_CURVE('',#1228,#1227,#578,.T.);
#1504=EDGE_CURVE('',#1229,#1228,#579,.T.);
#1505=EDGE_CURVE('',#1230,#1229,#580,.T.);
#1506=EDGE_CURVE('',#1230,#1231,#581,.T.);
#1507=EDGE_CURVE('',#1232,#1231,#94,.T.);
#1508=EDGE_CURVE('',#1232,#1225,#582,.T.);
#1509=EDGE_CURVE('',#1042,#1224,#95,.T.);
#1510=EDGE_CURVE('',#1233,#1159,#96,.T.);
#1511=EDGE_CURVE('',#1158,#1234,#97,.T.);
#1512=EDGE_CURVE('',#1234,#1233,#98,.T.);
#1513=EDGE_CURVE('',#1234,#1232,#99,.T.);
#1514=EDGE_CURVE('',#1231,#1233,#100,.T.);
#1515=EDGE_CURVE('',#1230,#1235,#583,.T.);
#1516=EDGE_CURVE('',#1235,#1236,#584,.T.);
#1517=EDGE_CURVE('',#1212,#1236,#585,.T.);
#1518=EDGE_CURVE('',#1210,#1237,#586,.T.);
#1519=EDGE_CURVE('',#1237,#1238,#587,.T.);
#1520=EDGE_CURVE('',#1238,#1239,#588,.T.);
#1521=EDGE_CURVE('',#1239,#1240,#589,.T.);
#1522=EDGE_CURVE('',#1213,#1240,#590,.T.);
#1523=EDGE_CURVE('',#1214,#1241,#591,.T.);
#1524=EDGE_CURVE('',#1241,#1242,#592,.T.);
#1525=EDGE_CURVE('',#1218,#1242,#593,.T.);
#1526=EDGE_CURVE('',#1216,#1243,#594,.T.);
#1527=EDGE_CURVE('',#1243,#1244,#595,.T.);
#1528=EDGE_CURVE('',#1244,#1245,#596,.T.);
#1529=EDGE_CURVE('',#1245,#1246,#597,.T.);
#1530=EDGE_CURVE('',#1176,#1246,#598,.T.);
#1531=EDGE_CURVE('',#1177,#1247,#599,.T.);
#1532=EDGE_CURVE('',#1247,#1248,#600,.T.);
#1533=EDGE_CURVE('',#1184,#1248,#601,.T.);
#1534=EDGE_CURVE('',#1182,#1249,#602,.T.);
#1535=EDGE_CURVE('',#1249,#1250,#603,.T.);
#1536=EDGE_CURVE('',#1250,#1251,#604,.T.);
#1537=EDGE_CURVE('',#1251,#1252,#605,.T.);
#1538=EDGE_CURVE('',#1179,#1252,#606,.T.);
#1539=EDGE_CURVE('',#1180,#1253,#607,.T.);
#1540=EDGE_CURVE('',#1253,#1254,#608,.T.);
#1541=EDGE_CURVE('',#1191,#1254,#609,.T.);
#1542=EDGE_CURVE('',#1192,#1255,#610,.T.);
#1543=EDGE_CURVE('',#1255,#1256,#611,.T.);
#1544=EDGE_CURVE('',#1256,#1257,#612,.T.);
#1545=EDGE_CURVE('',#1257,#1258,#613,.T.);
#1546=EDGE_CURVE('',#1187,#1258,#614,.T.);
#1547=EDGE_CURVE('',#1188,#1259,#615,.T.);
#1548=EDGE_CURVE('',#1259,#1260,#616,.T.);
#1549=EDGE_CURVE('',#1208,#1260,#617,.T.);
#1550=EDGE_CURVE('',#1209,#1261,#618,.T.);
#1551=EDGE_CURVE('',#1261,#1262,#619,.T.);
#1552=EDGE_CURVE('',#1262,#1263,#620,.T.);
#1553=EDGE_CURVE('',#1263,#1264,#621,.T.);
#1554=EDGE_CURVE('',#1193,#1264,#622,.T.);
#1555=EDGE_CURVE('',#1194,#1265,#623,.T.);
#1556=EDGE_CURVE('',#1265,#1266,#624,.T.);
#1557=EDGE_CURVE('',#1201,#1266,#625,.T.);
#1558=EDGE_CURVE('',#1202,#1267,#626,.T.);
#1559=EDGE_CURVE('',#1267,#1268,#627,.T.);
#1560=EDGE_CURVE('',#1268,#1269,#628,.T.);
#1561=EDGE_CURVE('',#1269,#1160,#629,.T.);
#1562=EDGE_CURVE('',#1270,#1234,#630,.T.);
#1563=EDGE_CURVE('',#1270,#1225,#631,.T.);
#1564=EDGE_CURVE('',#1270,#1226,#101,.T.);
#1565=EDGE_CURVE('',#1157,#1270,#102,.T.);
#1566=EDGE_CURVE('',#1271,#1042,#632,.T.);
#1567=EDGE_CURVE('',#1271,#1219,#633,.T.);
#1568=EDGE_CURVE('',#1271,#1220,#103,.T.);
#1569=EDGE_CURVE('',#1163,#1271,#104,.T.);
#1570=EDGE_CURVE('',#1046,#1268,#634,.T.);
#1571=EDGE_CURVE('',#1269,#1045,#635,.T.);
#1572=EDGE_CURVE('',#1050,#1267,#636,.T.);
#1573=EDGE_CURVE('',#1268,#1049,#637,.T.);
#1574=EDGE_CURVE('',#1051,#1265,#638,.T.);
#1575=EDGE_CURVE('',#1266,#1050,#639,.T.);
#1576=EDGE_CURVE('',#1052,#1263,#640,.T.);
#1577=EDGE_CURVE('',#1264,#1051,#641,.T.);
#1578=EDGE_CURVE('',#1056,#1262,#642,.T.);
#1579=EDGE_CURVE('',#1263,#1055,#643,.T.);
#1580=EDGE_CURVE('',#1060,#1261,#644,.T.);
#1581=EDGE_CURVE('',#1262,#1059,#645,.T.);
#1582=EDGE_CURVE('',#1061,#1259,#646,.T.);
#1583=EDGE_CURVE('',#1260,#1060,#647,.T.);
#1584=EDGE_CURVE('',#1062,#1257,#648,.T.);
#1585=EDGE_CURVE('',#1258,#1061,#649,.T.);
#1586=EDGE_CURVE('',#1066,#1256,#650,.T.);
#1587=EDGE_CURVE('',#1257,#1065,#651,.T.);
#1588=EDGE_CURVE('',#1070,#1255,#652,.T.);
#1589=EDGE_CURVE('',#1256,#1069,#653,.T.);
#1590=EDGE_CURVE('',#1071,#1253,#654,.T.);
#1591=EDGE_CURVE('',#1254,#1070,#655,.T.);
#1592=EDGE_CURVE('',#1072,#1251,#656,.T.);
#1593=EDGE_CURVE('',#1252,#1071,#657,.T.);
#1594=EDGE_CURVE('',#1076,#1250,#658,.T.);
#1595=EDGE_CURVE('',#1251,#1075,#659,.T.);
#1596=EDGE_CURVE('',#1080,#1249,#660,.T.);
#1597=EDGE_CURVE('',#1250,#1079,#661,.T.);
#1598=EDGE_CURVE('',#1081,#1247,#662,.T.);
#1599=EDGE_CURVE('',#1248,#1080,#663,.T.);
#1600=EDGE_CURVE('',#1082,#1245,#664,.T.);
#1601=EDGE_CURVE('',#1246,#1081,#665,.T.);
#1602=EDGE_CURVE('',#1086,#1244,#666,.T.);
#1603=EDGE_CURVE('',#1245,#1085,#667,.T.);
#1604=EDGE_CURVE('',#1090,#1243,#668,.T.);
#1605=EDGE_CURVE('',#1244,#1089,#669,.T.);
#1606=EDGE_CURVE('',#1091,#1241,#670,.T.);
#1607=EDGE_CURVE('',#1242,#1090,#671,.T.);
#1608=EDGE_CURVE('',#1092,#1239,#672,.T.);
#1609=EDGE_CURVE('',#1240,#1091,#673,.T.);
#1610=EDGE_CURVE('',#1096,#1238,#674,.T.);
#1611=EDGE_CURVE('',#1239,#1095,#675,.T.);
#1612=EDGE_CURVE('',#1100,#1237,#676,.T.);
#1613=EDGE_CURVE('',#1238,#1099,#677,.T.);
#1614=EDGE_CURVE('',#1236,#1100,#678,.T.);
#1615=EDGE_CURVE('',#1101,#1235,#679,.T.);
#1616=EDGE_CURVE('',#1211,#1100,#680,.T.);
#1617=EDGE_CURVE('',#1200,#1238,#681,.T.);
#1618=EDGE_CURVE('',#1206,#1239,#682,.T.);
#1619=EDGE_CURVE('',#1215,#1091,#683,.T.);
#1620=EDGE_CURVE('',#1217,#1090,#684,.T.);
#1621=EDGE_CURVE('',#1197,#1244,#685,.T.);
#1622=EDGE_CURVE('',#1199,#1245,#686,.T.);
#1623=EDGE_CURVE('',#1178,#1081,#687,.T.);
#1624=EDGE_CURVE('',#1183,#1080,#688,.T.);
#1625=EDGE_CURVE('',#1175,#1250,#689,.T.);
#1626=EDGE_CURVE('',#1196,#1251,#690,.T.);
#1627=EDGE_CURVE('',#1181,#1071,#691,.T.);
#1628=EDGE_CURVE('',#1190,#1070,#692,.T.);
#1629=EDGE_CURVE('',#1186,#1256,#693,.T.);
#1630=EDGE_CURVE('',#1185,#1257,#694,.T.);
#1631=EDGE_CURVE('',#1189,#1061,#695,.T.);
#1632=EDGE_CURVE('',#1207,#1060,#696,.T.);
#1633=EDGE_CURVE('',#1204,#1262,#697,.T.);
#1634=EDGE_CURVE('',#1198,#1263,#698,.T.);
#1635=EDGE_CURVE('',#1195,#1051,#699,.T.);
#1636=EDGE_CURVE('',#1203,#1050,#700,.T.);
#1637=EDGE_CURVE('',#1174,#1268,#701,.T.);
#1638=EDGE_CURVE('',#1223,#1269,#702,.T.);
#1639=EDGE_CURVE('',#1102,#1272,#703,.T.);
#1640=EDGE_CURVE('',#1272,#1273,#704,.T.);
#1641=EDGE_CURVE('',#1273,#1103,#705,.T.);
#1642=EDGE_CURVE('',#1126,#1164,#105,.T.);
#1643=EDGE_CURVE('',#1141,#1155,#106,.T.);
#1644=EDGE_CURVE('',#1154,#1142,#107,.T.);
#1645=EDGE_CURVE('',#1153,#1143,#108,.T.);
#1646=EDGE_CURVE('',#1162,#1221,#706,.T.);
#1647=EDGE_CURVE('',#1156,#1227,#707,.T.);
#1648=EDGE_CURVE('',#1228,#1140,#708,.T.);
#1649=EDGE_CURVE('',#1222,#1161,#709,.T.);
#1650=EDGE_CURVE('',#1125,#1165,#109,.T.);
#1651=EDGE_CURVE('',#1124,#1166,#710,.T.);
#1652=EDGE_CURVE('',#1272,#1140,#711,.T.);
#1653=EDGE_CURVE('',#1139,#1273,#712,.T.);
#1654=EDGE_CURVE('',#1229,#1101,#713,.T.);
#1655=EDGE_CURVE('',#1205,#1139,#714,.T.);
#1656=EDGE_CURVE('',#1171,#1167,#715,.T.);
#1657=EDGE_CURVE('',#1173,#1169,#716,.T.);
#1658=EDGE_CURVE('',#1172,#1168,#717,.T.);
#1659=ORIENTED_EDGE('',*,*,#1274,.F.);
#1660=ORIENTED_EDGE('',*,*,#1275,.T.);
#1661=ORIENTED_EDGE('',*,*,#1276,.F.);
#1662=ORIENTED_EDGE('',*,*,#1277,.T.);
#1663=ORIENTED_EDGE('',*,*,#1278,.T.);
#1664=ORIENTED_EDGE('',*,*,#1279,.T.);
#1665=ORIENTED_EDGE('',*,*,#1280,.T.);
#1666=ORIENTED_EDGE('',*,*,#1281,.T.);
#1667=ORIENTED_EDGE('',*,*,#1282,.F.);
#1668=ORIENTED_EDGE('',*,*,#1278,.F.);
#1669=ORIENTED_EDGE('',*,*,#1283,.F.);
#1670=ORIENTED_EDGE('',*,*,#1284,.F.);
#1671=ORIENTED_EDGE('',*,*,#1285,.T.);
#1672=ORIENTED_EDGE('',*,*,#1286,.T.);
#1673=ORIENTED_EDGE('',*,*,#1287,.F.);
#1674=ORIENTED_EDGE('',*,*,#1288,.T.);
#1675=ORIENTED_EDGE('',*,*,#1289,.T.);
#1676=ORIENTED_EDGE('',*,*,#1290,.T.);
#1677=ORIENTED_EDGE('',*,*,#1291,.T.);
#1678=ORIENTED_EDGE('',*,*,#1292,.T.);
#1679=ORIENTED_EDGE('',*,*,#1293,.F.);
#1680=ORIENTED_EDGE('',*,*,#1294,.T.);
#1681=ORIENTED_EDGE('',*,*,#1295,.T.);
#1682=ORIENTED_EDGE('',*,*,#1296,.T.);
#1683=ORIENTED_EDGE('',*,*,#1297,.F.);
#1684=ORIENTED_EDGE('',*,*,#1298,.T.);
#1685=ORIENTED_EDGE('',*,*,#1299,.T.);
#1686=ORIENTED_EDGE('',*,*,#1300,.T.);
#1687=ORIENTED_EDGE('',*,*,#1301,.T.);
#1688=ORIENTED_EDGE('',*,*,#1302,.T.);
#1689=ORIENTED_EDGE('',*,*,#1303,.F.);
#1690=ORIENTED_EDGE('',*,*,#1304,.T.);
#1691=ORIENTED_EDGE('',*,*,#1305,.T.);
#1692=ORIENTED_EDGE('',*,*,#1306,.T.);
#1693=ORIENTED_EDGE('',*,*,#1307,.F.);
#1694=ORIENTED_EDGE('',*,*,#1308,.T.);
#1695=ORIENTED_EDGE('',*,*,#1309,.T.);
#1696=ORIENTED_EDGE('',*,*,#1310,.T.);
#1697=ORIENTED_EDGE('',*,*,#1311,.T.);
#1698=ORIENTED_EDGE('',*,*,#1312,.T.);
#1699=ORIENTED_EDGE('',*,*,#1313,.F.);
#1700=ORIENTED_EDGE('',*,*,#1314,.T.);
#1701=ORIENTED_EDGE('',*,*,#1315,.T.);
#1702=ORIENTED_EDGE('',*,*,#1316,.T.);
#1703=ORIENTED_EDGE('',*,*,#1317,.F.);
#1704=ORIENTED_EDGE('',*,*,#1318,.T.);
#1705=ORIENTED_EDGE('',*,*,#1319,.T.);
#1706=ORIENTED_EDGE('',*,*,#1320,.T.);
#1707=ORIENTED_EDGE('',*,*,#1321,.T.);
#1708=ORIENTED_EDGE('',*,*,#1322,.T.);
#1709=ORIENTED_EDGE('',*,*,#1323,.F.);
#1710=ORIENTED_EDGE('',*,*,#1324,.T.);
#1711=ORIENTED_EDGE('',*,*,#1325,.T.);
#1712=ORIENTED_EDGE('',*,*,#1326,.T.);
#1713=ORIENTED_EDGE('',*,*,#1327,.F.);
#1714=ORIENTED_EDGE('',*,*,#1328,.T.);
#1715=ORIENTED_EDGE('',*,*,#1329,.T.);
#1716=ORIENTED_EDGE('',*,*,#1330,.T.);
#1717=ORIENTED_EDGE('',*,*,#1331,.T.);
#1718=ORIENTED_EDGE('',*,*,#1332,.T.);
#1719=ORIENTED_EDGE('',*,*,#1333,.F.);
#1720=ORIENTED_EDGE('',*,*,#1334,.T.);
#1721=ORIENTED_EDGE('',*,*,#1335,.T.);
#1722=ORIENTED_EDGE('',*,*,#1336,.T.);
#1723=ORIENTED_EDGE('',*,*,#1337,.F.);
#1724=ORIENTED_EDGE('',*,*,#1338,.T.);
#1725=ORIENTED_EDGE('',*,*,#1339,.T.);
#1726=ORIENTED_EDGE('',*,*,#1340,.T.);
#1727=ORIENTED_EDGE('',*,*,#1341,.T.);
#1728=ORIENTED_EDGE('',*,*,#1342,.T.);
#1729=ORIENTED_EDGE('',*,*,#1343,.F.);
#1730=ORIENTED_EDGE('',*,*,#1344,.F.);
#1731=ORIENTED_EDGE('',*,*,#1345,.T.);
#1732=ORIENTED_EDGE('',*,*,#1346,.T.);
#1733=ORIENTED_EDGE('',*,*,#1347,.F.);
#1734=ORIENTED_EDGE('',*,*,#1275,.F.);
#1735=ORIENTED_EDGE('',*,*,#1277,.F.);
#1736=ORIENTED_EDGE('',*,*,#1348,.F.);
#1737=ORIENTED_EDGE('',*,*,#1349,.F.);
#1738=ORIENTED_EDGE('',*,*,#1350,.F.);
#1739=ORIENTED_EDGE('',*,*,#1351,.F.);
#1740=ORIENTED_EDGE('',*,*,#1352,.F.);
#1741=ORIENTED_EDGE('',*,*,#1353,.F.);
#1742=ORIENTED_EDGE('',*,*,#1354,.F.);
#1743=ORIENTED_EDGE('',*,*,#1355,.F.);
#1744=ORIENTED_EDGE('',*,*,#1356,.F.);
#1745=ORIENTED_EDGE('',*,*,#1276,.T.);
#1746=ORIENTED_EDGE('',*,*,#1347,.T.);
#1747=ORIENTED_EDGE('',*,*,#1357,.F.);
#1748=ORIENTED_EDGE('',*,*,#1348,.T.);
#1749=ORIENTED_EDGE('',*,*,#1358,.T.);
#1750=ORIENTED_EDGE('',*,*,#1359,.T.);
#1751=ORIENTED_EDGE('',*,*,#1360,.T.);
#1752=ORIENTED_EDGE('',*,*,#1361,.T.);
#1753=ORIENTED_EDGE('',*,*,#1359,.F.);
#1754=ORIENTED_EDGE('',*,*,#1362,.F.);
#1755=ORIENTED_EDGE('',*,*,#1363,.F.);
#1756=ORIENTED_EDGE('',*,*,#1364,.F.);
#1757=ORIENTED_EDGE('',*,*,#1358,.F.);
#1758=ORIENTED_EDGE('',*,*,#1365,.T.);
#1759=ORIENTED_EDGE('',*,*,#1366,.T.);
#1760=ORIENTED_EDGE('',*,*,#1355,.T.);
#1761=ORIENTED_EDGE('',*,*,#1367,.F.);
#1762=ORIENTED_EDGE('',*,*,#1368,.T.);
#1763=ORIENTED_EDGE('',*,*,#1369,.F.);
#1764=ORIENTED_EDGE('',*,*,#1370,.T.);
#1765=ORIENTED_EDGE('',*,*,#1371,.T.);
#1766=ORIENTED_EDGE('',*,*,#1372,.T.);
#1767=ORIENTED_EDGE('',*,*,#1373,.F.);
#1768=ORIENTED_EDGE('',*,*,#1362,.T.);
#1769=ORIENTED_EDGE('',*,*,#1369,.T.);
#1770=ORIENTED_EDGE('',*,*,#1374,.T.);
#1771=ORIENTED_EDGE('',*,*,#1375,.T.);
#1772=ORIENTED_EDGE('',*,*,#1376,.T.);
#1773=ORIENTED_EDGE('',*,*,#1377,.F.);
#1774=ORIENTED_EDGE('',*,*,#1374,.F.);
#1775=ORIENTED_EDGE('',*,*,#1368,.F.);
#1776=ORIENTED_EDGE('',*,*,#1378,.F.);
#1777=ORIENTED_EDGE('',*,*,#1379,.F.);
#1778=ORIENTED_EDGE('',*,*,#1380,.F.);
#1779=ORIENTED_EDGE('',*,*,#1381,.T.);
#1780=ORIENTED_EDGE('',*,*,#1382,.T.);
#1781=ORIENTED_EDGE('',*,*,#1383,.T.);
#1782=ORIENTED_EDGE('',*,*,#1384,.T.);
#1783=ORIENTED_EDGE('',*,*,#1382,.F.);
#1784=ORIENTED_EDGE('',*,*,#1385,.F.);
#1785=ORIENTED_EDGE('',*,*,#1386,.F.);
#1786=ORIENTED_EDGE('',*,*,#1387,.F.);
#1787=ORIENTED_EDGE('',*,*,#1381,.F.);
#1788=ORIENTED_EDGE('',*,*,#1388,.T.);
#1789=ORIENTED_EDGE('',*,*,#1389,.F.);
#1790=ORIENTED_EDGE('',*,*,#1349,.T.);
#1791=ORIENTED_EDGE('',*,*,#1357,.T.);
#1792=ORIENTED_EDGE('',*,*,#1390,.T.);
#1793=ORIENTED_EDGE('',*,*,#1391,.T.);
#1794=ORIENTED_EDGE('',*,*,#1392,.T.);
#1795=ORIENTED_EDGE('',*,*,#1393,.F.);
#1796=ORIENTED_EDGE('',*,*,#1394,.T.);
#1797=ORIENTED_EDGE('',*,*,#1395,.T.);
#1798=ORIENTED_EDGE('',*,*,#1396,.F.);
#1799=ORIENTED_EDGE('',*,*,#1385,.T.);
#1800=ORIENTED_EDGE('',*,*,#1397,.T.);
#1801=ORIENTED_EDGE('',*,*,#1398,.T.);
#1802=ORIENTED_EDGE('',*,*,#1399,.T.);
#1803=ORIENTED_EDGE('',*,*,#1400,.T.);
#1804=ORIENTED_EDGE('',*,*,#1398,.F.);
#1805=ORIENTED_EDGE('',*,*,#1401,.F.);
#1806=ORIENTED_EDGE('',*,*,#1402,.F.);
#1807=ORIENTED_EDGE('',*,*,#1403,.F.);
#1808=ORIENTED_EDGE('',*,*,#1397,.F.);
#1809=ORIENTED_EDGE('',*,*,#1404,.T.);
#1810=ORIENTED_EDGE('',*,*,#1405,.F.);
#1811=ORIENTED_EDGE('',*,*,#1351,.T.);
#1812=ORIENTED_EDGE('',*,*,#1406,.F.);
#1813=ORIENTED_EDGE('',*,*,#1407,.T.);
#1814=ORIENTED_EDGE('',*,*,#1383,.F.);
#1815=ORIENTED_EDGE('',*,*,#1387,.T.);
#1816=ORIENTED_EDGE('',*,*,#1408,.F.);
#1817=ORIENTED_EDGE('',*,*,#1409,.T.);
#1818=ORIENTED_EDGE('',*,*,#1410,.F.);
#1819=ORIENTED_EDGE('',*,*,#1411,.T.);
#1820=ORIENTED_EDGE('',*,*,#1412,.F.);
#1821=ORIENTED_EDGE('',*,*,#1413,.T.);
#1822=ORIENTED_EDGE('',*,*,#1414,.F.);
#1823=ORIENTED_EDGE('',*,*,#1415,.T.);
#1824=ORIENTED_EDGE('',*,*,#1416,.T.);
#1825=ORIENTED_EDGE('',*,*,#1417,.T.);
#1826=ORIENTED_EDGE('',*,*,#1418,.F.);
#1827=ORIENTED_EDGE('',*,*,#1419,.T.);
#1828=ORIENTED_EDGE('',*,*,#1360,.F.);
#1829=ORIENTED_EDGE('',*,*,#1364,.T.);
#1830=ORIENTED_EDGE('',*,*,#1420,.F.);
#1831=ORIENTED_EDGE('',*,*,#1421,.T.);
#1832=ORIENTED_EDGE('',*,*,#1422,.F.);
#1833=ORIENTED_EDGE('',*,*,#1423,.T.);
#1834=ORIENTED_EDGE('',*,*,#1375,.F.);
#1835=ORIENTED_EDGE('',*,*,#1377,.T.);
#1836=ORIENTED_EDGE('',*,*,#1424,.F.);
#1837=ORIENTED_EDGE('',*,*,#1401,.T.);
#1838=ORIENTED_EDGE('',*,*,#1425,.T.);
#1839=ORIENTED_EDGE('',*,*,#1426,.T.);
#1840=ORIENTED_EDGE('',*,*,#1427,.T.);
#1841=ORIENTED_EDGE('',*,*,#1389,.T.);
#1842=ORIENTED_EDGE('',*,*,#1428,.T.);
#1843=ORIENTED_EDGE('',*,*,#1406,.T.);
#1844=ORIENTED_EDGE('',*,*,#1350,.T.);
#1845=ORIENTED_EDGE('',*,*,#1405,.T.);
#1846=ORIENTED_EDGE('',*,*,#1429,.T.);
#1847=ORIENTED_EDGE('',*,*,#1430,.T.);
#1848=ORIENTED_EDGE('',*,*,#1352,.T.);
#1849=ORIENTED_EDGE('',*,*,#1367,.T.);
#1850=ORIENTED_EDGE('',*,*,#1354,.T.);
#1851=ORIENTED_EDGE('',*,*,#1431,.T.);
#1852=ORIENTED_EDGE('',*,*,#1378,.T.);
#1853=ORIENTED_EDGE('',*,*,#1424,.T.);
#1854=ORIENTED_EDGE('',*,*,#1380,.T.);
#1855=ORIENTED_EDGE('',*,*,#1432,.T.);
#1856=ORIENTED_EDGE('',*,*,#1402,.T.);
#1857=ORIENTED_EDGE('',*,*,#1399,.F.);
#1858=ORIENTED_EDGE('',*,*,#1403,.T.);
#1859=ORIENTED_EDGE('',*,*,#1432,.F.);
#1860=ORIENTED_EDGE('',*,*,#1379,.T.);
#1861=ORIENTED_EDGE('',*,*,#1431,.F.);
#1862=ORIENTED_EDGE('',*,*,#1353,.T.);
#1863=ORIENTED_EDGE('',*,*,#1430,.F.);
#1864=ORIENTED_EDGE('',*,*,#1433,.T.);
#1865=ORIENTED_EDGE('',*,*,#1434,.F.);
#1866=ORIENTED_EDGE('',*,*,#1435,.F.);
#1867=ORIENTED_EDGE('',*,*,#1436,.F.);
#1868=ORIENTED_EDGE('',*,*,#1437,.F.);
#1869=ORIENTED_EDGE('',*,*,#1288,.F.);
#1870=ORIENTED_EDGE('',*,*,#1438,.F.);
#1871=ORIENTED_EDGE('',*,*,#1439,.F.);
#1872=ORIENTED_EDGE('',*,*,#1440,.F.);
#1873=ORIENTED_EDGE('',*,*,#1318,.F.);
#1874=ORIENTED_EDGE('',*,*,#1441,.F.);
#1875=ORIENTED_EDGE('',*,*,#1442,.F.);
#1876=ORIENTED_EDGE('',*,*,#1443,.F.);
#1877=ORIENTED_EDGE('',*,*,#1444,.F.);
#1878=ORIENTED_EDGE('',*,*,#1445,.F.);
#1879=ORIENTED_EDGE('',*,*,#1446,.F.);
#1880=ORIENTED_EDGE('',*,*,#1447,.F.);
#1881=ORIENTED_EDGE('',*,*,#1448,.F.);
#1882=ORIENTED_EDGE('',*,*,#1449,.F.);
#1883=ORIENTED_EDGE('',*,*,#1304,.F.);
#1884=ORIENTED_EDGE('',*,*,#1450,.F.);
#1885=ORIENTED_EDGE('',*,*,#1451,.F.);
#1886=ORIENTED_EDGE('',*,*,#1452,.F.);
#1887=ORIENTED_EDGE('',*,*,#1308,.F.);
#1888=ORIENTED_EDGE('',*,*,#1453,.F.);
#1889=ORIENTED_EDGE('',*,*,#1454,.F.);
#1890=ORIENTED_EDGE('',*,*,#1455,.F.);
#1891=ORIENTED_EDGE('',*,*,#1456,.F.);
#1892=ORIENTED_EDGE('',*,*,#1457,.F.);
#1893=ORIENTED_EDGE('',*,*,#1458,.F.);
#1894=ORIENTED_EDGE('',*,*,#1459,.F.);
#1895=ORIENTED_EDGE('',*,*,#1460,.F.);
#1896=ORIENTED_EDGE('',*,*,#1461,.F.);
#1897=ORIENTED_EDGE('',*,*,#1462,.F.);
#1898=ORIENTED_EDGE('',*,*,#1314,.F.);
#1899=ORIENTED_EDGE('',*,*,#1463,.F.);
#1900=ORIENTED_EDGE('',*,*,#1464,.F.);
#1901=ORIENTED_EDGE('',*,*,#1465,.F.);
#1902=ORIENTED_EDGE('',*,*,#1466,.F.);
#1903=ORIENTED_EDGE('',*,*,#1328,.F.);
#1904=ORIENTED_EDGE('',*,*,#1294,.F.);
#1905=ORIENTED_EDGE('',*,*,#1467,.F.);
#1906=ORIENTED_EDGE('',*,*,#1468,.F.);
#1907=ORIENTED_EDGE('',*,*,#1324,.F.);
#1908=ORIENTED_EDGE('',*,*,#1469,.F.);
#1909=ORIENTED_EDGE('',*,*,#1470,.F.);
#1910=ORIENTED_EDGE('',*,*,#1338,.F.);
#1911=ORIENTED_EDGE('',*,*,#1471,.F.);
#1912=ORIENTED_EDGE('',*,*,#1472,.F.);
#1913=ORIENTED_EDGE('',*,*,#1473,.F.);
#1914=ORIENTED_EDGE('',*,*,#1474,.F.);
#1915=ORIENTED_EDGE('',*,*,#1475,.F.);
#1916=ORIENTED_EDGE('',*,*,#1476,.F.);
#1917=ORIENTED_EDGE('',*,*,#1298,.F.);
#1918=ORIENTED_EDGE('',*,*,#1477,.F.);
#1919=ORIENTED_EDGE('',*,*,#1478,.F.);
#1920=ORIENTED_EDGE('',*,*,#1479,.F.);
#1921=ORIENTED_EDGE('',*,*,#1345,.F.);
#1922=ORIENTED_EDGE('',*,*,#1334,.F.);
#1923=ORIENTED_EDGE('',*,*,#1480,.F.);
#1924=ORIENTED_EDGE('',*,*,#1481,.F.);
#1925=ORIENTED_EDGE('',*,*,#1482,.F.);
#1926=ORIENTED_EDGE('',*,*,#1483,.F.);
#1927=ORIENTED_EDGE('',*,*,#1484,.F.);
#1928=ORIENTED_EDGE('',*,*,#1485,.F.);
#1929=ORIENTED_EDGE('',*,*,#1486,.F.);
#1930=ORIENTED_EDGE('',*,*,#1487,.F.);
#1931=ORIENTED_EDGE('',*,*,#1488,.F.);
#1932=ORIENTED_EDGE('',*,*,#1489,.F.);
#1933=ORIENTED_EDGE('',*,*,#1490,.F.);
#1934=ORIENTED_EDGE('',*,*,#1491,.F.);
#1935=ORIENTED_EDGE('',*,*,#1492,.F.);
#1936=ORIENTED_EDGE('',*,*,#1493,.F.);
#1937=ORIENTED_EDGE('',*,*,#1494,.T.);
#1938=ORIENTED_EDGE('',*,*,#1495,.F.);
#1939=ORIENTED_EDGE('',*,*,#1496,.F.);
#1940=ORIENTED_EDGE('',*,*,#1497,.F.);
#1941=ORIENTED_EDGE('',*,*,#1498,.F.);
#1942=ORIENTED_EDGE('',*,*,#1284,.T.);
#1943=ORIENTED_EDGE('',*,*,#1499,.F.);
#1944=ORIENTED_EDGE('',*,*,#1500,.T.);
#1945=ORIENTED_EDGE('',*,*,#1501,.T.);
#1946=ORIENTED_EDGE('',*,*,#1502,.F.);
#1947=ORIENTED_EDGE('',*,*,#1503,.F.);
#1948=ORIENTED_EDGE('',*,*,#1504,.F.);
#1949=ORIENTED_EDGE('',*,*,#1505,.F.);
#1950=ORIENTED_EDGE('',*,*,#1506,.T.);
#1951=ORIENTED_EDGE('',*,*,#1507,.F.);
#1952=ORIENTED_EDGE('',*,*,#1508,.T.);
#1953=ORIENTED_EDGE('',*,*,#1509,.T.);
#1954=ORIENTED_EDGE('',*,*,#1499,.T.);
#1955=ORIENTED_EDGE('',*,*,#1283,.T.);
#1956=ORIENTED_EDGE('',*,*,#1281,.F.);
#1957=ORIENTED_EDGE('',*,*,#1510,.T.);
#1958=ORIENTED_EDGE('',*,*,#1414,.T.);
#1959=ORIENTED_EDGE('',*,*,#1511,.T.);
#1960=ORIENTED_EDGE('',*,*,#1512,.T.);
#1961=ORIENTED_EDGE('',*,*,#1513,.T.);
#1962=ORIENTED_EDGE('',*,*,#1507,.T.);
#1963=ORIENTED_EDGE('',*,*,#1514,.T.);
#1964=ORIENTED_EDGE('',*,*,#1512,.F.);
#1965=ORIENTED_EDGE('',*,*,#1510,.F.);
#1966=ORIENTED_EDGE('',*,*,#1514,.F.);
#1967=ORIENTED_EDGE('',*,*,#1506,.F.);
#1968=ORIENTED_EDGE('',*,*,#1515,.T.);
#1969=ORIENTED_EDGE('',*,*,#1516,.T.);
#1970=ORIENTED_EDGE('',*,*,#1517,.F.);
#1971=ORIENTED_EDGE('',*,*,#1486,.T.);
#1972=ORIENTED_EDGE('',*,*,#1518,.T.);
#1973=ORIENTED_EDGE('',*,*,#1519,.T.);
#1974=ORIENTED_EDGE('',*,*,#1520,.T.);
#1975=ORIENTED_EDGE('',*,*,#1521,.T.);
#1976=ORIENTED_EDGE('',*,*,#1522,.F.);
#1977=ORIENTED_EDGE('',*,*,#1488,.T.);
#1978=ORIENTED_EDGE('',*,*,#1523,.T.);
#1979=ORIENTED_EDGE('',*,*,#1524,.T.);
#1980=ORIENTED_EDGE('',*,*,#1525,.F.);
#1981=ORIENTED_EDGE('',*,*,#1492,.T.);
#1982=ORIENTED_EDGE('',*,*,#1526,.T.);
#1983=ORIENTED_EDGE('',*,*,#1527,.T.);
#1984=ORIENTED_EDGE('',*,*,#1528,.T.);
#1985=ORIENTED_EDGE('',*,*,#1529,.T.);
#1986=ORIENTED_EDGE('',*,*,#1530,.F.);
#1987=ORIENTED_EDGE('',*,*,#1441,.T.);
#1988=ORIENTED_EDGE('',*,*,#1531,.T.);
#1989=ORIENTED_EDGE('',*,*,#1532,.T.);
#1990=ORIENTED_EDGE('',*,*,#1533,.F.);
#1991=ORIENTED_EDGE('',*,*,#1448,.T.);
#1992=ORIENTED_EDGE('',*,*,#1534,.T.);
#1993=ORIENTED_EDGE('',*,*,#1535,.T.);
#1994=ORIENTED_EDGE('',*,*,#1536,.T.);
#1995=ORIENTED_EDGE('',*,*,#1537,.T.);
#1996=ORIENTED_EDGE('',*,*,#1538,.F.);
#1997=ORIENTED_EDGE('',*,*,#1444,.T.);
#1998=ORIENTED_EDGE('',*,*,#1539,.T.);
#1999=ORIENTED_EDGE('',*,*,#1540,.T.);
#2000=ORIENTED_EDGE('',*,*,#1541,.F.);
#2001=ORIENTED_EDGE('',*,*,#1459,.T.);
#2002=ORIENTED_EDGE('',*,*,#1542,.T.);
#2003=ORIENTED_EDGE('',*,*,#1543,.T.);
#2004=ORIENTED_EDGE('',*,*,#1544,.T.);
#2005=ORIENTED_EDGE('',*,*,#1545,.T.);
#2006=ORIENTED_EDGE('',*,*,#1546,.F.);
#2007=ORIENTED_EDGE('',*,*,#1454,.T.);
#2008=ORIENTED_EDGE('',*,*,#1547,.T.);
#2009=ORIENTED_EDGE('',*,*,#1548,.T.);
#2010=ORIENTED_EDGE('',*,*,#1549,.F.);
#2011=ORIENTED_EDGE('',*,*,#1484,.T.);
#2012=ORIENTED_EDGE('',*,*,#1550,.T.);
#2013=ORIENTED_EDGE('',*,*,#1551,.T.);
#2014=ORIENTED_EDGE('',*,*,#1552,.T.);
#2015=ORIENTED_EDGE('',*,*,#1553,.T.);
#2016=ORIENTED_EDGE('',*,*,#1554,.F.);
#2017=ORIENTED_EDGE('',*,*,#1460,.T.);
#2018=ORIENTED_EDGE('',*,*,#1555,.T.);
#2019=ORIENTED_EDGE('',*,*,#1556,.T.);
#2020=ORIENTED_EDGE('',*,*,#1557,.F.);
#2021=ORIENTED_EDGE('',*,*,#1473,.T.);
#2022=ORIENTED_EDGE('',*,*,#1558,.T.);
#2023=ORIENTED_EDGE('',*,*,#1559,.T.);
#2024=ORIENTED_EDGE('',*,*,#1560,.T.);
#2025=ORIENTED_EDGE('',*,*,#1561,.T.);
#2026=ORIENTED_EDGE('',*,*,#1415,.F.);
#2027=ORIENTED_EDGE('',*,*,#1513,.F.);
#2028=ORIENTED_EDGE('',*,*,#1562,.F.);
#2029=ORIENTED_EDGE('',*,*,#1563,.T.);
#2030=ORIENTED_EDGE('',*,*,#1508,.F.);
#2031=ORIENTED_EDGE('',*,*,#1501,.F.);
#2032=ORIENTED_EDGE('',*,*,#1563,.F.);
#2033=ORIENTED_EDGE('',*,*,#1564,.T.);
#2034=ORIENTED_EDGE('',*,*,#1511,.F.);
#2035=ORIENTED_EDGE('',*,*,#1413,.F.);
#2036=ORIENTED_EDGE('',*,*,#1565,.T.);
#2037=ORIENTED_EDGE('',*,*,#1562,.T.);
#2038=ORIENTED_EDGE('',*,*,#1509,.F.);
#2039=ORIENTED_EDGE('',*,*,#1566,.F.);
#2040=ORIENTED_EDGE('',*,*,#1567,.T.);
#2041=ORIENTED_EDGE('',*,*,#1500,.F.);
#2042=ORIENTED_EDGE('',*,*,#1494,.F.);
#2043=ORIENTED_EDGE('',*,*,#1567,.F.);
#2044=ORIENTED_EDGE('',*,*,#1568,.T.);
#2045=ORIENTED_EDGE('',*,*,#1419,.F.);
#2046=ORIENTED_EDGE('',*,*,#1569,.T.);
#2047=ORIENTED_EDGE('',*,*,#1566,.T.);
#2048=ORIENTED_EDGE('',*,*,#1280,.F.);
#2049=ORIENTED_EDGE('',*,*,#1365,.F.);
#2050=ORIENTED_EDGE('',*,*,#1361,.F.);
#2051=ORIENTED_EDGE('',*,*,#1570,.F.);
#2052=ORIENTED_EDGE('',*,*,#1286,.F.);
#2053=ORIENTED_EDGE('',*,*,#1571,.F.);
#2054=ORIENTED_EDGE('',*,*,#1560,.F.);
#2055=ORIENTED_EDGE('',*,*,#1572,.F.);
#2056=ORIENTED_EDGE('',*,*,#1290,.F.);
#2057=ORIENTED_EDGE('',*,*,#1573,.F.);
#2058=ORIENTED_EDGE('',*,*,#1559,.F.);
#2059=ORIENTED_EDGE('',*,*,#1574,.F.);
#2060=ORIENTED_EDGE('',*,*,#1291,.F.);
#2061=ORIENTED_EDGE('',*,*,#1575,.F.);
#2062=ORIENTED_EDGE('',*,*,#1556,.F.);
#2063=ORIENTED_EDGE('',*,*,#1576,.F.);
#2064=ORIENTED_EDGE('',*,*,#1292,.F.);
#2065=ORIENTED_EDGE('',*,*,#1577,.F.);
#2066=ORIENTED_EDGE('',*,*,#1553,.F.);
#2067=ORIENTED_EDGE('',*,*,#1578,.F.);
#2068=ORIENTED_EDGE('',*,*,#1296,.F.);
#2069=ORIENTED_EDGE('',*,*,#1579,.F.);
#2070=ORIENTED_EDGE('',*,*,#1552,.F.);
#2071=ORIENTED_EDGE('',*,*,#1580,.F.);
#2072=ORIENTED_EDGE('',*,*,#1300,.F.);
#2073=ORIENTED_EDGE('',*,*,#1581,.F.);
#2074=ORIENTED_EDGE('',*,*,#1551,.F.);
#2075=ORIENTED_EDGE('',*,*,#1582,.F.);
#2076=ORIENTED_EDGE('',*,*,#1301,.F.);
#2077=ORIENTED_EDGE('',*,*,#1583,.F.);
#2078=ORIENTED_EDGE('',*,*,#1548,.F.);
#2079=ORIENTED_EDGE('',*,*,#1584,.F.);
#2080=ORIENTED_EDGE('',*,*,#1302,.F.);
#2081=ORIENTED_EDGE('',*,*,#1585,.F.);
#2082=ORIENTED_EDGE('',*,*,#1545,.F.);
#2083=ORIENTED_EDGE('',*,*,#1586,.F.);
#2084=ORIENTED_EDGE('',*,*,#1306,.F.);
#2085=ORIENTED_EDGE('',*,*,#1587,.F.);
#2086=ORIENTED_EDGE('',*,*,#1544,.F.);
#2087=ORIENTED_EDGE('',*,*,#1588,.F.);
#2088=ORIENTED_EDGE('',*,*,#1310,.F.);
#2089=ORIENTED_EDGE('',*,*,#1589,.F.);
#2090=ORIENTED_EDGE('',*,*,#1543,.F.);
#2091=ORIENTED_EDGE('',*,*,#1590,.F.);
#2092=ORIENTED_EDGE('',*,*,#1311,.F.);
#2093=ORIENTED_EDGE('',*,*,#1591,.F.);
#2094=ORIENTED_EDGE('',*,*,#1540,.F.);
#2095=ORIENTED_EDGE('',*,*,#1592,.F.);
#2096=ORIENTED_EDGE('',*,*,#1312,.F.);
#2097=ORIENTED_EDGE('',*,*,#1593,.F.);
#2098=ORIENTED_EDGE('',*,*,#1537,.F.);
#2099=ORIENTED_EDGE('',*,*,#1594,.F.);
#2100=ORIENTED_EDGE('',*,*,#1316,.F.);
#2101=ORIENTED_EDGE('',*,*,#1595,.F.);
#2102=ORIENTED_EDGE('',*,*,#1536,.F.);
#2103=ORIENTED_EDGE('',*,*,#1596,.F.);
#2104=ORIENTED_EDGE('',*,*,#1320,.F.);
#2105=ORIENTED_EDGE('',*,*,#1597,.F.);
#2106=ORIENTED_EDGE('',*,*,#1535,.F.);
#2107=ORIENTED_EDGE('',*,*,#1598,.F.);
#2108=ORIENTED_EDGE('',*,*,#1321,.F.);
#2109=ORIENTED_EDGE('',*,*,#1599,.F.);
#2110=ORIENTED_EDGE('',*,*,#1532,.F.);
#2111=ORIENTED_EDGE('',*,*,#1600,.F.);
#2112=ORIENTED_EDGE('',*,*,#1322,.F.);
#2113=ORIENTED_EDGE('',*,*,#1601,.F.);
#2114=ORIENTED_EDGE('',*,*,#1529,.F.);
#2115=ORIENTED_EDGE('',*,*,#1602,.F.);
#2116=ORIENTED_EDGE('',*,*,#1326,.F.);
#2117=ORIENTED_EDGE('',*,*,#1603,.F.);
#2118=ORIENTED_EDGE('',*,*,#1528,.F.);
#2119=ORIENTED_EDGE('',*,*,#1604,.F.);
#2120=ORIENTED_EDGE('',*,*,#1330,.F.);
#2121=ORIENTED_EDGE('',*,*,#1605,.F.);
#2122=ORIENTED_EDGE('',*,*,#1527,.F.);
#2123=ORIENTED_EDGE('',*,*,#1606,.F.);
#2124=ORIENTED_EDGE('',*,*,#1331,.F.);
#2125=ORIENTED_EDGE('',*,*,#1607,.F.);
#2126=ORIENTED_EDGE('',*,*,#1524,.F.);
#2127=ORIENTED_EDGE('',*,*,#1608,.F.);
#2128=ORIENTED_EDGE('',*,*,#1332,.F.);
#2129=ORIENTED_EDGE('',*,*,#1609,.F.);
#2130=ORIENTED_EDGE('',*,*,#1521,.F.);
#2131=ORIENTED_EDGE('',*,*,#1610,.F.);
#2132=ORIENTED_EDGE('',*,*,#1336,.F.);
#2133=ORIENTED_EDGE('',*,*,#1611,.F.);
#2134=ORIENTED_EDGE('',*,*,#1520,.F.);
#2135=ORIENTED_EDGE('',*,*,#1612,.F.);
#2136=ORIENTED_EDGE('',*,*,#1340,.F.);
#2137=ORIENTED_EDGE('',*,*,#1613,.F.);
#2138=ORIENTED_EDGE('',*,*,#1519,.F.);
#2139=ORIENTED_EDGE('',*,*,#1614,.F.);
#2140=ORIENTED_EDGE('',*,*,#1516,.F.);
#2141=ORIENTED_EDGE('',*,*,#1615,.F.);
#2142=ORIENTED_EDGE('',*,*,#1341,.F.);
#2143=ORIENTED_EDGE('',*,*,#1614,.T.);
#2144=ORIENTED_EDGE('',*,*,#1616,.F.);
#2145=ORIENTED_EDGE('',*,*,#1487,.T.);
#2146=ORIENTED_EDGE('',*,*,#1517,.T.);
#2147=ORIENTED_EDGE('',*,*,#1612,.T.);
#2148=ORIENTED_EDGE('',*,*,#1518,.F.);
#2149=ORIENTED_EDGE('',*,*,#1485,.T.);
#2150=ORIENTED_EDGE('',*,*,#1616,.T.);
#2151=ORIENTED_EDGE('',*,*,#1610,.T.);
#2152=ORIENTED_EDGE('',*,*,#1617,.F.);
#2153=ORIENTED_EDGE('',*,*,#1471,.T.);
#2154=ORIENTED_EDGE('',*,*,#1337,.T.);
#2155=ORIENTED_EDGE('',*,*,#1608,.T.);
#2156=ORIENTED_EDGE('',*,*,#1618,.F.);
#2157=ORIENTED_EDGE('',*,*,#1480,.T.);
#2158=ORIENTED_EDGE('',*,*,#1333,.T.);
#2159=ORIENTED_EDGE('',*,*,#1609,.T.);
#2160=ORIENTED_EDGE('',*,*,#1619,.F.);
#2161=ORIENTED_EDGE('',*,*,#1489,.T.);
#2162=ORIENTED_EDGE('',*,*,#1522,.T.);
#2163=ORIENTED_EDGE('',*,*,#1606,.T.);
#2164=ORIENTED_EDGE('',*,*,#1523,.F.);
#2165=ORIENTED_EDGE('',*,*,#1490,.T.);
#2166=ORIENTED_EDGE('',*,*,#1619,.T.);
#2167=ORIENTED_EDGE('',*,*,#1607,.T.);
#2168=ORIENTED_EDGE('',*,*,#1620,.F.);
#2169=ORIENTED_EDGE('',*,*,#1493,.T.);
#2170=ORIENTED_EDGE('',*,*,#1525,.T.);
#2171=ORIENTED_EDGE('',*,*,#1604,.T.);
#2172=ORIENTED_EDGE('',*,*,#1526,.F.);
#2173=ORIENTED_EDGE('',*,*,#1491,.T.);
#2174=ORIENTED_EDGE('',*,*,#1620,.T.);
#2175=ORIENTED_EDGE('',*,*,#1602,.T.);
#2176=ORIENTED_EDGE('',*,*,#1621,.F.);
#2177=ORIENTED_EDGE('',*,*,#1465,.T.);
#2178=ORIENTED_EDGE('',*,*,#1327,.T.);
#2179=ORIENTED_EDGE('',*,*,#1600,.T.);
#2180=ORIENTED_EDGE('',*,*,#1622,.F.);
#2181=ORIENTED_EDGE('',*,*,#1469,.T.);
#2182=ORIENTED_EDGE('',*,*,#1323,.T.);
#2183=ORIENTED_EDGE('',*,*,#1601,.T.);
#2184=ORIENTED_EDGE('',*,*,#1623,.F.);
#2185=ORIENTED_EDGE('',*,*,#1442,.T.);
#2186=ORIENTED_EDGE('',*,*,#1530,.T.);
#2187=ORIENTED_EDGE('',*,*,#1598,.T.);
#2188=ORIENTED_EDGE('',*,*,#1531,.F.);
#2189=ORIENTED_EDGE('',*,*,#1443,.T.);
#2190=ORIENTED_EDGE('',*,*,#1623,.T.);
#2191=ORIENTED_EDGE('',*,*,#1599,.T.);
#2192=ORIENTED_EDGE('',*,*,#1624,.F.);
#2193=ORIENTED_EDGE('',*,*,#1449,.T.);
#2194=ORIENTED_EDGE('',*,*,#1533,.T.);
#2195=ORIENTED_EDGE('',*,*,#1596,.T.);
#2196=ORIENTED_EDGE('',*,*,#1534,.F.);
#2197=ORIENTED_EDGE('',*,*,#1447,.T.);
#2198=ORIENTED_EDGE('',*,*,#1624,.T.);
#2199=ORIENTED_EDGE('',*,*,#1594,.T.);
#2200=ORIENTED_EDGE('',*,*,#1625,.F.);
#2201=ORIENTED_EDGE('',*,*,#1439,.T.);
#2202=ORIENTED_EDGE('',*,*,#1317,.T.);
#2203=ORIENTED_EDGE('',*,*,#1592,.T.);
#2204=ORIENTED_EDGE('',*,*,#1626,.F.);
#2205=ORIENTED_EDGE('',*,*,#1463,.T.);
#2206=ORIENTED_EDGE('',*,*,#1313,.T.);
#2207=ORIENTED_EDGE('',*,*,#1593,.T.);
#2208=ORIENTED_EDGE('',*,*,#1627,.F.);
#2209=ORIENTED_EDGE('',*,*,#1445,.T.);
#2210=ORIENTED_EDGE('',*,*,#1538,.T.);
#2211=ORIENTED_EDGE('',*,*,#1590,.T.);
#2212=ORIENTED_EDGE('',*,*,#1539,.F.);
#2213=ORIENTED_EDGE('',*,*,#1446,.T.);
#2214=ORIENTED_EDGE('',*,*,#1627,.T.);
#2215=ORIENTED_EDGE('',*,*,#1591,.T.);
#2216=ORIENTED_EDGE('',*,*,#1628,.F.);
#2217=ORIENTED_EDGE('',*,*,#1457,.T.);
#2218=ORIENTED_EDGE('',*,*,#1541,.T.);
#2219=ORIENTED_EDGE('',*,*,#1588,.T.);
#2220=ORIENTED_EDGE('',*,*,#1542,.F.);
#2221=ORIENTED_EDGE('',*,*,#1458,.T.);
#2222=ORIENTED_EDGE('',*,*,#1628,.T.);
#2223=ORIENTED_EDGE('',*,*,#1586,.T.);
#2224=ORIENTED_EDGE('',*,*,#1629,.F.);
#2225=ORIENTED_EDGE('',*,*,#1453,.T.);
#2226=ORIENTED_EDGE('',*,*,#1307,.T.);
#2227=ORIENTED_EDGE('',*,*,#1584,.T.);
#2228=ORIENTED_EDGE('',*,*,#1630,.F.);
#2229=ORIENTED_EDGE('',*,*,#1450,.T.);
#2230=ORIENTED_EDGE('',*,*,#1303,.T.);
#2231=ORIENTED_EDGE('',*,*,#1585,.T.);
#2232=ORIENTED_EDGE('',*,*,#1631,.F.);
#2233=ORIENTED_EDGE('',*,*,#1455,.T.);
#2234=ORIENTED_EDGE('',*,*,#1546,.T.);
#2235=ORIENTED_EDGE('',*,*,#1582,.T.);
#2236=ORIENTED_EDGE('',*,*,#1547,.F.);
#2237=ORIENTED_EDGE('',*,*,#1456,.T.);
#2238=ORIENTED_EDGE('',*,*,#1631,.T.);
#2239=ORIENTED_EDGE('',*,*,#1583,.T.);
#2240=ORIENTED_EDGE('',*,*,#1632,.F.);
#2241=ORIENTED_EDGE('',*,*,#1482,.T.);
#2242=ORIENTED_EDGE('',*,*,#1549,.T.);
#2243=ORIENTED_EDGE('',*,*,#1580,.T.);
#2244=ORIENTED_EDGE('',*,*,#1550,.F.);
#2245=ORIENTED_EDGE('',*,*,#1483,.T.);
#2246=ORIENTED_EDGE('',*,*,#1632,.T.);
#2247=ORIENTED_EDGE('',*,*,#1578,.T.);
#2248=ORIENTED_EDGE('',*,*,#1633,.F.);
#2249=ORIENTED_EDGE('',*,*,#1477,.T.);
#2250=ORIENTED_EDGE('',*,*,#1297,.T.);
#2251=ORIENTED_EDGE('',*,*,#1576,.T.);
#2252=ORIENTED_EDGE('',*,*,#1634,.F.);
#2253=ORIENTED_EDGE('',*,*,#1467,.T.);
#2254=ORIENTED_EDGE('',*,*,#1293,.T.);
#2255=ORIENTED_EDGE('',*,*,#1577,.T.);
#2256=ORIENTED_EDGE('',*,*,#1635,.F.);
#2257=ORIENTED_EDGE('',*,*,#1461,.T.);
#2258=ORIENTED_EDGE('',*,*,#1554,.T.);
#2259=ORIENTED_EDGE('',*,*,#1574,.T.);
#2260=ORIENTED_EDGE('',*,*,#1555,.F.);
#2261=ORIENTED_EDGE('',*,*,#1462,.T.);
#2262=ORIENTED_EDGE('',*,*,#1635,.T.);
#2263=ORIENTED_EDGE('',*,*,#1575,.T.);
#2264=ORIENTED_EDGE('',*,*,#1636,.F.);
#2265=ORIENTED_EDGE('',*,*,#1474,.T.);
#2266=ORIENTED_EDGE('',*,*,#1557,.T.);
#2267=ORIENTED_EDGE('',*,*,#1572,.T.);
#2268=ORIENTED_EDGE('',*,*,#1558,.F.);
#2269=ORIENTED_EDGE('',*,*,#1475,.T.);
#2270=ORIENTED_EDGE('',*,*,#1636,.T.);
#2271=ORIENTED_EDGE('',*,*,#1570,.T.);
#2272=ORIENTED_EDGE('',*,*,#1637,.F.);
#2273=ORIENTED_EDGE('',*,*,#1438,.T.);
#2274=ORIENTED_EDGE('',*,*,#1287,.T.);
#2275=ORIENTED_EDGE('',*,*,#1571,.T.);
#2276=ORIENTED_EDGE('',*,*,#1285,.F.);
#2277=ORIENTED_EDGE('',*,*,#1498,.T.);
#2278=ORIENTED_EDGE('',*,*,#1638,.T.);
#2279=ORIENTED_EDGE('',*,*,#1343,.T.);
#2280=ORIENTED_EDGE('',*,*,#1639,.T.);
#2281=ORIENTED_EDGE('',*,*,#1640,.T.);
#2282=ORIENTED_EDGE('',*,*,#1641,.T.);
#2283=ORIENTED_EDGE('',*,*,#1373,.T.);
#2284=ORIENTED_EDGE('',*,*,#1642,.T.);
#2285=ORIENTED_EDGE('',*,*,#1420,.T.);
#2286=ORIENTED_EDGE('',*,*,#1363,.T.);
#2287=ORIENTED_EDGE('',*,*,#1393,.T.);
#2288=ORIENTED_EDGE('',*,*,#1643,.T.);
#2289=ORIENTED_EDGE('',*,*,#1410,.T.);
#2290=ORIENTED_EDGE('',*,*,#1644,.T.);
#2291=ORIENTED_EDGE('',*,*,#1644,.F.);
#2292=ORIENTED_EDGE('',*,*,#1409,.F.);
#2293=ORIENTED_EDGE('',*,*,#1645,.T.);
#2294=ORIENTED_EDGE('',*,*,#1394,.F.);
#2295=ORIENTED_EDGE('',*,*,#1569,.F.);
#2296=ORIENTED_EDGE('',*,*,#1418,.T.);
#2297=ORIENTED_EDGE('',*,*,#1646,.T.);
#2298=ORIENTED_EDGE('',*,*,#1495,.T.);
#2299=ORIENTED_EDGE('',*,*,#1568,.F.);
#2300=ORIENTED_EDGE('',*,*,#1412,.T.);
#2301=ORIENTED_EDGE('',*,*,#1647,.T.);
#2302=ORIENTED_EDGE('',*,*,#1502,.T.);
#2303=ORIENTED_EDGE('',*,*,#1564,.F.);
#2304=ORIENTED_EDGE('',*,*,#1565,.F.);
#2305=ORIENTED_EDGE('',*,*,#1643,.F.);
#2306=ORIENTED_EDGE('',*,*,#1392,.F.);
#2307=ORIENTED_EDGE('',*,*,#1648,.F.);
#2308=ORIENTED_EDGE('',*,*,#1503,.T.);
#2309=ORIENTED_EDGE('',*,*,#1647,.F.);
#2310=ORIENTED_EDGE('',*,*,#1411,.F.);
#2311=ORIENTED_EDGE('',*,*,#1646,.F.);
#2312=ORIENTED_EDGE('',*,*,#1417,.F.);
#2313=ORIENTED_EDGE('',*,*,#1649,.F.);
#2314=ORIENTED_EDGE('',*,*,#1496,.T.);
#2315=ORIENTED_EDGE('',*,*,#1650,.F.);
#2316=ORIENTED_EDGE('',*,*,#1371,.F.);
#2317=ORIENTED_EDGE('',*,*,#1651,.T.);
#2318=ORIENTED_EDGE('',*,*,#1422,.T.);
#2319=ORIENTED_EDGE('',*,*,#1642,.F.);
#2320=ORIENTED_EDGE('',*,*,#1372,.F.);
#2321=ORIENTED_EDGE('',*,*,#1650,.T.);
#2322=ORIENTED_EDGE('',*,*,#1421,.F.);
#2323=ORIENTED_EDGE('',*,*,#1408,.T.);
#2324=ORIENTED_EDGE('',*,*,#1386,.T.);
#2325=ORIENTED_EDGE('',*,*,#1396,.T.);
#2326=ORIENTED_EDGE('',*,*,#1395,.F.);
#2327=ORIENTED_EDGE('',*,*,#1645,.F.);
#2328=ORIENTED_EDGE('',*,*,#1376,.F.);
#2329=ORIENTED_EDGE('',*,*,#1423,.F.);
#2330=ORIENTED_EDGE('',*,*,#1651,.F.);
#2331=ORIENTED_EDGE('',*,*,#1370,.F.);
#2332=ORIENTED_EDGE('',*,*,#1274,.T.);
#2333=ORIENTED_EDGE('',*,*,#1356,.T.);
#2334=ORIENTED_EDGE('',*,*,#1366,.F.);
#2335=ORIENTED_EDGE('',*,*,#1279,.F.);
#2336=ORIENTED_EDGE('',*,*,#1282,.T.);
#2337=ORIENTED_EDGE('',*,*,#1640,.F.);
#2338=ORIENTED_EDGE('',*,*,#1652,.T.);
#2339=ORIENTED_EDGE('',*,*,#1391,.F.);
#2340=ORIENTED_EDGE('',*,*,#1653,.T.);
#2341=ORIENTED_EDGE('',*,*,#1384,.F.);
#2342=ORIENTED_EDGE('',*,*,#1407,.F.);
#2343=ORIENTED_EDGE('',*,*,#1428,.F.);
#2344=ORIENTED_EDGE('',*,*,#1388,.F.);
#2345=ORIENTED_EDGE('',*,*,#1504,.T.);
#2346=ORIENTED_EDGE('',*,*,#1648,.T.);
#2347=ORIENTED_EDGE('',*,*,#1652,.F.);
#2348=ORIENTED_EDGE('',*,*,#1639,.F.);
#2349=ORIENTED_EDGE('',*,*,#1342,.F.);
#2350=ORIENTED_EDGE('',*,*,#1654,.F.);
#2351=ORIENTED_EDGE('',*,*,#1615,.T.);
#2352=ORIENTED_EDGE('',*,*,#1515,.F.);
#2353=ORIENTED_EDGE('',*,*,#1505,.T.);
#2354=ORIENTED_EDGE('',*,*,#1654,.T.);
#2355=ORIENTED_EDGE('',*,*,#1611,.T.);
#2356=ORIENTED_EDGE('',*,*,#1335,.F.);
#2357=ORIENTED_EDGE('',*,*,#1481,.T.);
#2358=ORIENTED_EDGE('',*,*,#1618,.T.);
#2359=ORIENTED_EDGE('',*,*,#1655,.T.);
#2360=ORIENTED_EDGE('',*,*,#1390,.F.);
#2361=ORIENTED_EDGE('',*,*,#1346,.F.);
#2362=ORIENTED_EDGE('',*,*,#1479,.T.);
#2363=ORIENTED_EDGE('',*,*,#1478,.T.);
#2364=ORIENTED_EDGE('',*,*,#1344,.T.);
#2365=ORIENTED_EDGE('',*,*,#1641,.F.);
#2366=ORIENTED_EDGE('',*,*,#1653,.F.);
#2367=ORIENTED_EDGE('',*,*,#1655,.F.);
#2368=ORIENTED_EDGE('',*,*,#1581,.T.);
#2369=ORIENTED_EDGE('',*,*,#1299,.F.);
#2370=ORIENTED_EDGE('',*,*,#1476,.T.);
#2371=ORIENTED_EDGE('',*,*,#1633,.T.);
#2372=ORIENTED_EDGE('',*,*,#1613,.T.);
#2373=ORIENTED_EDGE('',*,*,#1339,.F.);
#2374=ORIENTED_EDGE('',*,*,#1472,.T.);
#2375=ORIENTED_EDGE('',*,*,#1617,.T.);
#2376=ORIENTED_EDGE('',*,*,#1603,.T.);
#2377=ORIENTED_EDGE('',*,*,#1325,.F.);
#2378=ORIENTED_EDGE('',*,*,#1470,.T.);
#2379=ORIENTED_EDGE('',*,*,#1622,.T.);
#2380=ORIENTED_EDGE('',*,*,#1579,.T.);
#2381=ORIENTED_EDGE('',*,*,#1295,.F.);
#2382=ORIENTED_EDGE('',*,*,#1468,.T.);
#2383=ORIENTED_EDGE('',*,*,#1634,.T.);
#2384=ORIENTED_EDGE('',*,*,#1605,.T.);
#2385=ORIENTED_EDGE('',*,*,#1329,.F.);
#2386=ORIENTED_EDGE('',*,*,#1466,.T.);
#2387=ORIENTED_EDGE('',*,*,#1621,.T.);
#2388=ORIENTED_EDGE('',*,*,#1595,.T.);
#2389=ORIENTED_EDGE('',*,*,#1315,.F.);
#2390=ORIENTED_EDGE('',*,*,#1464,.T.);
#2391=ORIENTED_EDGE('',*,*,#1626,.T.);
#2392=ORIENTED_EDGE('',*,*,#1497,.T.);
#2393=ORIENTED_EDGE('',*,*,#1649,.T.);
#2394=ORIENTED_EDGE('',*,*,#1416,.F.);
#2395=ORIENTED_EDGE('',*,*,#1561,.F.);
#2396=ORIENTED_EDGE('',*,*,#1638,.F.);
#2397=ORIENTED_EDGE('',*,*,#1589,.T.);
#2398=ORIENTED_EDGE('',*,*,#1309,.F.);
#2399=ORIENTED_EDGE('',*,*,#1452,.T.);
#2400=ORIENTED_EDGE('',*,*,#1629,.T.);
#2401=ORIENTED_EDGE('',*,*,#1587,.T.);
#2402=ORIENTED_EDGE('',*,*,#1305,.F.);
#2403=ORIENTED_EDGE('',*,*,#1451,.T.);
#2404=ORIENTED_EDGE('',*,*,#1630,.T.);
#2405=ORIENTED_EDGE('',*,*,#1597,.T.);
#2406=ORIENTED_EDGE('',*,*,#1319,.F.);
#2407=ORIENTED_EDGE('',*,*,#1440,.T.);
#2408=ORIENTED_EDGE('',*,*,#1625,.T.);
#2409=ORIENTED_EDGE('',*,*,#1573,.T.);
#2410=ORIENTED_EDGE('',*,*,#1289,.F.);
#2411=ORIENTED_EDGE('',*,*,#1437,.T.);
#2412=ORIENTED_EDGE('',*,*,#1637,.T.);
#2413=ORIENTED_EDGE('',*,*,#1435,.T.);
#2414=ORIENTED_EDGE('',*,*,#1656,.T.);
#2415=ORIENTED_EDGE('',*,*,#1427,.F.);
#2416=ORIENTED_EDGE('',*,*,#1657,.F.);
#2417=ORIENTED_EDGE('',*,*,#1436,.T.);
#2418=ORIENTED_EDGE('',*,*,#1657,.T.);
#2419=ORIENTED_EDGE('',*,*,#1426,.F.);
#2420=ORIENTED_EDGE('',*,*,#1658,.F.);
#2421=ORIENTED_EDGE('',*,*,#1434,.T.);
#2422=ORIENTED_EDGE('',*,*,#1658,.T.);
#2423=ORIENTED_EDGE('',*,*,#1425,.F.);
#2424=ORIENTED_EDGE('',*,*,#1656,.F.);
#2425=ORIENTED_EDGE('',*,*,#1400,.F.);
#2426=ORIENTED_EDGE('',*,*,#1433,.F.);
#2427=ORIENTED_EDGE('',*,*,#1429,.F.);
#2428=ORIENTED_EDGE('',*,*,#1404,.F.);
#2429=PLANE('',#2671);
#2430=PLANE('',#2672);
#2431=PLANE('',#2673);
#2432=PLANE('',#2674);
#2433=PLANE('',#2675);
#2434=PLANE('',#2676);
#2435=PLANE('',#2677);
#2436=PLANE('',#2678);
#2437=PLANE('',#2679);
#2438=PLANE('',#2680);
#2439=PLANE('',#2681);
#2440=PLANE('',#2682);
#2441=PLANE('',#2683);
#2442=PLANE('',#2684);
#2443=PLANE('',#2685);
#2444=PLANE('',#2686);
#2445=PLANE('',#2687);
#2446=PLANE('',#2688);
#2447=PLANE('',#2689);
#2448=PLANE('',#2690);
#2449=PLANE('',#2691);
#2450=PLANE('',#2692);
#2451=PLANE('',#2693);
#2452=PLANE('',#2694);
#2453=PLANE('',#2695);
#2454=PLANE('',#2696);
#2455=PLANE('',#2697);
#2456=PLANE('',#2698);
#2457=PLANE('',#2699);
#2458=PLANE('',#2700);
#2459=PLANE('',#2701);
#2460=PLANE('',#2702);
#2461=PLANE('',#2703);
#2462=PLANE('',#2704);
#2463=PLANE('',#2705);
#2464=PLANE('',#2706);
#2465=PLANE('',#2707);
#2466=PLANE('',#2708);
#2467=PLANE('',#2709);
#2468=PLANE('',#2710);
#2469=PLANE('',#2711);
#2470=PLANE('',#2712);
#2471=PLANE('',#2713);
#2472=PLANE('',#2714);
#2473=PLANE('',#2715);
#2474=PLANE('',#2716);
#2475=PLANE('',#2717);
#2476=PLANE('',#2718);
#2477=PLANE('',#2719);
#2478=PLANE('',#2720);
#2479=PLANE('',#2721);
#2480=PLANE('',#2722);
#2481=PLANE('',#2723);
#2482=PLANE('',#2724);
#2483=PLANE('',#2725);
#2484=PLANE('',#2726);
#2485=PLANE('',#2727);
#2486=PLANE('',#2728);
#2487=PLANE('',#2729);
#2488=PLANE('',#2730);
#2489=PLANE('',#2731);
#2490=PLANE('',#2732);
#2491=PLANE('',#2733);
#2492=PLANE('',#2734);
#2493=PLANE('',#2735);
#2494=PLANE('',#2736);
#2495=PLANE('',#2737);
#2496=PLANE('',#2738);
#2497=PLANE('',#2739);
#2498=PLANE('',#2740);
#2499=PLANE('',#2741);
#2500=PLANE('',#2742);
#2501=PLANE('',#2743);
#2502=PLANE('',#2744);
#2503=PLANE('',#2745);
#2504=PLANE('',#2746);
#2505=PLANE('',#2747);
#2506=PLANE('',#2748);
#2507=PLANE('',#2749);
#2508=PLANE('',#2750);
#2509=PLANE('',#2751);
#2510=PLANE('',#2752);
#2511=PLANE('',#2753);
#2512=PLANE('',#2754);
#2513=PLANE('',#2755);
#2514=PLANE('',#2756);
#2515=PLANE('',#2757);
#2516=PLANE('',#2758);
#2517=PLANE('',#2759);
#2518=PLANE('',#2760);
#2519=PLANE('',#2761);
#2520=PLANE('',#2762);
#2521=PLANE('',#2763);
#2522=PLANE('',#2764);
#2523=PLANE('',#2765);
#2524=PLANE('',#2766);
#2525=PLANE('',#2767);
#2526=PLANE('',#2768);
#2527=PLANE('',#2769);
#2528=PLANE('',#2770);
#2529=PLANE('',#2771);
#2530=PLANE('',#2772);
#2531=PLANE('',#2773);
#2532=PLANE('',#2774);
#2533=PLANE('',#2775);
#2534=ADVANCED_FACE('',(#128),#2429,.T.);
#2535=ADVANCED_FACE('',(#129),#110,.T.);
#2536=ADVANCED_FACE('',(#130),#2430,.F.);
#2537=ADVANCED_FACE('',(#131),#2431,.T.);
#2538=ADVANCED_FACE('',(#132),#2432,.T.);
#2539=ADVANCED_FACE('',(#133),#111,.T.);
#2540=ADVANCED_FACE('',(#134),#2433,.T.);
#2541=ADVANCED_FACE('',(#135),#2434,.T.);
#2542=ADVANCED_FACE('',(#136),#112,.T.);
#2543=ADVANCED_FACE('',(#137),#2435,.T.);
#2544=ADVANCED_FACE('',(#138),#113,.T.);
#2545=ADVANCED_FACE('',(#139),#2436,.T.);
#2546=ADVANCED_FACE('',(#140),#2437,.T.);
#2547=ADVANCED_FACE('',(#141),#114,.T.);
#2548=ADVANCED_FACE('',(#142),#2438,.T.);
#2549=ADVANCED_FACE('',(#143,#15),#2439,.T.);
#2550=ADVANCED_FACE('',(#144),#115,.T.);
#2551=ADVANCED_FACE('',(#145),#116,.T.);
#2552=ADVANCED_FACE('',(#146),#117,.T.);
#2553=ADVANCED_FACE('',(#147),#118,.T.);
#2554=ADVANCED_FACE('',(#148,#16,#17,#18,#19,#20,#21,#22,#23,#24,#25,#26,
#27,#28,#29,#30,#31,#32,#33,#34,#35,#36,#37,#38,#39,#40,#41),#2440,.F.);
#2555=ADVANCED_FACE('',(#149),#119,.T.);
#2556=ADVANCED_FACE('',(#150),#120,.T.);
#2557=ADVANCED_FACE('',(#151),#121,.T.);
#2558=ADVANCED_FACE('',(#152),#2441,.T.);
#2559=ADVANCED_FACE('',(#153),#2442,.F.);
#2560=ADVANCED_FACE('',(#154),#2443,.F.);
#2561=ADVANCED_FACE('',(#155),#2444,.T.);
#2562=ADVANCED_FACE('',(#156),#2445,.F.);
#2563=ADVANCED_FACE('',(#157),#2446,.F.);
#2564=ADVANCED_FACE('',(#158),#2447,.T.);
#2565=ADVANCED_FACE('',(#159),#2448,.F.);
#2566=ADVANCED_FACE('',(#160),#2449,.F.);
#2567=ADVANCED_FACE('',(#161),#2450,.F.);
#2568=ADVANCED_FACE('',(#162),#2451,.F.);
#2569=ADVANCED_FACE('',(#163),#2452,.F.);
#2570=ADVANCED_FACE('',(#164),#2453,.F.);
#2571=ADVANCED_FACE('',(#165),#2454,.F.);
#2572=ADVANCED_FACE('',(#166),#2455,.F.);
#2573=ADVANCED_FACE('',(#167),#2456,.F.);
#2574=ADVANCED_FACE('',(#168),#2457,.F.);
#2575=ADVANCED_FACE('',(#169),#2458,.F.);
#2576=ADVANCED_FACE('',(#170),#2459,.F.);
#2577=ADVANCED_FACE('',(#171),#2460,.F.);
#2578=ADVANCED_FACE('',(#172),#2461,.F.);
#2579=ADVANCED_FACE('',(#173),#2462,.F.);
#2580=ADVANCED_FACE('',(#174),#2463,.F.);
#2581=ADVANCED_FACE('',(#175),#2464,.F.);
#2582=ADVANCED_FACE('',(#176),#2465,.F.);
#2583=ADVANCED_FACE('',(#177),#2466,.F.);
#2584=ADVANCED_FACE('',(#178),#2467,.F.);
#2585=ADVANCED_FACE('',(#179),#2468,.F.);
#2586=ADVANCED_FACE('',(#180),#2469,.F.);
#2587=ADVANCED_FACE('',(#181),#2470,.F.);
#2588=ADVANCED_FACE('',(#182),#2471,.T.);
#2589=ADVANCED_FACE('',(#183),#2472,.T.);
#2590=ADVANCED_FACE('',(#184),#2473,.T.);
#2591=ADVANCED_FACE('',(#185),#2474,.T.);
#2592=ADVANCED_FACE('',(#186),#2475,.T.);
#2593=ADVANCED_FACE('',(#187),#2476,.T.);
#2594=ADVANCED_FACE('',(#188),#2477,.T.);
#2595=ADVANCED_FACE('',(#189),#2478,.T.);
#2596=ADVANCED_FACE('',(#190),#2479,.T.);
#2597=ADVANCED_FACE('',(#191),#2480,.T.);
#2598=ADVANCED_FACE('',(#192),#2481,.T.);
#2599=ADVANCED_FACE('',(#193),#2482,.T.);
#2600=ADVANCED_FACE('',(#194),#2483,.T.);
#2601=ADVANCED_FACE('',(#195),#2484,.T.);
#2602=ADVANCED_FACE('',(#196),#2485,.T.);
#2603=ADVANCED_FACE('',(#197),#2486,.T.);
#2604=ADVANCED_FACE('',(#198),#2487,.T.);
#2605=ADVANCED_FACE('',(#199),#2488,.T.);
#2606=ADVANCED_FACE('',(#200),#2489,.T.);
#2607=ADVANCED_FACE('',(#201),#2490,.T.);
#2608=ADVANCED_FACE('',(#202),#2491,.T.);
#2609=ADVANCED_FACE('',(#203),#2492,.T.);
#2610=ADVANCED_FACE('',(#204),#2493,.T.);
#2611=ADVANCED_FACE('',(#205),#2494,.T.);
#2612=ADVANCED_FACE('',(#206),#2495,.T.);
#2613=ADVANCED_FACE('',(#207),#2496,.T.);
#2614=ADVANCED_FACE('',(#208),#2497,.T.);
#2615=ADVANCED_FACE('',(#209),#2498,.T.);
#2616=ADVANCED_FACE('',(#210),#2499,.T.);
#2617=ADVANCED_FACE('',(#211),#2500,.T.);
#2618=ADVANCED_FACE('',(#212),#2501,.T.);
#2619=ADVANCED_FACE('',(#213),#2502,.T.);
#2620=ADVANCED_FACE('',(#214),#2503,.T.);
#2621=ADVANCED_FACE('',(#215),#2504,.T.);
#2622=ADVANCED_FACE('',(#216),#2505,.T.);
#2623=ADVANCED_FACE('',(#217),#122,.T.);
#2624=ADVANCED_FACE('',(#218),#123,.T.);
#2625=ADVANCED_FACE('',(#219),#2506,.T.);
#2626=ADVANCED_FACE('',(#220),#124,.F.);
#2627=ADVANCED_FACE('',(#221),#125,.F.);
#2628=ADVANCED_FACE('',(#222),#2507,.T.);
#2629=ADVANCED_FACE('',(#223),#2508,.T.);
#2630=ADVANCED_FACE('',(#224),#126,.F.);
#2631=ADVANCED_FACE('',(#225),#2509,.T.);
#2632=ADVANCED_FACE('',(#226),#127,.F.);
#2633=ADVANCED_FACE('',(#227),#2510,.T.);
#2634=ADVANCED_FACE('',(#228),#2511,.T.);
#2635=ADVANCED_FACE('',(#229),#2512,.T.);
#2636=ADVANCED_FACE('',(#230),#2513,.T.);
#2637=ADVANCED_FACE('',(#231),#2514,.T.);
#2638=ADVANCED_FACE('',(#232),#2515,.T.);
#2639=ADVANCED_FACE('',(#233),#2516,.T.);
#2640=ADVANCED_FACE('',(#234),#2517,.T.);
#2641=ADVANCED_FACE('',(#235),#2518,.T.);
#2642=ADVANCED_FACE('',(#236),#2519,.T.);
#2643=ADVANCED_FACE('',(#237),#2520,.T.);
#2644=ADVANCED_FACE('',(#238),#2521,.T.);
#2645=ADVANCED_FACE('',(#239),#2522,.T.);
#2646=ADVANCED_FACE('',(#240),#2523,.T.);
#2647=ADVANCED_FACE('',(#241),#2524,.T.);
#2648=ADVANCED_FACE('',(#242),#2525,.T.);
#2649=ADVANCED_FACE('',(#243),#2526,.T.);
#2650=ADVANCED_FACE('',(#244),#2527,.T.);
#2651=ADVANCED_FACE('',(#245),#2528,.T.);
#2652=ADVANCED_FACE('',(#246),#2529,.T.);
#2653=ADVANCED_FACE('',(#247),#2530,.T.);
#2654=ADVANCED_FACE('',(#248),#2531,.T.);
#2655=ADVANCED_FACE('',(#249),#2532,.T.);
#2656=ADVANCED_FACE('',(#250),#2533,.T.);
#2657=CLOSED_SHELL('',(#2534,#2535,#2536,#2537,#2538,#2539,#2540,#2541,
#2542,#2543,#2544,#2545,#2546,#2547,#2548,#2549,#2550,#2551,#2552,#2553,
#2554,#2555,#2556,#2557,#2558,#2559,#2560,#2561,#2562,#2563,#2564,#2565,
#2566,#2567,#2568,#2569,#2570,#2571,#2572,#2573,#2574,#2575,#2576,#2577,
#2578,#2579,#2580,#2581,#2582,#2583,#2584,#2585,#2586,#2587,#2588,#2589,
#2590,#2591,#2592,#2593,#2594,#2595,#2596,#2597,#2598,#2599,#2600,#2601,
#2602,#2603,#2604,#2605,#2606,#2607,#2608,#2609,#2610,#2611,#2612,#2613,
#2614,#2615,#2616,#2617,#2618,#2619,#2620,#2621,#2622,#2623,#2624,#2625,
#2626,#2627,#2628,#2629,#2630,#2631,#2632,#2633,#2634,#2635,#2636,#2637,
#2638,#2639,#2640,#2641,#2642,#2643,#2644,#2645,#2646,#2647,#2648,#2649,
#2650,#2651,#2652,#2653,#2654,#2655,#2656));
#2658=DERIVED_UNIT_ELEMENT(#2660,1.);
#2659=DERIVED_UNIT_ELEMENT(#5076,-3.);
#2660=(
MASS_UNIT()
NAMED_UNIT(*)
SI_UNIT(.KILO.,.GRAM.)
);
#2661=DERIVED_UNIT((#2658,#2659));
#2662=MEASURE_REPRESENTATION_ITEM('density measure',
POSITIVE_RATIO_MEASURE(2700.),#2661);
#2663=PROPERTY_DEFINITION_REPRESENTATION(#2668,#2665);
#2664=PROPERTY_DEFINITION_REPRESENTATION(#2669,#2666);
#2665=REPRESENTATION('material name',(#2667),#5073);
#2666=REPRESENTATION('density',(#2662),#5073);
#2667=DESCRIPTIVE_REPRESENTATION_ITEM('Aluminum 6061','Aluminum 6061');
#2668=PROPERTY_DEFINITION('material property','material name',#5083);
#2669=PROPERTY_DEFINITION('material property','density of part',#5083);
#2670=AXIS2_PLACEMENT_3D('',#3305,#2776,#2777);
#2671=AXIS2_PLACEMENT_3D('',#3306,#2778,#2779);
#2672=AXIS2_PLACEMENT_3D('',#3446,#2784,#2785);
#2673=AXIS2_PLACEMENT_3D('',#3580,#2851,#2852);
#2674=AXIS2_PLACEMENT_3D('',#3607,#2859,#2860);
#2675=AXIS2_PLACEMENT_3D('',#3665,#2862,#2863);
#2676=AXIS2_PLACEMENT_3D('',#3674,#2866,#2867);
#2677=AXIS2_PLACEMENT_3D('',#3768,#2873,#2874);
#2678=AXIS2_PLACEMENT_3D('',#3838,#2877,#2878);
#2679=AXIS2_PLACEMENT_3D('',#3844,#2882,#2883);
#2680=AXIS2_PLACEMENT_3D('',#3944,#2890,#2891);
#2681=AXIS2_PLACEMENT_3D('',#3953,#2894,#2895);
#2682=AXIS2_PLACEMENT_3D('',#4214,#2910,#2911);
#2683=AXIS2_PLACEMENT_3D('',#4600,#2984,#2985);
#2684=AXIS2_PLACEMENT_3D('',#4683,#3033,#3034);
#2685=AXIS2_PLACEMENT_3D('',#4687,#3037,#3038);
#2686=AXIS2_PLACEMENT_3D('',#4692,#3039,#3040);
#2687=AXIS2_PLACEMENT_3D('',#4699,#3041,#3042);
#2688=AXIS2_PLACEMENT_3D('',#4703,#3045,#3046);
#2689=AXIS2_PLACEMENT_3D('',#4708,#3047,#3048);
#2690=AXIS2_PLACEMENT_3D('',#4715,#3049,#3050);
#2691=AXIS2_PLACEMENT_3D('',#4718,#3053,#3054);
#2692=AXIS2_PLACEMENT_3D('',#4721,#3057,#3058);
#2693=AXIS2_PLACEMENT_3D('',#4724,#3061,#3062);
#2694=AXIS2_PLACEMENT_3D('',#4727,#3065,#3066);
#2695=AXIS2_PLACEMENT_3D('',#4730,#3069,#3070);
#2696=AXIS2_PLACEMENT_3D('',#4733,#3073,#3074);
#2697=AXIS2_PLACEMENT_3D('',#4736,#3077,#3078);
#2698=AXIS2_PLACEMENT_3D('',#4739,#3081,#3082);
#2699=AXIS2_PLACEMENT_3D('',#4742,#3085,#3086);
#2700=AXIS2_PLACEMENT_3D('',#4745,#3089,#3090);
#2701=AXIS2_PLACEMENT_3D('',#4748,#3093,#3094);
#2702=AXIS2_PLACEMENT_3D('',#4751,#3097,#3098);
#2703=AXIS2_PLACEMENT_3D('',#4754,#3101,#3102);
#2704=AXIS2_PLACEMENT_3D('',#4757,#3105,#3106);
#2705=AXIS2_PLACEMENT_3D('',#4760,#3109,#3110);
#2706=AXIS2_PLACEMENT_3D('',#4763,#3113,#3114);
#2707=AXIS2_PLACEMENT_3D('',#4766,#3117,#3118);
#2708=AXIS2_PLACEMENT_3D('',#4769,#3121,#3122);
#2709=AXIS2_PLACEMENT_3D('',#4772,#3125,#3126);
#2710=AXIS2_PLACEMENT_3D('',#4775,#3129,#3130);
#2711=AXIS2_PLACEMENT_3D('',#4778,#3133,#3134);
#2712=AXIS2_PLACEMENT_3D('',#4781,#3137,#3138);
#2713=AXIS2_PLACEMENT_3D('',#4784,#3141,#3142);
#2714=AXIS2_PLACEMENT_3D('',#4786,#3144,#3145);
#2715=AXIS2_PLACEMENT_3D('',#4787,#3146,#3147);
#2716=AXIS2_PLACEMENT_3D('',#4789,#3149,#3150);
#2717=AXIS2_PLACEMENT_3D('',#4791,#3152,#3153);
#2718=AXIS2_PLACEMENT_3D('',#4793,#3155,#3156);
#2719=AXIS2_PLACEMENT_3D('',#4794,#3157,#3158);
#2720=AXIS2_PLACEMENT_3D('',#4796,#3160,#3161);
#2721=AXIS2_PLACEMENT_3D('',#4797,#3162,#3163);
#2722=AXIS2_PLACEMENT_3D('',#4799,#3165,#3166);
#2723=AXIS2_PLACEMENT_3D('',#4801,#3168,#3169);
#2724=AXIS2_PLACEMENT_3D('',#4803,#3171,#3172);
#2725=AXIS2_PLACEMENT_3D('',#4804,#3173,#3174);
#2726=AXIS2_PLACEMENT_3D('',#4806,#3176,#3177);
#2727=AXIS2_PLACEMENT_3D('',#4807,#3178,#3179);
#2728=AXIS2_PLACEMENT_3D('',#4809,#3181,#3182);
#2729=AXIS2_PLACEMENT_3D('',#4811,#3184,#3185);
#2730=AXIS2_PLACEMENT_3D('',#4813,#3187,#3188);
#2731=AXIS2_PLACEMENT_3D('',#4814,#3189,#3190);
#2732=AXIS2_PLACEMENT_3D('',#4816,#3192,#3193);
#2733=AXIS2_PLACEMENT_3D('',#4817,#3194,#3195);
#2734=AXIS2_PLACEMENT_3D('',#4819,#3197,#3198);
#2735=AXIS2_PLACEMENT_3D('',#4821,#3200,#3201);
#2736=AXIS2_PLACEMENT_3D('',#4823,#3203,#3204);
#2737=AXIS2_PLACEMENT_3D('',#4824,#3205,#3206);
#2738=AXIS2_PLACEMENT_3D('',#4826,#3208,#3209);
#2739=AXIS2_PLACEMENT_3D('',#4827,#3210,#3211);
#2740=AXIS2_PLACEMENT_3D('',#4829,#3213,#3214);
#2741=AXIS2_PLACEMENT_3D('',#4831,#3216,#3217);
#2742=AXIS2_PLACEMENT_3D('',#4833,#3219,#3220);
#2743=AXIS2_PLACEMENT_3D('',#4834,#3221,#3222);
#2744=AXIS2_PLACEMENT_3D('',#4836,#3224,#3225);
#2745=AXIS2_PLACEMENT_3D('',#4837,#3226,#3227);
#2746=AXIS2_PLACEMENT_3D('',#4839,#3229,#3230);
#2747=AXIS2_PLACEMENT_3D('',#4841,#3232,#3233);
#2748=AXIS2_PLACEMENT_3D('',#4907,#3237,#3238);
#2749=AXIS2_PLACEMENT_3D('',#4972,#3241,#3242);
#2750=AXIS2_PLACEMENT_3D('',#4974,#3244,#3245);
#2751=AXIS2_PLACEMENT_3D('',#5011,#3248,#3249);
#2752=AXIS2_PLACEMENT_3D('',#5040,#3250,#3251);
#2753=AXIS2_PLACEMENT_3D('',#5041,#3252,#3253);
#2754=AXIS2_PLACEMENT_3D('',#5042,#3254,#3255);
#2755=AXIS2_PLACEMENT_3D('',#5045,#3258,#3259);
#2756=AXIS2_PLACEMENT_3D('',#5046,#3260,#3261);
#2757=AXIS2_PLACEMENT_3D('',#5048,#3263,#3264);
#2758=AXIS2_PLACEMENT_3D('',#5049,#3265,#3266);
#2759=AXIS2_PLACEMENT_3D('',#5050,#3267,#3268);
#2760=AXIS2_PLACEMENT_3D('',#5052,#3270,#3271);
#2761=AXIS2_PLACEMENT_3D('',#5053,#3272,#3273);
#2762=AXIS2_PLACEMENT_3D('',#5054,#3274,#3275);
#2763=AXIS2_PLACEMENT_3D('',#5055,#3276,#3277);
#2764=AXIS2_PLACEMENT_3D('',#5056,#3278,#3279);
#2765=AXIS2_PLACEMENT_3D('',#5057,#3280,#3281);
#2766=AXIS2_PLACEMENT_3D('',#5058,#3282,#3283);
#2767=AXIS2_PLACEMENT_3D('',#5059,#3284,#3285);
#2768=AXIS2_PLACEMENT_3D('',#5060,#3286,#3287);
#2769=AXIS2_PLACEMENT_3D('',#5061,#3288,#3289);
#2770=AXIS2_PLACEMENT_3D('',#5062,#3290,#3291);
#2771=AXIS2_PLACEMENT_3D('',#5063,#3292,#3293);
#2772=AXIS2_PLACEMENT_3D('',#5064,#3294,#3295);
#2773=AXIS2_PLACEMENT_3D('',#5067,#3298,#3299);
#2774=AXIS2_PLACEMENT_3D('',#5069,#3301,#3302);
#2775=AXIS2_PLACEMENT_3D('',#5070,#3303,#3304);
#2776=DIRECTION('axis',(0.,0.,1.));
#2777=DIRECTION('refdir',(1.,0.,0.));
#2778=DIRECTION('center_axis',(0.,0.,1.));
#2779=DIRECTION('ref_axis',(-1.,0.,0.));
#2780=DIRECTION('',(0.,1.,0.));
#2781=DIRECTION('',(1.,0.,0.));
#2782=DIRECTION('',(0.,-1.,0.));
#2783=DIRECTION('',(-1.,3.11901876949904E-11,0.));
#2784=DIRECTION('center_axis',(0.,1.,0.));
#2785=DIRECTION('ref_axis',(1.,0.,0.));
#2786=DIRECTION('',(0.866025403784439,0.,-0.5));
#2787=DIRECTION('',(-1.,0.,0.));
#2788=DIRECTION('',(0.,0.,1.));
#2789=DIRECTION('',(1.,0.,0.));
#2790=DIRECTION('',(0.,0.,1.));
#2791=DIRECTION('',(1.,2.02840973830413E-17,0.));
#2792=DIRECTION('',(0.,0.,1.));
#2793=DIRECTION('',(1.,0.,0.));
#2794=DIRECTION('',(1.,0.,0.));
#2795=DIRECTION('',(1.,0.,0.));
#2796=DIRECTION('',(0.,0.,1.));
#2797=DIRECTION('',(1.,2.02840973830413E-17,0.));
#2798=DIRECTION('',(0.,0.,1.));
#2799=DIRECTION('',(1.,0.,0.));
#2800=DIRECTION('',(0.,0.,1.));
#2801=DIRECTION('',(1.,2.02840973830413E-17,0.));
#2802=DIRECTION('',(0.,0.,1.));
#2803=DIRECTION('',(1.,0.,0.));
#2804=DIRECTION('',(1.,0.,0.));
#2805=DIRECTION('',(1.,0.,0.));
#2806=DIRECTION('',(0.,0.,1.));
#2807=DIRECTION('',(1.,2.02840973830413E-17,0.));
#2808=DIRECTION('',(0.,0.,1.));
#2809=DIRECTION('',(1.,0.,0.));
#2810=DIRECTION('',(0.,0.,1.));
#2811=DIRECTION('',(1.,2.02840973830413E-17,0.));
#2812=DIRECTION('',(0.,0.,1.));
#2813=DIRECTION('',(1.,0.,0.));
#2814=DIRECTION('',(1.,0.,0.));
#2815=DIRECTION('',(1.,0.,0.));
#2816=DIRECTION('',(0.,0.,1.));
#2817=DIRECTION('',(1.,2.02840973830413E-17,0.));
#2818=DIRECTION('',(0.,0.,1.));
#2819=DIRECTION('',(1.,0.,0.));
#2820=DIRECTION('',(0.,0.,1.));
#2821=DIRECTION('',(1.,2.02840973830413E-17,0.));
#2822=DIRECTION('',(0.,0.,1.));
#2823=DIRECTION('',(1.,0.,0.));
#2824=DIRECTION('',(1.,0.,0.));
#2825=DIRECTION('',(1.,0.,0.));
#2826=DIRECTION('',(0.,0.,1.));
#2827=DIRECTION('',(1.,2.02840973830413E-17,0.));
#2828=DIRECTION('',(0.,0.,1.));
#2829=DIRECTION('',(1.,0.,0.));
#2830=DIRECTION('',(0.,0.,1.));
#2831=DIRECTION('',(1.,2.02840973830413E-17,0.));
#2832=DIRECTION('',(0.,0.,1.));
#2833=DIRECTION('',(1.,0.,0.));
#2834=DIRECTION('',(1.,0.,0.));
#2835=DIRECTION('',(1.,0.,0.));
#2836=DIRECTION('',(0.,0.,1.));
#2837=DIRECTION('',(1.,2.02840973830413E-17,0.));
#2838=DIRECTION('',(0.,0.,1.));
#2839=DIRECTION('',(1.,0.,0.));
#2840=DIRECTION('',(0.,0.,1.));
#2841=DIRECTION('',(1.,2.02840973830413E-17,0.));
#2842=DIRECTION('',(0.,0.,1.));
#2843=DIRECTION('',(1.,0.,0.));
#2844=DIRECTION('',(1.,0.,0.));
#2845=DIRECTION('',(0.,0.,1.));
#2846=DIRECTION('',(-1.,0.,0.));
#2847=DIRECTION('',(0.,0.,1.));
#2848=DIRECTION('',(1.,7.93016446160826E-18,0.));
#2849=DIRECTION('',(0.,0.,1.));
#2850=DIRECTION('',(0.866025403784439,0.,0.5));
#2851=DIRECTION('center_axis',(9.38328043073391E-13,1.,0.));
#2852=DIRECTION('ref_axis',(-1.,9.38328043073391E-13,0.));
#2853=DIRECTION('',(-0.866025403784439,0.,-0.5));
#2854=DIRECTION('',(-1.,0.,0.));
#2855=DIRECTION('',(-1.,9.38328043073391E-13,0.));
#2856=DIRECTION('',(1.,-9.38328043073391E-13,0.));
#2857=DIRECTION('',(-1.,0.,0.));
#2858=DIRECTION('',(-0.866025403784439,0.,0.5));
#2859=DIRECTION('center_axis',(-0.5,0.,0.866025403784439));
#2860=DIRECTION('ref_axis',(0.866025403784439,0.,0.5));
#2861=DIRECTION('',(0.,-1.,0.));
#2862=DIRECTION('center_axis',(0.,-1.,0.));
#2863=DIRECTION('ref_axis',(1.,0.,0.));
#2864=DIRECTION('',(1.,0.,0.));
#2865=DIRECTION('',(-1.,0.,0.));
#2866=DIRECTION('center_axis',(0.,0.,1.));
#2867=DIRECTION('ref_axis',(1.,0.,0.));
#2868=DIRECTION('',(0.,1.,0.));
#2869=DIRECTION('',(0.,1.,0.));
#2870=DIRECTION('',(0.,-1.,0.));
#2871=DIRECTION('',(1.,0.,0.));
#2872=DIRECTION('',(0.,-1.,0.));
#2873=DIRECTION('center_axis',(-1.,0.,0.));
#2874=DIRECTION('ref_axis',(0.,-1.,0.));
#2875=DIRECTION('',(0.,-1.,0.));
#2876=DIRECTION('',(0.,1.,0.));
#2877=DIRECTION('center_axis',(0.,-1.,0.));
#2878=DIRECTION('ref_axis',(1.,0.,0.));
#2879=DIRECTION('',(1.,0.,0.));
#2880=DIRECTION('',(0.,0.,1.));
#2881=DIRECTION('',(-1.,0.,0.));
#2882=DIRECTION('center_axis',(0.,0.,1.));
#2883=DIRECTION('ref_axis',(1.,0.,0.));
#2884=DIRECTION('',(1.97372982155583E-14,1.,0.));
#2885=DIRECTION('',(0.,-1.,0.));
#2886=DIRECTION('',(0.,-1.,0.));
#2887=DIRECTION('',(1.,0.,0.));
#2888=DIRECTION('',(0.,1.,0.));
#2889=DIRECTION('',(0.70710678118654,-0.707106781186555,0.));
#2890=DIRECTION('center_axis',(-9.38343210054602E-13,-1.,0.));
#2891=DIRECTION('ref_axis',(1.,-9.38343210054602E-13,0.));
#2892=DIRECTION('',(1.,-9.38343210054602E-13,0.));
#2893=DIRECTION('',(-1.,9.38343210054602E-13,0.));
#2894=DIRECTION('center_axis',(0.,0.,1.));
#2895=DIRECTION('ref_axis',(1.,0.,0.));
#2896=DIRECTION('',(0.,1.,0.));
#2897=DIRECTION('',(0.,-1.,0.));
#2898=DIRECTION('',(0.,-1.,0.));
#2899=DIRECTION('',(1.,-7.70371977754894E-32,0.));
#2900=DIRECTION('',(0.,-1.,0.));
#2901=DIRECTION('',(-1.,-1.18952466924124E-17,0.));
#2902=DIRECTION('',(-0.941991607096811,0.335636428534162,0.));
#2903=DIRECTION('',(-1.,-8.67361737988403E-17,0.));
#2904=DIRECTION('',(0.,1.,0.));
#2905=DIRECTION('',(0.,1.,0.));
#2906=DIRECTION('',(-1.,0.,0.));
#2907=DIRECTION('',(0.,1.,0.));
#2908=DIRECTION('',(0.941991607096797,-0.335636428534201,0.));
#2909=DIRECTION('',(-1.,-1.18952466924124E-17,0.));
#2910=DIRECTION('center_axis',(0.,0.,1.));
#2911=DIRECTION('ref_axis',(1.,0.,0.));
#2912=DIRECTION('',(0.,-1.,0.));
#2913=DIRECTION('',(0.,1.,0.));
#2914=DIRECTION('',(-1.,-1.18952466924124E-17,0.));
#2915=DIRECTION('',(0.941991607096797,-0.335636428534201,0.));
#2916=DIRECTION('',(-0.707106781186549,-0.707106781186546,0.));
#2917=DIRECTION('',(0.,1.,0.));
#2918=DIRECTION('',(0.,1.,0.));
#2919=DIRECTION('',(-0.707106781186611,-0.707106781186484,0.));
#2920=DIRECTION('',(-1.,0.,0.));
#2921=DIRECTION('',(0.707106781186557,-0.707106781186538,0.));
#2922=DIRECTION('',(0.,1.,0.));
#2923=DIRECTION('',(-1.,0.,0.));
#2924=DIRECTION('',(0.707106781186611,-0.707106781186484,0.));
#2925=DIRECTION('',(0.,1.,0.));
#2926=DIRECTION('',(0.707106781186557,0.707106781186538,0.));
#2927=DIRECTION('',(-1.,0.,0.));
#2928=DIRECTION('',(0.,-1.,0.));
#2929=DIRECTION('',(-0.70710678118655,0.707106781186545,0.));
#2930=DIRECTION('',(2.77555756156289E-16,-1.,0.));
#2931=DIRECTION('',(-0.707106781186551,-0.707106781186544,0.));
#2932=DIRECTION('',(0.,1.,0.));
#2933=DIRECTION('',(-1.,0.,0.));
#2934=DIRECTION('',(0.70710678118655,-0.707106781186545,0.));
#2935=DIRECTION('',(5.55111512312578E-16,1.,0.));
#2936=DIRECTION('',(0.,-1.,0.));
#2937=DIRECTION('',(0.70710678118655,0.707106781186545,0.));
#2938=DIRECTION('',(-1.,0.,0.));
#2939=DIRECTION('',(-1.,0.,0.));
#2940=DIRECTION('',(0.70710678118655,-0.707106781186545,0.));
#2941=DIRECTION('',(0.,1.,0.));
#2942=DIRECTION('',(-0.707106781186611,0.707106781186484,0.));
#2943=DIRECTION('',(6.93889390390723E-17,-1.,0.));
#2944=DIRECTION('',(5.55111512312578E-16,1.,0.));
#2945=DIRECTION('',(-0.707106781186558,-0.707106781186537,0.));
#2946=DIRECTION('',(-0.707106781186549,0.707106781186546,0.));
#2947=DIRECTION('',(0.,-1.,0.));
#2948=DIRECTION('',(-0.707106781186558,0.707106781186537,0.));
#2949=DIRECTION('',(0.,-1.,0.));
#2950=DIRECTION('',(0.,1.,0.));
#2951=DIRECTION('',(-0.707106781186547,-0.707106781186548,0.));
#2952=DIRECTION('',(-1.,0.,0.));
#2953=DIRECTION('',(0.,-1.,0.));
#2954=DIRECTION('',(0.70710678118655,0.707106781186545,0.));
#2955=DIRECTION('',(-0.707106781186549,-0.707106781186546,0.));
#2956=DIRECTION('',(0.,1.,0.));
#2957=DIRECTION('',(-0.941991607096796,0.335636428534204,0.));
#2958=DIRECTION('',(0.,-1.,0.));
#2959=DIRECTION('',(-0.707106781186546,0.707106781186549,0.));
#2960=DIRECTION('',(0.,-1.,0.));
#2961=DIRECTION('',(0.,-1.,0.));
#2962=DIRECTION('',(0.70710678118655,0.707106781186545,0.));
#2963=DIRECTION('',(-1.,0.,0.));
#2964=DIRECTION('',(0.707106781186549,0.707106781186546,0.));
#2965=DIRECTION('',(-1.,0.,0.));
#2966=DIRECTION('',(0.,-1.,0.));
#2967=DIRECTION('',(-1.,0.,0.));
#2968=DIRECTION('',(0.70710678118656,-0.707106781186535,0.));
#2969=DIRECTION('',(0.,1.,0.));
#2970=DIRECTION('',(0.707106781186561,0.707106781186535,0.));
#2971=DIRECTION('',(-1.,0.,0.));
#2972=DIRECTION('',(0.,-1.,0.));
#2973=DIRECTION('',(1.,0.,0.));
#2974=DIRECTION('',(-1.,-8.67361737988403E-17,0.));
#2975=DIRECTION('',(-0.941991607096811,0.335636428534162,0.));
#2976=DIRECTION('',(0.,-1.,0.));
#2977=DIRECTION('',(0.,-1.,0.));
#2978=DIRECTION('',(-1.,0.,0.));
#2979=DIRECTION('',(1.,-7.70371977754894E-32,0.));
#2980=DIRECTION('',(0.941991607096811,-0.335636428534162,0.));
#2981=DIRECTION('',(2.22044604925031E-15,1.,0.));
#2982=DIRECTION('',(1.,0.,0.));
#2983=DIRECTION('',(0.,1.,0.));
#2984=DIRECTION('center_axis',(-1.18952466924124E-17,1.,0.));
#2985=DIRECTION('ref_axis',(-1.,-1.18952466924124E-17,0.));
#2986=DIRECTION('',(0.,0.,1.));
#2987=DIRECTION('',(-1.,0.,0.));
#2988=DIRECTION('',(0.,0.,1.));
#2989=DIRECTION('',(0.,0.,1.));
#2990=DIRECTION('',(-1.,0.,0.));
#2991=DIRECTION('',(-1.,0.,0.));
#2992=DIRECTION('',(-1.,0.,0.));
#2993=DIRECTION('',(0.,0.,1.));
#2994=DIRECTION('',(0.,0.,1.));
#2995=DIRECTION('',(-1.,0.,0.));
#2996=DIRECTION('',(0.,0.,1.));
#2997=DIRECTION('',(0.,0.,1.));
#2998=DIRECTION('',(-1.,0.,0.));
#2999=DIRECTION('',(-1.,0.,0.));
#3000=DIRECTION('',(-1.,0.,0.));
#3001=DIRECTION('',(0.,0.,1.));
#3002=DIRECTION('',(0.,0.,1.));
#3003=DIRECTION('',(-1.,0.,0.));
#3004=DIRECTION('',(0.,0.,1.));
#3005=DIRECTION('',(0.,0.,1.));
#3006=DIRECTION('',(-1.,0.,0.));
#3007=DIRECTION('',(-1.,0.,0.));
#3008=DIRECTION('',(-1.,0.,0.));
#3009=DIRECTION('',(0.,0.,1.));
#3010=DIRECTION('',(0.,0.,1.));
#3011=DIRECTION('',(-1.,0.,0.));
#3012=DIRECTION('',(0.,0.,1.));
#3013=DIRECTION('',(0.,0.,1.));
#3014=DIRECTION('',(-1.,0.,0.));
#3015=DIRECTION('',(-1.,0.,0.));
#3016=DIRECTION('',(-1.,0.,0.));
#3017=DIRECTION('',(0.,0.,1.));
#3018=DIRECTION('',(0.,0.,1.));
#3019=DIRECTION('',(-1.,0.,0.));
#3020=DIRECTION('',(0.,0.,1.));
#3021=DIRECTION('',(0.,0.,1.));
#3022=DIRECTION('',(-1.,0.,0.));
#3023=DIRECTION('',(-1.,0.,0.));
#3024=DIRECTION('',(-1.,0.,0.));
#3025=DIRECTION('',(0.,0.,1.));
#3026=DIRECTION('',(0.,0.,1.));
#3027=DIRECTION('',(-1.,0.,0.));
#3028=DIRECTION('',(0.,0.,1.));
#3029=DIRECTION('',(0.,0.,1.));
#3030=DIRECTION('',(-1.,0.,0.));
#3031=DIRECTION('',(-1.,0.,0.));
#3032=DIRECTION('',(0.,0.,1.));
#3033=DIRECTION('center_axis',(0.707106781186547,0.,0.707106781186548));
#3034=DIRECTION('ref_axis',(0.707106781186548,0.,-0.707106781186547));
#3035=DIRECTION('',(0.,-1.,0.));
#3036=DIRECTION('',(0.707106781186548,0.,-0.707106781186547));
#3037=DIRECTION('center_axis',(0.,1.,0.));
#3038=DIRECTION('ref_axis',(0.,0.,1.));
#3039=DIRECTION('center_axis',(-1.,0.,0.));
#3040=DIRECTION('ref_axis',(0.,-1.,0.));
#3041=DIRECTION('center_axis',(-0.707106781186547,0.,0.707106781186548));
#3042=DIRECTION('ref_axis',(-0.707106781186548,0.,-0.707106781186547));
#3043=DIRECTION('',(0.,1.,0.));
#3044=DIRECTION('',(-0.707106781186548,0.,-0.707106781186547));
#3045=DIRECTION('center_axis',(0.,-1.,0.));
#3046=DIRECTION('ref_axis',(0.,0.,-1.));
#3047=DIRECTION('center_axis',(1.,0.,0.));
#3048=DIRECTION('ref_axis',(0.,1.,0.));
#3049=DIRECTION('center_axis',(0.,0.,-1.));
#3050=DIRECTION('ref_axis',(-1.,0.,0.));
#3051=DIRECTION('',(0.,-1.,0.));
#3052=DIRECTION('',(0.,1.,0.));
#3053=DIRECTION('center_axis',(0.,0.,-1.));
#3054=DIRECTION('ref_axis',(-1.,0.,0.));
#3055=DIRECTION('',(-0.70710678118655,-0.707106781186545,0.));
#3056=DIRECTION('',(0.707106781186549,0.707106781186546,0.));
#3057=DIRECTION('center_axis',(0.,0.,-1.));
#3058=DIRECTION('ref_axis',(-1.,0.,0.));
#3059=DIRECTION('',(0.,-1.,0.));
#3060=DIRECTION('',(0.,1.,0.));
#3061=DIRECTION('center_axis',(0.,0.,-1.));
#3062=DIRECTION('ref_axis',(-1.,0.,0.));
#3063=DIRECTION('',(0.707106781186549,-0.707106781186546,0.));
#3064=DIRECTION('',(-0.70710678118655,0.707106781186545,0.));
#3065=DIRECTION('center_axis',(0.,0.,-1.));
#3066=DIRECTION('ref_axis',(-1.,0.,0.));
#3067=DIRECTION('',(0.,-1.,0.));
#3068=DIRECTION('',(0.,1.,0.));
#3069=DIRECTION('center_axis',(0.,0.,-1.));
#3070=DIRECTION('ref_axis',(-1.,0.,0.));
#3071=DIRECTION('',(-0.70710678118655,-0.707106781186545,0.));
#3072=DIRECTION('',(0.707106781186549,0.707106781186546,0.));
#3073=DIRECTION('center_axis',(0.,0.,-1.));
#3074=DIRECTION('ref_axis',(-1.,0.,0.));
#3075=DIRECTION('',(-5.55111512312578E-16,-1.,0.));
#3076=DIRECTION('',(0.,1.,0.));
#3077=DIRECTION('center_axis',(0.,0.,-1.));
#3078=DIRECTION('ref_axis',(-1.,0.,0.));
#3079=DIRECTION('',(0.70710678118655,-0.707106781186545,0.));
#3080=DIRECTION('',(-0.70710678118655,0.707106781186545,0.));
#3081=DIRECTION('center_axis',(0.,0.,-1.));
#3082=DIRECTION('ref_axis',(-1.,0.,0.));
#3083=DIRECTION('',(0.,-1.,0.));
#3084=DIRECTION('',(-2.77555756156289E-16,1.,0.));
#3085=DIRECTION('center_axis',(0.,0.,-1.));
#3086=DIRECTION('ref_axis',(-1.,0.,0.));
#3087=DIRECTION('',(-0.70710678118655,-0.707106781186545,0.));
#3088=DIRECTION('',(0.707106781186551,0.707106781186544,0.));
#3089=DIRECTION('center_axis',(0.,0.,-1.));
#3090=DIRECTION('ref_axis',(-1.,0.,0.));
#3091=DIRECTION('',(0.,-1.,0.));
#3092=DIRECTION('',(0.,1.,0.));
#3093=DIRECTION('center_axis',(0.,0.,-1.));
#3094=DIRECTION('ref_axis',(-1.,0.,0.));
#3095=DIRECTION('',(0.707106781186611,-0.707106781186484,0.));
#3096=DIRECTION('',(-0.707106781186611,0.707106781186484,0.));
#3097=DIRECTION('center_axis',(0.,0.,-1.));
#3098=DIRECTION('ref_axis',(-1.,0.,0.));
#3099=DIRECTION('',(0.,-1.,0.));
#3100=DIRECTION('',(-6.93889390390723E-17,1.,0.));
#3101=DIRECTION('center_axis',(0.,0.,-1.));
#3102=DIRECTION('ref_axis',(-1.,0.,0.));
#3103=DIRECTION('',(-0.707106781186557,-0.707106781186538,0.));
#3104=DIRECTION('',(0.707106781186611,0.707106781186484,0.));
#3105=DIRECTION('center_axis',(0.,0.,-1.));
#3106=DIRECTION('ref_axis',(-1.,0.,0.));
#3107=DIRECTION('',(0.,-1.,0.));
#3108=DIRECTION('',(0.,1.,0.));
#3109=DIRECTION('center_axis',(0.,0.,-1.));
#3110=DIRECTION('ref_axis',(-1.,0.,0.));
#3111=DIRECTION('',(0.707106781186558,-0.707106781186537,0.));
#3112=DIRECTION('',(-0.707106781186557,0.707106781186538,0.));
#3113=DIRECTION('center_axis',(0.,0.,-1.));
#3114=DIRECTION('ref_axis',(-1.,0.,0.));
#3115=DIRECTION('',(-5.55111512312578E-16,-1.,0.));
#3116=DIRECTION('',(0.,1.,0.));
#3117=DIRECTION('center_axis',(0.,0.,-1.));
#3118=DIRECTION('ref_axis',(-1.,0.,0.));
#3119=DIRECTION('',(-0.707106781186561,-0.707106781186535,0.));
#3120=DIRECTION('',(0.707106781186558,0.707106781186537,0.));
#3121=DIRECTION('center_axis',(0.,0.,-1.));
#3122=DIRECTION('ref_axis',(-1.,0.,0.));
#3123=DIRECTION('',(0.,-1.,0.));
#3124=DIRECTION('',(0.,1.,0.));
#3125=DIRECTION('center_axis',(0.,0.,-1.));
#3126=DIRECTION('ref_axis',(-1.,0.,0.));
#3127=DIRECTION('',(0.707106781186546,-0.707106781186549,0.));
#3128=DIRECTION('',(-0.70710678118656,0.707106781186535,0.));
#3129=DIRECTION('center_axis',(0.,0.,-1.));
#3130=DIRECTION('ref_axis',(-1.,0.,0.));
#3131=DIRECTION('',(0.,-1.,0.));
#3132=DIRECTION('',(0.,1.,0.));
#3133=DIRECTION('center_axis',(0.,0.,-1.));
#3134=DIRECTION('ref_axis',(-1.,0.,0.));
#3135=DIRECTION('',(-0.707106781186549,-0.707106781186546,0.));
#3136=DIRECTION('',(0.707106781186547,0.707106781186548,0.));
#3137=DIRECTION('center_axis',(0.,0.,-1.));
#3138=DIRECTION('ref_axis',(-1.,0.,0.));
#3139=DIRECTION('',(0.,1.,0.));
#3140=DIRECTION('',(-2.22044604925031E-15,-1.,0.));
#3141=DIRECTION('center_axis',(-1.,0.,0.));
#3142=DIRECTION('ref_axis',(0.,-1.,0.));
#3143=DIRECTION('',(0.,0.,1.));
#3144=DIRECTION('center_axis',(0.707106781186546,-0.707106781186549,0.));
#3145=DIRECTION('ref_axis',(0.707106781186549,0.707106781186546,0.));
#3146=DIRECTION('center_axis',(1.,0.,0.));
#3147=DIRECTION('ref_axis',(0.,1.,0.));
#3148=DIRECTION('',(0.,0.,1.));
#3149=DIRECTION('center_axis',(0.707106781186549,0.707106781186546,0.));
#3150=DIRECTION('ref_axis',(-0.707106781186546,0.707106781186549,0.));
#3151=DIRECTION('',(0.,0.,1.));
#3152=DIRECTION('center_axis',(-0.707106781186535,-0.70710678118656,0.));
#3153=DIRECTION('ref_axis',(0.70710678118656,-0.707106781186535,0.));
#3154=DIRECTION('',(0.,0.,1.));
#3155=DIRECTION('center_axis',(1.,0.,0.));
#3156=DIRECTION('ref_axis',(0.,1.,0.));
#3157=DIRECTION('center_axis',(-1.,0.,0.));
#3158=DIRECTION('ref_axis',(0.,-1.,0.));
#3159=DIRECTION('',(0.,0.,1.));
#3160=DIRECTION('center_axis',(0.707106781186535,-0.707106781186561,0.));
#3161=DIRECTION('ref_axis',(0.707106781186561,0.707106781186535,0.));
#3162=DIRECTION('center_axis',(1.,-5.55111512312578E-16,0.));
#3163=DIRECTION('ref_axis',(5.55111512312578E-16,1.,0.));
#3164=DIRECTION('',(0.,0.,1.));
#3165=DIRECTION('center_axis',(0.707106781186537,0.707106781186558,0.));
#3166=DIRECTION('ref_axis',(-0.707106781186558,0.707106781186537,0.));
#3167=DIRECTION('',(0.,0.,1.));
#3168=DIRECTION('center_axis',(-0.707106781186538,-0.707106781186557,0.));
#3169=DIRECTION('ref_axis',(0.707106781186557,-0.707106781186538,0.));
#3170=DIRECTION('',(0.,0.,1.));
#3171=DIRECTION('center_axis',(1.,0.,0.));
#3172=DIRECTION('ref_axis',(0.,1.,0.));
#3173=DIRECTION('center_axis',(-1.,0.,0.));
#3174=DIRECTION('ref_axis',(0.,-1.,0.));
#3175=DIRECTION('',(0.,0.,1.));
#3176=DIRECTION('center_axis',(0.707106781186538,-0.707106781186557,0.));
#3177=DIRECTION('ref_axis',(0.707106781186557,0.707106781186538,0.));
#3178=DIRECTION('center_axis',(1.,0.,0.));
#3179=DIRECTION('ref_axis',(0.,1.,0.));
#3180=DIRECTION('',(0.,0.,1.));
#3181=DIRECTION('center_axis',(0.707106781186484,0.707106781186611,0.));
#3182=DIRECTION('ref_axis',(-0.707106781186611,0.707106781186484,0.));
#3183=DIRECTION('',(0.,0.,1.));
#3184=DIRECTION('center_axis',(-0.707106781186484,-0.707106781186611,0.));
#3185=DIRECTION('ref_axis',(0.707106781186611,-0.707106781186484,0.));
#3186=DIRECTION('',(0.,0.,1.));
#3187=DIRECTION('center_axis',(1.,0.,0.));
#3188=DIRECTION('ref_axis',(0.,1.,0.));
#3189=DIRECTION('center_axis',(-1.,0.,0.));
#3190=DIRECTION('ref_axis',(0.,-1.,0.));
#3191=DIRECTION('',(0.,0.,1.));
#3192=DIRECTION('center_axis',(0.707106781186545,-0.70710678118655,0.));
#3193=DIRECTION('ref_axis',(0.70710678118655,0.707106781186545,0.));
#3194=DIRECTION('center_axis',(1.,0.,0.));
#3195=DIRECTION('ref_axis',(0.,1.,0.));
#3196=DIRECTION('',(0.,0.,1.));
#3197=DIRECTION('center_axis',(0.707106781186545,0.70710678118655,0.));
#3198=DIRECTION('ref_axis',(-0.70710678118655,0.707106781186545,0.));
#3199=DIRECTION('',(0.,0.,1.));
#3200=DIRECTION('center_axis',(-0.707106781186545,-0.70710678118655,0.));
#3201=DIRECTION('ref_axis',(0.70710678118655,-0.707106781186545,0.));
#3202=DIRECTION('',(0.,0.,1.));
#3203=DIRECTION('center_axis',(1.,-5.55111512312578E-16,0.));
#3204=DIRECTION('ref_axis',(5.55111512312578E-16,1.,0.));
#3205=DIRECTION('center_axis',(-1.,0.,0.));
#3206=DIRECTION('ref_axis',(0.,-1.,0.));
#3207=DIRECTION('',(0.,0.,1.));
#3208=DIRECTION('center_axis',(0.707106781186545,-0.70710678118655,0.));
#3209=DIRECTION('ref_axis',(0.70710678118655,0.707106781186545,0.));
#3210=DIRECTION('center_axis',(1.,0.,0.));
#3211=DIRECTION('ref_axis',(0.,1.,0.));
#3212=DIRECTION('',(0.,0.,1.));
#3213=DIRECTION('center_axis',(0.707106781186546,0.707106781186549,0.));
#3214=DIRECTION('ref_axis',(-0.707106781186549,0.707106781186546,0.));
#3215=DIRECTION('',(0.,0.,1.));
#3216=DIRECTION('center_axis',(-0.707106781186545,-0.707106781186551,0.));
#3217=DIRECTION('ref_axis',(0.70710678118655,-0.707106781186545,0.));
#3218=DIRECTION('',(0.,0.,1.));
#3219=DIRECTION('center_axis',(1.,0.,0.));
#3220=DIRECTION('ref_axis',(0.,1.,0.));
#3221=DIRECTION('center_axis',(-1.,0.,0.));
#3222=DIRECTION('ref_axis',(0.,-1.,0.));
#3223=DIRECTION('',(0.,0.,1.));
#3224=DIRECTION('center_axis',(0.707106781186545,-0.70710678118655,0.));
#3225=DIRECTION('ref_axis',(0.70710678118655,0.707106781186545,0.));
#3226=DIRECTION('center_axis',(1.,0.,0.));
#3227=DIRECTION('ref_axis',(0.,1.,0.));
#3228=DIRECTION('',(0.,0.,1.));
#3229=DIRECTION('center_axis',(-1.,0.,0.));
#3230=DIRECTION('ref_axis',(0.,-1.,0.));
#3231=DIRECTION('',(0.,0.,1.));
#3232=DIRECTION('center_axis',(0.,0.,1.));
#3233=DIRECTION('ref_axis',(1.,0.,0.));
#3234=DIRECTION('',(0.941991607096811,-0.335636428534162,0.));
#3235=DIRECTION('',(0.,1.,0.));
#3236=DIRECTION('',(-0.941991607096796,0.335636428534204,0.));
#3237=DIRECTION('center_axis',(1.,0.,0.));
#3238=DIRECTION('ref_axis',(0.,1.,0.));
#3239=DIRECTION('',(0.,0.,-1.));
#3240=DIRECTION('',(0.,0.,-1.));
#3241=DIRECTION('center_axis',(-7.70371977754894E-32,-1.,0.));
#3242=DIRECTION('ref_axis',(1.,-7.70371977754894E-32,0.));
#3243=DIRECTION('',(0.,0.,1.));
#3244=DIRECTION('center_axis',(-8.67361737988403E-17,1.,0.));
#3245=DIRECTION('ref_axis',(-1.,-8.67361737988403E-17,0.));
#3246=DIRECTION('',(0.,0.,1.));
#3247=DIRECTION('',(0.,0.,-1.));
#3248=DIRECTION('center_axis',(-1.,0.,0.));
#3249=DIRECTION('ref_axis',(0.,-1.,0.));
#3250=DIRECTION('center_axis',(0.,-1.,0.));
#3251=DIRECTION('ref_axis',(1.,0.,0.));
#3252=DIRECTION('center_axis',(0.5,0.,0.866025403784439));
#3253=DIRECTION('ref_axis',(0.866025403784439,0.,-0.5));
#3254=DIRECTION('center_axis',(-0.5,0.,0.866025403784439));
#3255=DIRECTION('ref_axis',(0.866025403784439,0.,0.5));
#3256=DIRECTION('',(0.827524650983165,-0.294851266494801,0.477771580006181));
#3257=DIRECTION('',(-0.827524650983155,0.294851266494839,-0.477771580006175));
#3258=DIRECTION('center_axis',(1.,0.,0.));
#3259=DIRECTION('ref_axis',(0.,1.,0.));
#3260=DIRECTION('center_axis',(-0.335636428534162,-0.941991607096811,0.));
#3261=DIRECTION('ref_axis',(0.941991607096811,-0.335636428534162,0.));
#3262=DIRECTION('',(0.,0.,1.));
#3263=DIRECTION('center_axis',(1.,-2.22044604925031E-15,0.));
#3264=DIRECTION('ref_axis',(2.22044604925031E-15,1.,0.));
#3265=DIRECTION('center_axis',(-1.,0.,0.));
#3266=DIRECTION('ref_axis',(0.,-1.,0.));
#3267=DIRECTION('center_axis',(-1.,0.,0.));
#3268=DIRECTION('ref_axis',(0.,-1.,0.));
#3269=DIRECTION('',(0.,0.,1.));
#3270=DIRECTION('center_axis',(0.335636428534204,0.941991607096796,0.));
#3271=DIRECTION('ref_axis',(-0.941991607096796,0.335636428534204,0.));
#3272=DIRECTION('center_axis',(-0.707106781186546,0.707106781186549,0.));
#3273=DIRECTION('ref_axis',(-0.707106781186549,-0.707106781186546,0.));
#3274=DIRECTION('center_axis',(-0.707106781186548,0.707106781186547,0.));
#3275=DIRECTION('ref_axis',(-0.707106781186547,-0.707106781186548,0.));
#3276=DIRECTION('center_axis',(-1.,0.,0.));
#3277=DIRECTION('ref_axis',(0.,-1.,0.));
#3278=DIRECTION('center_axis',(-1.,0.,0.));
#3279=DIRECTION('ref_axis',(0.,-1.,0.));
#3280=DIRECTION('center_axis',(-0.707106781186537,0.707106781186558,0.));
#3281=DIRECTION('ref_axis',(-0.707106781186558,-0.707106781186537,0.));
#3282=DIRECTION('center_axis',(-1.,-6.93889390390723E-17,0.));
#3283=DIRECTION('ref_axis',(6.93889390390723E-17,-1.,0.));
#3284=DIRECTION('center_axis',(0.335636428534162,0.941991607096811,0.));
#3285=DIRECTION('ref_axis',(-0.941991607096811,0.335636428534162,0.));
#3286=DIRECTION('center_axis',(-0.707106781186544,0.707106781186551,0.));
#3287=DIRECTION('ref_axis',(-0.707106781186551,-0.707106781186544,0.));
#3288=DIRECTION('center_axis',(-1.,-2.77555756156289E-16,0.));
#3289=DIRECTION('ref_axis',(2.77555756156289E-16,-1.,0.));
#3290=DIRECTION('center_axis',(-0.707106781186484,0.707106781186611,0.));
#3291=DIRECTION('ref_axis',(-0.707106781186611,-0.707106781186484,0.));
#3292=DIRECTION('center_axis',(-0.707106781186546,0.707106781186549,0.));
#3293=DIRECTION('ref_axis',(-0.707106781186549,-0.707106781186546,0.));
#3294=DIRECTION('center_axis',(-1.18952466924124E-17,1.,0.));
#3295=DIRECTION('ref_axis',(-1.,-1.18952466924124E-17,0.));
#3296=DIRECTION('',(0.,0.,1.));
#3297=DIRECTION('',(0.,0.,1.));
#3298=DIRECTION('center_axis',(-0.335636428534201,-0.941991607096797,0.));
#3299=DIRECTION('ref_axis',(0.941991607096797,-0.335636428534201,0.));
#3300=DIRECTION('',(0.,0.,1.));
#3301=DIRECTION('center_axis',(1.,0.,0.));
#3302=DIRECTION('ref_axis',(0.,1.,0.));
#3303=DIRECTION('center_axis',(1.,0.,0.));
#3304=DIRECTION('ref_axis',(0.,1.,0.));
#3305=CARTESIAN_POINT('',(0.,0.,0.));
#3306=CARTESIAN_POINT('Origin',(-1.60000503014691,4.36249496985224,5.));
#3307=CARTESIAN_POINT('',(-67.5751288694036,4.,5.));
#3308=CARTESIAN_POINT('',(-67.5751288694035,5.20000000405982,5.));
#3309=CARTESIAN_POINT('',(-67.5751288694036,4.48124748492569,5.));
#3310=CARTESIAN_POINT('',(64.3751288694036,4.,5.));
#3311=CARTESIAN_POINT('',(-69.525,4.,5.));
#3312=CARTESIAN_POINT('',(64.3751288694036,5.19999999994427,5.));
#3313=CARTESIAN_POINT('',(64.3751288694036,3.48124748492569,5.));
#3314=CARTESIAN_POINT('',(66.8,5.19999999986864,5.));
#3315=CARTESIAN_POINT('Ctrl Pts',(-70.,3.525,0.203248557872772));
#3316=CARTESIAN_POINT('Ctrl Pts',(-70.,3.525,2.26883237191518));
#3317=CARTESIAN_POINT('Ctrl Pts',(-70.,3.525,4.3344161859576));
#3318=CARTESIAN_POINT('Ctrl Pts',(-70.,3.525,6.40000000000001));
#3319=CARTESIAN_POINT('Ctrl Pts',(-70.,3.60180791734503,0.203248557872772));
#3320=CARTESIAN_POINT('Ctrl Pts',(-70.,3.60180791734503,2.26883237191519));
#3321=CARTESIAN_POINT('Ctrl Pts',(-70.,3.60180791734503,4.33441618595759));
#3322=CARTESIAN_POINT('Ctrl Pts',(-70.,3.60180791734503,6.40000000000001));
#3323=CARTESIAN_POINT('Ctrl Pts',(-69.973561603568,3.75054767684529,0.203248557872772));
#3324=CARTESIAN_POINT('Ctrl Pts',(-69.973561603568,3.75054767684529,2.26883237191518));
#3325=CARTESIAN_POINT('Ctrl Pts',(-69.973561603568,3.75054767684529,4.3344161859576));
#3326=CARTESIAN_POINT('Ctrl Pts',(-69.973561603568,3.75054767684529,6.40000000000001));
#3327=CARTESIAN_POINT('Ctrl Pts',(-69.8230605577937,3.94824743204126,0.203248557872773));
#3328=CARTESIAN_POINT('Ctrl Pts',(-69.8230605577937,3.94824743204126,2.26883237191519));
#3329=CARTESIAN_POINT('Ctrl Pts',(-69.8230605577937,3.94824743204126,4.33441618595759));
#3330=CARTESIAN_POINT('Ctrl Pts',(-69.8230605577937,3.94824743204126,6.40000000000001));
#3331=CARTESIAN_POINT('Ctrl Pts',(-69.6402118760176,4.,0.203248557872773));
#3332=CARTESIAN_POINT('Ctrl Pts',(-69.6402118760176,4.,2.26883237191518));
#3333=CARTESIAN_POINT('Ctrl Pts',(-69.6402118760176,4.,4.3344161859576));
#3334=CARTESIAN_POINT('Ctrl Pts',(-69.6402118760176,4.,6.40000000000001));
#3335=CARTESIAN_POINT('Ctrl Pts',(-69.525,4.,0.203248557872773));
#3336=CARTESIAN_POINT('Ctrl Pts',(-69.525,4.,2.26883237191518));
#3337=CARTESIAN_POINT('Ctrl Pts',(-69.525,4.,4.3344161859576));
#3338=CARTESIAN_POINT('Ctrl Pts',(-69.525,4.,6.40000000000001));
#3339=CARTESIAN_POINT('',(-69.525,4.,0.203248557872773));
#3340=CARTESIAN_POINT('',(-69.525,4.,6.12575862213494));
#3341=CARTESIAN_POINT('Ctrl Pts',(-69.525,4.,0.203248557872773));
#3342=CARTESIAN_POINT('Ctrl Pts',(-69.525,4.,2.17741857929349));
#3343=CARTESIAN_POINT('Ctrl Pts',(-69.525,4.,4.15158860071421));
#3344=CARTESIAN_POINT('Ctrl Pts',(-69.5249999999999,4.,6.12575862213493));
#3345=CARTESIAN_POINT('',(-70.,3.525,6.4));
#3346=CARTESIAN_POINT('Ctrl Pts',(-69.525,4.,6.12575862213493));
#3347=CARTESIAN_POINT('Ctrl Pts',(-69.5499558566679,4.,6.14016689270002));
#3348=CARTESIAN_POINT('Ctrl Pts',(-69.5742302442756,3.99854722591036,6.15418186986006));
#3349=CARTESIAN_POINT('Ctrl Pts',(-69.5977471007709,3.99575246062211,6.16776361262496));
#3350=CARTESIAN_POINT('Ctrl Pts',(-69.621814614,3.99289225477104,6.18166337740568));
#3351=CARTESIAN_POINT('Ctrl Pts',(-69.6450899574032,3.98862652634606,6.19510938153881));
#3352=CARTESIAN_POINT('Ctrl Pts',(-69.6675084466373,3.9830216422767,6.20805881212135));
#3353=CARTESIAN_POINT('Ctrl Pts',(-69.6898994242323,3.97742363643834,6.22099235135383));
#3354=CARTESIAN_POINT('Ctrl Pts',(-69.7114368656354,3.97048966293791,6.23343053506337));
#3355=CARTESIAN_POINT('Ctrl Pts',(-69.7320542124364,3.96223487206044,6.2453307077717));
#3356=CARTESIAN_POINT('Ctrl Pts',(-69.7381359242778,3.95979987109195,6.24884102468949));
#3357=CARTESIAN_POINT('Ctrl Pts',(-69.744137496028,3.95724960814897,6.25230452744226));
#3358=CARTESIAN_POINT('Ctrl Pts',(-69.7500569508798,3.9545836375989,6.25572012118158));
#3359=CARTESIAN_POINT('Ctrl Pts',(-69.7680146088693,3.94649596930064,6.26608189701012));
#3360=CARTESIAN_POINT('Ctrl Pts',(-69.7854510534075,3.93724131992773,6.27614596943563));
#3361=CARTESIAN_POINT('Ctrl Pts',(-69.8022234563929,3.92670874387598,6.28582616430092));
#3362=CARTESIAN_POINT('Ctrl Pts',(-69.8125854553661,3.92020171311075,6.29180659354183));
#3363=CARTESIAN_POINT('Ctrl Pts',(-69.822693301326,3.91320636155805,6.2976405053708));
#3364=CARTESIAN_POINT('Ctrl Pts',(-69.8325050376229,3.90569076300712,6.30330757987627));
#3365=CARTESIAN_POINT('Ctrl Pts',(-69.8493076732965,3.89282027194433,6.3130124664905));
#3366=CARTESIAN_POINT('Ctrl Pts',(-69.8652443685897,3.87842351997286,6.32222807441496));
#3367=CARTESIAN_POINT('Ctrl Pts',(-69.8801630477164,3.86248718079768,6.33085235284255));
#3368=CARTESIAN_POINT('Ctrl Pts',(-69.8820984901042,3.86041971449695,6.33197120484621));
#3369=CARTESIAN_POINT('Ctrl Pts',(-69.8840167268027,3.85832632930722,6.33308010441617));
#3370=CARTESIAN_POINT('Ctrl Pts',(-69.8859173597404,3.8562069920257,6.33417882872632));
#3371=CARTESIAN_POINT('Ctrl Pts',(-69.9008875146035,3.83951423316534,6.342832826428));
#3372=CARTESIAN_POINT('Ctrl Pts',(-69.9144676352301,3.82155146715828,6.35067216811494));
#3373=CARTESIAN_POINT('Ctrl Pts',(-69.9266157152451,3.80242253817122,6.35767371748095));
#3374=CARTESIAN_POINT('Ctrl Pts',(-69.9387637952601,3.78329360918416,6.36467526684696));
#3375=CARTESIAN_POINT('Ctrl Pts',(-69.949480421593,3.76299751371364,6.37083902389204));
#3376=CARTESIAN_POINT('Ctrl Pts',(-69.9586710532797,3.74160555914108,6.37614185231));
#3377=CARTESIAN_POINT('Ctrl Pts',(-69.9612298865669,3.73564966325652,6.37761825288125));
#3378=CARTESIAN_POINT('Ctrl Pts',(-69.9636700802517,3.72960867452747,6.3790279174163));
#3379=CARTESIAN_POINT('Ctrl Pts',(-69.9659922090688,3.72348470979151,6.38037034658945));
#3380=CARTESIAN_POINT('Ctrl Pts',(-69.9741466748585,3.70197958889978,6.38508446610223));
#3381=CARTESIAN_POINT('Ctrl Pts',(-69.9807141120767,3.67980832213097,6.3888910174013));
#3382=CARTESIAN_POINT('Ctrl Pts',(-69.9858337267863,3.65714876967748,6.3918518034026));
#3383=CARTESIAN_POINT('Ctrl Pts',(-69.9880403558627,3.64738217001385,6.39312794562225));
#3384=CARTESIAN_POINT('Ctrl Pts',(-69.9899775053726,3.63752439074509,6.39424696693456));
#3385=CARTESIAN_POINT('Ctrl Pts',(-69.9916540845623,3.62758781764828,6.39521381597132));
#3386=CARTESIAN_POINT('Ctrl Pts',(-69.9958624633141,3.60264604135682,6.39764070219735));
#3387=CARTESIAN_POINT('Ctrl Pts',(-69.9984045322663,3.57737042877585,6.39909348654968));
#3388=CARTESIAN_POINT('Ctrl Pts',(-69.9994487343066,3.55198834941628,6.39968725612306));
#3389=CARTESIAN_POINT('Ctrl Pts',(-69.9998183878037,3.54300294808784,6.39989745394956));
#3390=CARTESIAN_POINT('Ctrl Pts',(-70.,3.53400383730688,6.40000000000001));
#3391=CARTESIAN_POINT('Ctrl Pts',(-70.,3.525,6.40000000000001));
#3392=CARTESIAN_POINT('',(-70.,3.525,0.400000000000002));
#3393=CARTESIAN_POINT('Ctrl Pts',(-70.,3.525,6.40000000000001));
#3394=CARTESIAN_POINT('Ctrl Pts',(-70.,3.525,4.40000000000001));
#3395=CARTESIAN_POINT('Ctrl Pts',(-70.,3.525,2.4));
#3396=CARTESIAN_POINT('Ctrl Pts',(-70.,3.525,0.400000000000002));
#3397=CARTESIAN_POINT('Ctrl Pts',(-70.,3.525,0.400000000000002));
#3398=CARTESIAN_POINT('Ctrl Pts',(-70.,3.55004979619675,0.400000000000001));
#3399=CARTESIAN_POINT('Ctrl Pts',(-69.9985971578061,3.57501258428382,0.399430548166164));
#3400=CARTESIAN_POINT('Ctrl Pts',(-69.9956572694264,3.59970747854463,0.398218755142796));
#3401=CARTESIAN_POINT('Ctrl Pts',(-69.9929186292268,3.62271189960221,0.397089914636341));
#3402=CARTESIAN_POINT('Ctrl Pts',(-69.9888460492201,3.64548425001248,0.39540366504102));
#3403=CARTESIAN_POINT('Ctrl Pts',(-69.9832987011889,3.66784862600342,0.39310108448669));
#3404=CARTESIAN_POINT('Ctrl Pts',(-69.9787361320152,3.68624282299839,0.391207263691946));
#3405=CARTESIAN_POINT('Ctrl Pts',(-69.9731754328338,3.70436071547197,0.388896513920349));
#3406=CARTESIAN_POINT('Ctrl Pts',(-69.9665205165442,3.72208459014943,0.38613605217388));
#3407=CARTESIAN_POINT('Ctrl Pts',(-69.9640444386133,3.72867906752971,0.385108974129294));
#3408=CARTESIAN_POINT('Ctrl Pts',(-69.9614285902457,3.73518716402742,0.384024651632264));
#3409=CARTESIAN_POINT('Ctrl Pts',(-69.9586710532797,3.74160555914108,0.382883076035669));
#3410=CARTESIAN_POINT('Ctrl Pts',(-69.9498929321839,3.76203736123192,0.379249076219774));
#3411=CARTESIAN_POINT('Ctrl Pts',(-69.9396822913425,3.78156234594192,0.375034900813624));
#3412=CARTESIAN_POINT('Ctrl Pts',(-69.9280855563335,3.80009115371423,0.370240270876352));
#3413=CARTESIAN_POINT('Ctrl Pts',(-69.9167186405339,3.81825276537918,0.36554065889549));
#3414=CARTESIAN_POINT('Ctrl Pts',(-69.904019511777,3.8354579824987,0.360283370824643));
#3415=CARTESIAN_POINT('Ctrl Pts',(-69.8899947191047,3.85158939754686,0.354468143980261));
#3416=CARTESIAN_POINT('Ctrl Pts',(-69.8877739732666,3.85414371500938,0.353547336014388));
#3417=CARTESIAN_POINT('Ctrl Pts',(-69.8855199208953,3.85667102770541,0.352612538897531));
#3418=CARTESIAN_POINT('Ctrl Pts',(-69.8832325128624,3.85917077305978,0.351663751586796));
#3419=CARTESIAN_POINT('Ctrl Pts',(-69.8683864893008,3.8753949350356,0.345505812745925));
#3420=CARTESIAN_POINT('Ctrl Pts',(-69.8524437898102,3.89012640168062,0.338889622659978));
#3421=CARTESIAN_POINT('Ctrl Pts',(-69.8355290156128,3.90335060244915,0.331878515161784));
#3422=CARTESIAN_POINT('Ctrl Pts',(-69.8345244590825,3.90413597842191,0.331462130423842));
#3423=CARTESIAN_POINT('Ctrl Pts',(-69.8335164595051,3.9049160335808,0.33104435277725));
#3424=CARTESIAN_POINT('Ctrl Pts',(-69.8325050376229,3.90569076300712,0.330625195488626));
#3425=CARTESIAN_POINT('Ctrl Pts',(-69.8162735861903,3.91812373808662,0.323898495886431));
#3426=CARTESIAN_POINT('Ctrl Pts',(-69.7991643653737,3.92918793689294,0.316816478914032));
#3427=CARTESIAN_POINT('Ctrl Pts',(-69.7813310333999,3.9389918102023,0.309433976728958));
#3428=CARTESIAN_POINT('Ctrl Pts',(-69.7741528169193,3.94293803433282,0.306462395258339));
#3429=CARTESIAN_POINT('Ctrl Pts',(-69.7668567999951,3.94667967814534,0.303442129231063));
#3430=CARTESIAN_POINT('Ctrl Pts',(-69.7594512409325,3.95022229498041,0.300376754564766));
#3431=CARTESIAN_POINT('Ctrl Pts',(-69.7396579903133,3.9596908445216,0.292183756777716));
#3432=CARTESIAN_POINT('Ctrl Pts',(-69.7192746336933,3.96764916175035,0.283746223190083));
#3433=CARTESIAN_POINT('Ctrl Pts',(-69.6985105672054,3.97424276871119,0.275144474837512));
#3434=CARTESIAN_POINT('Ctrl Pts',(-69.6823045679261,3.97938896633666,0.268430957151402));
#3435=CARTESIAN_POINT('Ctrl Pts',(-69.6658654796089,3.98370324482588,0.261617407451518));
#3436=CARTESIAN_POINT('Ctrl Pts',(-69.6492742821514,3.98724327086157,0.254742013087077));
#3437=CARTESIAN_POINT('Ctrl Pts',(-69.6248000900862,3.99246527351296,0.244599904741423));
#3438=CARTESIAN_POINT('Ctrl Pts',(-69.5999874576901,3.99600498379175,0.23431928520859));
#3439=CARTESIAN_POINT('Ctrl Pts',(-69.5750770776147,3.99800803372619,0.223996774155052));
#3440=CARTESIAN_POINT('Ctrl Pts',(-69.5596438727214,3.99924902161783,0.217601471168093));
#3441=CARTESIAN_POINT('Ctrl Pts',(-69.5441721367713,3.99989961656574,0.211190088491492));
#3442=CARTESIAN_POINT('Ctrl Pts',(-69.5287107112538,3.99998925041892,0.204785603099531));
#3443=CARTESIAN_POINT('Ctrl Pts',(-69.5274738342495,3.99999642091246,0.204273259609794));
#3444=CARTESIAN_POINT('Ctrl Pts',(-69.5262369222206,4.,0.20376090783216));
#3445=CARTESIAN_POINT('Ctrl Pts',(-69.525,4.,0.203248557872773));
#3446=CARTESIAN_POINT('Origin',(-55.5736666581657,4.,4.));
#3447=CARTESIAN_POINT('',(-66.3569919683566,4.,4.29670833227072));
#3448=CARTESIAN_POINT('',(-69.7282485578728,4.,-2.77555756156289E-16));
#3449=CARTESIAN_POINT('Ctrl Pts',(-69.7282485578728,4.,-3.90659726789977E-15));
#3450=CARTESIAN_POINT('Ctrl Pts',(-69.6604990385818,4.,0.067749519290927));
#3451=CARTESIAN_POINT('Ctrl Pts',(-69.5927495192909,4.,0.135499038581858));
#3452=CARTESIAN_POINT('Ctrl Pts',(-69.525,4.,0.203248557872789));
#3453=CARTESIAN_POINT('',(-55.5736666581657,4.,0.));
#3454=CARTESIAN_POINT('',(-35.1,4.,0.));
#3455=CARTESIAN_POINT('',(-55.5736666581657,4.,3.));
#3456=CARTESIAN_POINT('',(-55.5736666581657,4.,0.));
#3457=CARTESIAN_POINT('',(-54.7336666581657,4.,3.));
#3458=CARTESIAN_POINT('',(-55.5736666581657,4.,3.));
#3459=CARTESIAN_POINT('',(-54.7336666581657,4.,0.));
#3460=CARTESIAN_POINT('',(-54.7336666581657,4.,0.));
#3461=CARTESIAN_POINT('',(-46.7336666581657,4.,0.));
#3462=CARTESIAN_POINT('',(54.7336666581657,4.,0.));
#3463=CARTESIAN_POINT('',(-46.7336666581657,4.,3.));
#3464=CARTESIAN_POINT('',(-46.7336666581657,4.,0.));
#3465=CARTESIAN_POINT('',(-45.5457272657723,4.,3.));
#3466=CARTESIAN_POINT('',(-55.5736666581657,4.,3.));
#3467=CARTESIAN_POINT('',(-44.7057272657723,4.,3.));
#3468=CARTESIAN_POINT('',(-55.5736666581657,4.,3.));
#3469=CARTESIAN_POINT('',(-43.5177878733788,4.,3.));
#3470=CARTESIAN_POINT('',(-55.5736666581657,4.,3.));
#3471=CARTESIAN_POINT('',(-43.5177878733788,4.,0.));
#3472=CARTESIAN_POINT('',(-43.5177878733788,4.,0.));
#3473=CARTESIAN_POINT('',(-35.5177878733788,4.,0.));
#3474=CARTESIAN_POINT('',(54.7336666581657,4.,0.));
#3475=CARTESIAN_POINT('',(-35.5177878733788,4.,3.));
#3476=CARTESIAN_POINT('',(-35.5177878733788,4.,0.));
#3477=CARTESIAN_POINT('',(-34.6777878733788,4.,3.));
#3478=CARTESIAN_POINT('',(-55.5736666581657,4.,3.));
#3479=CARTESIAN_POINT('',(-34.6777878733788,4.,0.));
#3480=CARTESIAN_POINT('',(-34.6777878733788,4.,0.));
#3481=CARTESIAN_POINT('',(-26.6777878733788,4.,0.));
#3482=CARTESIAN_POINT('',(54.7336666581657,4.,0.));
#3483=CARTESIAN_POINT('',(-26.6777878733788,4.,3.));
#3484=CARTESIAN_POINT('',(-26.6777878733788,4.,0.));
#3485=CARTESIAN_POINT('',(-25.4898484809853,4.,3.));
#3486=CARTESIAN_POINT('',(-55.5736666581657,4.,3.));
#3487=CARTESIAN_POINT('',(-24.6498484809854,4.,3.));
#3488=CARTESIAN_POINT('',(-55.5736666581657,4.,3.));
#3489=CARTESIAN_POINT('',(-23.461909088592,4.,3.));
#3490=CARTESIAN_POINT('',(-55.5736666581657,4.,3.));
#3491=CARTESIAN_POINT('',(-23.461909088592,4.,0.));
#3492=CARTESIAN_POINT('',(-23.461909088592,4.,0.));
#3493=CARTESIAN_POINT('',(-15.4619090885919,4.,0.));
#3494=CARTESIAN_POINT('',(54.7336666581657,4.,0.));
#3495=CARTESIAN_POINT('',(-15.4619090885919,4.,3.));
#3496=CARTESIAN_POINT('',(-15.4619090885919,4.,0.));
#3497=CARTESIAN_POINT('',(-14.6219090885919,4.,3.));
#3498=CARTESIAN_POINT('',(-55.5736666581657,4.,3.));
#3499=CARTESIAN_POINT('',(-14.6219090885919,4.,0.));
#3500=CARTESIAN_POINT('',(-14.6219090885919,4.,0.));
#3501=CARTESIAN_POINT('',(-6.62190908859184,4.,0.));
#3502=CARTESIAN_POINT('',(54.7336666581657,4.,0.));
#3503=CARTESIAN_POINT('',(-6.62190908859184,4.,3.));
#3504=CARTESIAN_POINT('',(-6.62190908859184,4.,0.));
#3505=CARTESIAN_POINT('',(-5.43396969619844,4.,3.));
#3506=CARTESIAN_POINT('',(-55.5736666581657,4.,3.));
#3507=CARTESIAN_POINT('',(-4.59396969619846,4.,3.));
#3508=CARTESIAN_POINT('',(-55.5736666581657,4.,3.));
#3509=CARTESIAN_POINT('',(-3.40603030380493,4.,3.));
#3510=CARTESIAN_POINT('',(-55.5736666581657,4.,3.));
#3511=CARTESIAN_POINT('',(-3.40603030380494,4.,0.));
#3512=CARTESIAN_POINT('',(-3.40603030380494,4.,0.));
#3513=CARTESIAN_POINT('',(4.59396969619649,4.,0.));
#3514=CARTESIAN_POINT('',(54.7336666581657,4.,0.));
#3515=CARTESIAN_POINT('',(4.59396969619649,4.,3.));
#3516=CARTESIAN_POINT('',(4.59396969619649,4.,0.));
#3517=CARTESIAN_POINT('',(5.43396969619648,4.,3.));
#3518=CARTESIAN_POINT('',(-55.5736666581657,4.,3.));
#3519=CARTESIAN_POINT('',(5.43396969619648,4.,0.));
#3520=CARTESIAN_POINT('',(5.43396969619648,4.,0.));
#3521=CARTESIAN_POINT('',(13.4339696961979,4.,0.));
#3522=CARTESIAN_POINT('',(54.7336666581657,4.,0.));
#3523=CARTESIAN_POINT('',(13.4339696961979,4.,3.));
#3524=CARTESIAN_POINT('',(13.4339696961979,4.,0.));
#3525=CARTESIAN_POINT('',(14.6219090885913,4.,3.));
#3526=CARTESIAN_POINT('',(-55.5736666581657,4.,3.));
#3527=CARTESIAN_POINT('',(15.4619090885913,4.,3.));
#3528=CARTESIAN_POINT('',(-55.5736666581657,4.,3.));
#3529=CARTESIAN_POINT('',(16.6498484809847,4.,3.));
#3530=CARTESIAN_POINT('',(-55.5736666581657,4.,3.));
#3531=CARTESIAN_POINT('',(16.6498484809847,4.,0.));
#3532=CARTESIAN_POINT('',(16.6498484809847,4.,0.));
#3533=CARTESIAN_POINT('',(24.6498484809849,4.,0.));
#3534=CARTESIAN_POINT('',(54.7336666581657,4.,0.));
#3535=CARTESIAN_POINT('',(24.649848480985,4.,3.));
#3536=CARTESIAN_POINT('',(24.6498484809849,4.,0.));
#3537=CARTESIAN_POINT('',(25.4898484809849,4.,3.));
#3538=CARTESIAN_POINT('',(-55.5736666581657,4.,3.));
#3539=CARTESIAN_POINT('',(25.4898484809849,4.,0.));
#3540=CARTESIAN_POINT('',(25.4898484809849,4.,0.));
#3541=CARTESIAN_POINT('',(33.4898484809852,4.,0.));
#3542=CARTESIAN_POINT('',(54.7336666581657,4.,0.));
#3543=CARTESIAN_POINT('',(33.4898484809852,4.,3.));
#3544=CARTESIAN_POINT('',(33.4898484809852,4.,0.));
#3545=CARTESIAN_POINT('',(34.6777878733786,4.,3.));
#3546=CARTESIAN_POINT('',(-55.5736666581657,4.,3.));
#3547=CARTESIAN_POINT('',(35.5177878733786,4.,3.));
#3548=CARTESIAN_POINT('',(-55.5736666581657,4.,3.));
#3549=CARTESIAN_POINT('',(36.7057272657723,4.,3.));
#3550=CARTESIAN_POINT('',(-55.5736666581657,4.,3.));
#3551=CARTESIAN_POINT('',(36.7057272657723,4.,0.));
#3552=CARTESIAN_POINT('',(36.7057272657723,4.,0.));
#3553=CARTESIAN_POINT('',(44.7057272657723,4.,0.));
#3554=CARTESIAN_POINT('',(54.7336666581657,4.,0.));
#3555=CARTESIAN_POINT('',(44.7057272657723,4.,3.));
#3556=CARTESIAN_POINT('',(44.7057272657723,4.,0.));
#3557=CARTESIAN_POINT('',(45.5457272657723,4.,3.));
#3558=CARTESIAN_POINT('',(-55.5736666581657,4.,3.));
#3559=CARTESIAN_POINT('',(45.5457272657723,4.,0.));
#3560=CARTESIAN_POINT('',(45.5457272657723,4.,0.));
#3561=CARTESIAN_POINT('',(53.5457272657723,4.,0.));
#3562=CARTESIAN_POINT('',(54.7336666581657,4.,0.));
#3563=CARTESIAN_POINT('',(53.5457272657723,4.,3.));
#3564=CARTESIAN_POINT('',(53.5457272657723,4.,0.));
#3565=CARTESIAN_POINT('',(54.7336666581657,4.,3.));
#3566=CARTESIAN_POINT('',(-55.5736666581657,4.,3.));
#3567=CARTESIAN_POINT('',(55.5736666581657,4.,3.));
#3568=CARTESIAN_POINT('',(-55.5736666581657,4.,3.));
#3569=CARTESIAN_POINT('',(55.5736666581657,4.,4.));
#3570=CARTESIAN_POINT('',(55.5736666581657,4.,0.));
#3571=CARTESIAN_POINT('',(58.0763747332959,4.,4.));
#3572=CARTESIAN_POINT('',(-34.7625,4.,4.));
#3573=CARTESIAN_POINT('',(58.0763747332959,4.,0.));
#3574=CARTESIAN_POINT('',(58.0763747332959,4.,0.));
#3575=CARTESIAN_POINT('',(66.8,4.,0.));
#3576=CARTESIAN_POINT('',(-70.,4.,0.));
#3577=CARTESIAN_POINT('',(66.8,4.,6.4));
#3578=CARTESIAN_POINT('',(66.8,4.,0.));
#3579=CARTESIAN_POINT('',(60.5784528163701,4.,2.80798805875532));
#3580=CARTESIAN_POINT('Origin',(73.2,5.19999999986263,0.));
#3581=CARTESIAN_POINT('',(66.8,5.19999999986864,6.4));
#3582=CARTESIAN_POINT('',(63.8498122913841,5.19999999999829,4.69670833227071));
#3583=CARTESIAN_POINT('',(69.5250000000004,5.19999999986608,6.4));
#3584=CARTESIAN_POINT('',(70.,5.19999999999829,6.4));
#3585=CARTESIAN_POINT('',(69.5250000000004,5.19999999986608,4.));
#3586=CARTESIAN_POINT('Ctrl Pts',(69.5250000000004,5.19999999986608,4.));
#3587=CARTESIAN_POINT('Ctrl Pts',(69.5250000000004,5.19999999986608,4.8));
#3588=CARTESIAN_POINT('Ctrl Pts',(69.5250000000004,5.19999999986608,5.6));
#3589=CARTESIAN_POINT('Ctrl Pts',(69.5250000000004,5.19999999986608,6.4));
#3590=CARTESIAN_POINT('',(72.7250000000004,5.19999999986308,4.));
#3591=CARTESIAN_POINT('',(-73.2,5.2,4.));
#3592=CARTESIAN_POINT('',(72.7250000000004,5.19999999986308,0.));
#3593=CARTESIAN_POINT('Ctrl Pts',(72.7250000000004,5.19999999986308,0.));
#3594=CARTESIAN_POINT('Ctrl Pts',(72.7250000000004,5.19999999986308,1.33333333333333));
#3595=CARTESIAN_POINT('Ctrl Pts',(72.7250000000004,5.19999999986308,2.66666666666667));
#3596=CARTESIAN_POINT('Ctrl Pts',(72.7250000000004,5.19999999986308,4.));
#3597=CARTESIAN_POINT('',(-72.7249999999995,5.19999999999956,2.77555756156289E-16));
#3598=CARTESIAN_POINT('',(-73.2,5.2,0.));
#3599=CARTESIAN_POINT('',(-72.7249999999995,5.19999999999956,6.4));
#3600=CARTESIAN_POINT('Ctrl Pts',(-72.7249999999995,5.19999999999956,6.4));
#3601=CARTESIAN_POINT('Ctrl Pts',(-72.7249999999995,5.19999999999956,4.26666666666667));
#3602=CARTESIAN_POINT('Ctrl Pts',(-72.7249999999995,5.19999999999956,2.13333333333333));
#3603=CARTESIAN_POINT('Ctrl Pts',(-72.7249999999995,5.19999999999956,0.));
#3604=CARTESIAN_POINT('',(-70.,5.199999999997,6.4));
#3605=CARTESIAN_POINT('',(-71.6,5.19999999999829,6.4));
#3606=CARTESIAN_POINT('',(-60.9471169651687,5.19999999999829,1.17331554289798));
#3607=CARTESIAN_POINT('Origin',(61.9388550673096,2.59999999999915,3.59341666454143));
#3608=CARTESIAN_POINT('',(66.8,4.,6.4));
#3609=CARTESIAN_POINT('Ctrl Pts',(-70.475,5.55111512312578E-16,4.));
#3610=CARTESIAN_POINT('Ctrl Pts',(-70.475,5.55111512312578E-16,4.8));
#3611=CARTESIAN_POINT('Ctrl Pts',(-70.475,5.55111512312578E-16,5.6));
#3612=CARTESIAN_POINT('Ctrl Pts',(-70.475,5.55111512312578E-16,6.4));
#3613=CARTESIAN_POINT('Ctrl Pts',(-70.398192082655,5.43891259903373E-16,
4.));
#3614=CARTESIAN_POINT('Ctrl Pts',(-70.398192082655,5.43891259903373E-16,
4.8));
#3615=CARTESIAN_POINT('Ctrl Pts',(-70.398192082655,5.43891259903373E-16,
5.6));
#3616=CARTESIAN_POINT('Ctrl Pts',(-70.398192082655,5.43891259903373E-16,
6.4));
#3617=CARTESIAN_POINT('Ctrl Pts',(-70.2494516031038,0.0264381308844254,
4.));
#3618=CARTESIAN_POINT('Ctrl Pts',(-70.2494516031038,0.0264381308844254,
4.8));
#3619=CARTESIAN_POINT('Ctrl Pts',(-70.2494516031038,0.0264381308844254,
5.6));
#3620=CARTESIAN_POINT('Ctrl Pts',(-70.2494516031038,0.0264381308844254,
6.4));
#3621=CARTESIAN_POINT('Ctrl Pts',(-70.0517509570945,0.176939132325862,4.));
#3622=CARTESIAN_POINT('Ctrl Pts',(-70.0517509570945,0.176939132325862,4.8));
#3623=CARTESIAN_POINT('Ctrl Pts',(-70.0517509570945,0.176939132325862,5.6));
#3624=CARTESIAN_POINT('Ctrl Pts',(-70.0517509570945,0.176939132325862,6.40000000000001));
#3625=CARTESIAN_POINT('Ctrl Pts',(-70.,0.35978812398245,4.));
#3626=CARTESIAN_POINT('Ctrl Pts',(-70.,0.35978812398245,4.8));
#3627=CARTESIAN_POINT('Ctrl Pts',(-70.,0.35978812398245,5.6));
#3628=CARTESIAN_POINT('Ctrl Pts',(-70.,0.35978812398245,6.4));
#3629=CARTESIAN_POINT('Ctrl Pts',(-70.,0.475000000000001,4.));
#3630=CARTESIAN_POINT('Ctrl Pts',(-70.,0.475000000000001,4.8));
#3631=CARTESIAN_POINT('Ctrl Pts',(-70.,0.475000000000001,5.6));
#3632=CARTESIAN_POINT('Ctrl Pts',(-70.,0.475000000000001,6.4));
#3633=CARTESIAN_POINT('',(-70.,0.475000000000001,6.4));
#3634=CARTESIAN_POINT('',(-70.475,5.55111512312578E-16,6.4));
#3635=CARTESIAN_POINT('Ctrl Pts',(-70.,0.475000000000001,6.4));
#3636=CARTESIAN_POINT('Ctrl Pts',(-70.,0.35978812398245,6.4));
#3637=CARTESIAN_POINT('Ctrl Pts',(-70.0310505742567,0.250078728988497,6.4));
#3638=CARTESIAN_POINT('Ctrl Pts',(-70.0943081129332,0.167494713477404,6.4));
#3639=CARTESIAN_POINT('Ctrl Pts',(-70.1364798053842,0.112438703136675,6.4));
#3640=CARTESIAN_POINT('Ctrl Pts',(-70.192965704244,0.0694384170105502,6.4));
#3641=CARTESIAN_POINT('Ctrl Pts',(-70.2583937735617,0.0413287412263816,
6.4));
#3642=CARTESIAN_POINT('Ctrl Pts',(-70.3238218428794,0.013219065442213,6.4));
#3643=CARTESIAN_POINT('Ctrl Pts',(-70.398192082655,5.43891259903373E-16,
6.4));
#3644=CARTESIAN_POINT('Ctrl Pts',(-70.475,5.55111512312578E-16,6.4));
#3645=CARTESIAN_POINT('',(-70.475,5.55111512312578E-16,4.));
#3646=CARTESIAN_POINT('Ctrl Pts',(-70.475,5.55111512312578E-16,6.4));
#3647=CARTESIAN_POINT('Ctrl Pts',(-70.475,5.55111512312578E-16,5.6));
#3648=CARTESIAN_POINT('Ctrl Pts',(-70.475,5.55111512312578E-16,4.8));
#3649=CARTESIAN_POINT('Ctrl Pts',(-70.475,5.55111512312578E-16,4.));
#3650=CARTESIAN_POINT('',(-70.,0.475000000000001,4.));
#3651=CARTESIAN_POINT('Ctrl Pts',(-70.,0.475000000000001,4.));
#3652=CARTESIAN_POINT('Ctrl Pts',(-70.,0.35978812398245,4.));
#3653=CARTESIAN_POINT('Ctrl Pts',(-70.0310505742567,0.250078728988497,4.));
#3654=CARTESIAN_POINT('Ctrl Pts',(-70.0943081129332,0.167494713477404,4.));
#3655=CARTESIAN_POINT('Ctrl Pts',(-70.1364798053842,0.112438703136675,4.));
#3656=CARTESIAN_POINT('Ctrl Pts',(-70.192965704244,0.0694384170105502,4.));
#3657=CARTESIAN_POINT('Ctrl Pts',(-70.2583937735617,0.0413287412263816,
4.));
#3658=CARTESIAN_POINT('Ctrl Pts',(-70.3238218428794,0.013219065442213,4.));
#3659=CARTESIAN_POINT('Ctrl Pts',(-70.398192082655,5.43891259903373E-16,
4.));
#3660=CARTESIAN_POINT('Ctrl Pts',(-70.475,5.55111512312578E-16,4.));
#3661=CARTESIAN_POINT('Ctrl Pts',(-70.,0.475000000000001,4.));
#3662=CARTESIAN_POINT('Ctrl Pts',(-70.,0.475000000000001,4.8));
#3663=CARTESIAN_POINT('Ctrl Pts',(-70.,0.475000000000001,5.6));
#3664=CARTESIAN_POINT('Ctrl Pts',(-70.,0.475000000000001,6.4));
#3665=CARTESIAN_POINT('Origin',(-71.6,5.55111512312578E-16,4.));
#3666=CARTESIAN_POINT('',(-70.85,5.55111512312578E-16,6.4));
#3667=CARTESIAN_POINT('',(68.4,5.55111512312578E-16,6.4));
#3668=CARTESIAN_POINT('',(-70.85,5.55111512312578E-16,4.));
#3669=CARTESIAN_POINT('Ctrl Pts',(-70.85,5.55111512312578E-16,4.));
#3670=CARTESIAN_POINT('Ctrl Pts',(-70.85,5.55111512312578E-16,4.8));
#3671=CARTESIAN_POINT('Ctrl Pts',(-70.85,5.55111512312578E-16,5.6));
#3672=CARTESIAN_POINT('Ctrl Pts',(-70.85,5.55111512312578E-16,6.4));
#3673=CARTESIAN_POINT('',(-35.8,5.55111512312578E-16,4.));
#3674=CARTESIAN_POINT('Origin',(68.4,2.59999999999915,6.4));
#3675=CARTESIAN_POINT('',(-70.,-1.11022302462516E-15,6.4));
#3676=CARTESIAN_POINT('',(-70.,-1.11022302462516E-15,6.4));
#3677=CARTESIAN_POINT('',(-73.2,4.72499999999956,6.4));
#3678=CARTESIAN_POINT('Ctrl Pts',(-73.2,4.72499999999956,6.4));
#3679=CARTESIAN_POINT('Ctrl Pts',(-73.2,4.84021187601716,6.4));
#3680=CARTESIAN_POINT('Ctrl Pts',(-73.1689472628984,4.94992085442431,6.4));
#3681=CARTESIAN_POINT('Ctrl Pts',(-73.105689370749,5.03250472903034,6.4));
#3682=CARTESIAN_POINT('Ctrl Pts',(-73.0635174426494,5.08756064543436,6.4));
#3683=CARTESIAN_POINT('Ctrl Pts',(-73.0070321123062,5.130560960149,6.4));
#3684=CARTESIAN_POINT('Ctrl Pts',(-72.94160473098,5.15867079879031,6.4));
#3685=CARTESIAN_POINT('Ctrl Pts',(-72.8761773496539,5.18678063743163,6.4));
#3686=CARTESIAN_POINT('Ctrl Pts',(-72.8018079173446,5.19999999999963,6.4));
#3687=CARTESIAN_POINT('Ctrl Pts',(-72.7249999999995,5.19999999999956,6.4));
#3688=CARTESIAN_POINT('',(-73.2,4.025,6.4));
#3689=CARTESIAN_POINT('',(-73.2,4.,6.4));
#3690=CARTESIAN_POINT('',(-72.725,3.55,6.4));
#3691=CARTESIAN_POINT('Ctrl Pts',(-72.725,3.55,6.4));
#3692=CARTESIAN_POINT('Ctrl Pts',(-72.8402118760175,3.55,6.4));
#3693=CARTESIAN_POINT('Ctrl Pts',(-72.94992090082,3.58105249670823,6.4));
#3694=CARTESIAN_POINT('Ctrl Pts',(-73.0325047910853,3.64431034940421,6.4));
#3695=CARTESIAN_POINT('Ctrl Pts',(-73.0875607179288,3.68648225120152,6.4));
#3696=CARTESIAN_POINT('Ctrl Pts',(-73.1305610294225,3.74296764454894,6.4));
#3697=CARTESIAN_POINT('Ctrl Pts',(-73.1586708499403,3.8083951024123,6.4));
#3698=CARTESIAN_POINT('Ctrl Pts',(-73.1867806704581,3.87382256027567,6.4));
#3699=CARTESIAN_POINT('Ctrl Pts',(-73.2,3.94819208265497,6.4));
#3700=CARTESIAN_POINT('Ctrl Pts',(-73.2,4.025,6.4));
#3701=CARTESIAN_POINT('',(-72.6713203435596,3.55,6.4));
#3702=CARTESIAN_POINT('',(70.,3.55,6.4));
#3703=CARTESIAN_POINT('',(-71.6,4.,6.4));
#3704=CARTESIAN_POINT('Ctrl Pts',(-72.6713203435596,3.55,6.4));
#3705=CARTESIAN_POINT('Ctrl Pts',(-72.5538637330291,3.55,6.4));
#3706=CARTESIAN_POINT('Ctrl Pts',(-72.4449554734355,3.55,6.4));
#3707=CARTESIAN_POINT('Ctrl Pts',(-72.2414703150966,3.57450322217817,6.4));
#3708=CARTESIAN_POINT('Ctrl Pts',(-72.1505995813274,3.5968318056826,6.4));
#3709=CARTESIAN_POINT('Ctrl Pts',(-71.8948162679652,3.71094100560492,6.4));
#3710=CARTESIAN_POINT('Ctrl Pts',(-71.7714152988545,3.82858470114551,6.4));
#3711=CARTESIAN_POINT('Ctrl Pts',(-71.6000000000001,3.99999999999995,6.4));
#3712=CARTESIAN_POINT('',(-71.6,0.750000000000001,6.4));
#3713=CARTESIAN_POINT('',(-71.6,5.55111512312578E-16,6.4));
#3714=CARTESIAN_POINT('Ctrl Pts',(-70.85,5.55111512312578E-16,6.4));
#3715=CARTESIAN_POINT('Ctrl Pts',(-71.0319134884488,5.49329100725989E-16,
6.4));
#3716=CARTESIAN_POINT('Ctrl Pts',(-71.20513867798,0.0490281117298086,6.4));
#3717=CARTESIAN_POINT('Ctrl Pts',(-71.3355344340083,0.14890858076743,6.4));
#3718=CARTESIAN_POINT('Ctrl Pts',(-71.4224649380272,0.215495560125844,6.4));
#3719=CARTESIAN_POINT('Ctrl Pts',(-71.4903601382669,0.30468358717662,6.4));
#3720=CARTESIAN_POINT('Ctrl Pts',(-71.5347439037602,0.407990782403698,6.4));
#3721=CARTESIAN_POINT('Ctrl Pts',(-71.5791276692534,0.511297977630776,6.4));
#3722=CARTESIAN_POINT('Ctrl Pts',(-71.6,0.628724341034157,6.4));
#3723=CARTESIAN_POINT('Ctrl Pts',(-71.6,0.750000000000001,6.4));
#3724=CARTESIAN_POINT('Ctrl Pts',(-73.2,4.025,4.));
#3725=CARTESIAN_POINT('Ctrl Pts',(-73.2,4.025,4.8));
#3726=CARTESIAN_POINT('Ctrl Pts',(-73.2,4.025,5.6));
#3727=CARTESIAN_POINT('Ctrl Pts',(-73.2,4.025,6.4));
#3728=CARTESIAN_POINT('Ctrl Pts',(-73.2,3.94819208265497,4.));
#3729=CARTESIAN_POINT('Ctrl Pts',(-73.2,3.94819208265497,4.8));
#3730=CARTESIAN_POINT('Ctrl Pts',(-73.2,3.94819208265497,5.6));
#3731=CARTESIAN_POINT('Ctrl Pts',(-73.2,3.94819208265497,6.4));
#3732=CARTESIAN_POINT('Ctrl Pts',(-73.1735613409163,3.79945303789636,4.));
#3733=CARTESIAN_POINT('Ctrl Pts',(-73.1735613409163,3.79945303789636,4.8));
#3734=CARTESIAN_POINT('Ctrl Pts',(-73.1735613409163,3.79945303789636,5.6));
#3735=CARTESIAN_POINT('Ctrl Pts',(-73.1735613409163,3.79945303789636,6.4));
#3736=CARTESIAN_POINT('Ctrl Pts',(-73.0230602506882,3.60175416118039,4.));
#3737=CARTESIAN_POINT('Ctrl Pts',(-73.0230602506882,3.60175416118039,4.8));
#3738=CARTESIAN_POINT('Ctrl Pts',(-73.0230602506882,3.60175416118039,5.6));
#3739=CARTESIAN_POINT('Ctrl Pts',(-73.0230602506882,3.60175416118039,6.4));
#3740=CARTESIAN_POINT('Ctrl Pts',(-72.8402118760175,3.55,4.));
#3741=CARTESIAN_POINT('Ctrl Pts',(-72.8402118760175,3.55,4.8));
#3742=CARTESIAN_POINT('Ctrl Pts',(-72.8402118760175,3.55,5.6));
#3743=CARTESIAN_POINT('Ctrl Pts',(-72.8402118760175,3.55,6.4));
#3744=CARTESIAN_POINT('Ctrl Pts',(-72.725,3.55,4.));
#3745=CARTESIAN_POINT('Ctrl Pts',(-72.725,3.55,4.8));
#3746=CARTESIAN_POINT('Ctrl Pts',(-72.725,3.55,5.6));
#3747=CARTESIAN_POINT('Ctrl Pts',(-72.725,3.55,6.4));
#3748=CARTESIAN_POINT('',(-73.2,4.025,4.));
#3749=CARTESIAN_POINT('Ctrl Pts',(-73.2,4.025,6.4));
#3750=CARTESIAN_POINT('Ctrl Pts',(-73.2,4.025,5.6));
#3751=CARTESIAN_POINT('Ctrl Pts',(-73.2,4.025,4.8));
#3752=CARTESIAN_POINT('Ctrl Pts',(-73.2,4.025,4.));
#3753=CARTESIAN_POINT('',(-72.725,3.55,4.));
#3754=CARTESIAN_POINT('Ctrl Pts',(-72.725,3.55,4.));
#3755=CARTESIAN_POINT('Ctrl Pts',(-72.8402118760175,3.55,4.));
#3756=CARTESIAN_POINT('Ctrl Pts',(-72.94992090082,3.58105249670823,4.));
#3757=CARTESIAN_POINT('Ctrl Pts',(-73.0325047910853,3.64431034940421,4.));
#3758=CARTESIAN_POINT('Ctrl Pts',(-73.0875607179288,3.68648225120152,4.));
#3759=CARTESIAN_POINT('Ctrl Pts',(-73.1305610294225,3.74296764454894,4.));
#3760=CARTESIAN_POINT('Ctrl Pts',(-73.1586708499403,3.8083951024123,4.));
#3761=CARTESIAN_POINT('Ctrl Pts',(-73.1867806704581,3.87382256027567,4.));
#3762=CARTESIAN_POINT('Ctrl Pts',(-73.2,3.94819208265497,4.));
#3763=CARTESIAN_POINT('Ctrl Pts',(-73.2,4.025,4.));
#3764=CARTESIAN_POINT('Ctrl Pts',(-72.725,3.55,4.));
#3765=CARTESIAN_POINT('Ctrl Pts',(-72.725,3.55,4.8));
#3766=CARTESIAN_POINT('Ctrl Pts',(-72.725,3.55,5.6));
#3767=CARTESIAN_POINT('Ctrl Pts',(-72.725,3.55,6.4));
#3768=CARTESIAN_POINT('Origin',(-73.2,5.2,0.));
#3769=CARTESIAN_POINT('',(-73.2,-4.72500000000045,4.));
#3770=CARTESIAN_POINT('',(-73.2,-5.2,4.));
#3771=CARTESIAN_POINT('',(-73.2,4.72499999999956,2.77555756156289E-16));
#3772=CARTESIAN_POINT('Ctrl Pts',(-73.2,4.72499999999956,0.));
#3773=CARTESIAN_POINT('Ctrl Pts',(-73.2,4.72499999999956,2.13333333333333));
#3774=CARTESIAN_POINT('Ctrl Pts',(-73.2,4.72499999999956,4.26666666666667));
#3775=CARTESIAN_POINT('Ctrl Pts',(-73.2,4.72499999999956,6.4));
#3776=CARTESIAN_POINT('',(-73.2,-4.72500000000045,0.));
#3777=CARTESIAN_POINT('',(-73.2,-5.2,0.));
#3778=CARTESIAN_POINT('Ctrl Pts',(-73.2,-4.72500000000045,4.));
#3779=CARTESIAN_POINT('Ctrl Pts',(-73.2,-4.72500000000045,2.66666666666667));
#3780=CARTESIAN_POINT('Ctrl Pts',(-73.2,-4.72500000000045,1.33333333333333));
#3781=CARTESIAN_POINT('Ctrl Pts',(-73.2,-4.72500000000045,0.));
#3782=CARTESIAN_POINT('Ctrl Pts',(69.525,3.55,4.));
#3783=CARTESIAN_POINT('Ctrl Pts',(69.525,3.55,4.8));
#3784=CARTESIAN_POINT('Ctrl Pts',(69.525,3.55,5.6));
#3785=CARTESIAN_POINT('Ctrl Pts',(69.525,3.55,6.4));
#3786=CARTESIAN_POINT('Ctrl Pts',(69.601807917345,3.55,4.));
#3787=CARTESIAN_POINT('Ctrl Pts',(69.601807917345,3.55,4.8));
#3788=CARTESIAN_POINT('Ctrl Pts',(69.601807917345,3.55,5.6));
#3789=CARTESIAN_POINT('Ctrl Pts',(69.601807917345,3.55,6.4));
#3790=CARTESIAN_POINT('Ctrl Pts',(69.7505476170401,3.57643841844464,4.));
#3791=CARTESIAN_POINT('Ctrl Pts',(69.7505476170401,3.57643841844464,4.8));
#3792=CARTESIAN_POINT('Ctrl Pts',(69.7505476170401,3.57643841844464,5.6));
#3793=CARTESIAN_POINT('Ctrl Pts',(69.7505476170401,3.57643841844464,6.4));
#3794=CARTESIAN_POINT('Ctrl Pts',(69.9482472985116,3.7269394679216,4.));
#3795=CARTESIAN_POINT('Ctrl Pts',(69.9482472985116,3.7269394679216,4.8));
#3796=CARTESIAN_POINT('Ctrl Pts',(69.9482472985116,3.7269394679216,5.6));
#3797=CARTESIAN_POINT('Ctrl Pts',(69.9482472985116,3.7269394679216,6.4));
#3798=CARTESIAN_POINT('Ctrl Pts',(70.,3.90978812398245,4.));
#3799=CARTESIAN_POINT('Ctrl Pts',(70.,3.90978812398245,4.8));
#3800=CARTESIAN_POINT('Ctrl Pts',(70.,3.90978812398245,5.6));
#3801=CARTESIAN_POINT('Ctrl Pts',(70.,3.90978812398245,6.4));
#3802=CARTESIAN_POINT('Ctrl Pts',(70.,4.025,4.));
#3803=CARTESIAN_POINT('Ctrl Pts',(70.,4.025,4.8));
#3804=CARTESIAN_POINT('Ctrl Pts',(70.,4.025,5.6));
#3805=CARTESIAN_POINT('Ctrl Pts',(70.,4.025,6.4));
#3806=CARTESIAN_POINT('',(70.,4.025,6.4));
#3807=CARTESIAN_POINT('',(69.525,3.55,6.4));
#3808=CARTESIAN_POINT('Ctrl Pts',(70.,4.025,6.4));
#3809=CARTESIAN_POINT('Ctrl Pts',(70.,3.90978812398245,6.4));
#3810=CARTESIAN_POINT('Ctrl Pts',(69.968948379107,3.80007893034594,6.4));
#3811=CARTESIAN_POINT('Ctrl Pts',(69.9056906698,3.71749498302583,6.4));
#3812=CARTESIAN_POINT('Ctrl Pts',(69.8635188635953,3.66243901814576,6.4));
#3813=CARTESIAN_POINT('Ctrl Pts',(69.8070332403177,3.6194387182952,6.4));
#3814=CARTESIAN_POINT('Ctrl Pts',(69.7416055037551,3.59132896375876,6.4));
#3815=CARTESIAN_POINT('Ctrl Pts',(69.6761777671926,3.56321920922232,6.4));
#3816=CARTESIAN_POINT('Ctrl Pts',(69.601807917345,3.55,6.4));
#3817=CARTESIAN_POINT('Ctrl Pts',(69.525,3.55,6.4));
#3818=CARTESIAN_POINT('',(69.525,3.55,4.));
#3819=CARTESIAN_POINT('Ctrl Pts',(69.525,3.55,6.4));
#3820=CARTESIAN_POINT('Ctrl Pts',(69.525,3.55,5.6));
#3821=CARTESIAN_POINT('Ctrl Pts',(69.525,3.55,4.8));
#3822=CARTESIAN_POINT('Ctrl Pts',(69.525,3.55,4.));
#3823=CARTESIAN_POINT('',(70.,4.025,4.));
#3824=CARTESIAN_POINT('Ctrl Pts',(70.,4.025,4.));
#3825=CARTESIAN_POINT('Ctrl Pts',(70.,3.90978812398245,4.));
#3826=CARTESIAN_POINT('Ctrl Pts',(69.968948379107,3.80007893034594,4.));
#3827=CARTESIAN_POINT('Ctrl Pts',(69.9056906698,3.71749498302583,4.));
#3828=CARTESIAN_POINT('Ctrl Pts',(69.8635188635953,3.66243901814576,4.));
#3829=CARTESIAN_POINT('Ctrl Pts',(69.8070332403177,3.6194387182952,4.));
#3830=CARTESIAN_POINT('Ctrl Pts',(69.7416055037551,3.59132896375876,4.));
#3831=CARTESIAN_POINT('Ctrl Pts',(69.6761777671926,3.56321920922232,4.));
#3832=CARTESIAN_POINT('Ctrl Pts',(69.601807917345,3.55,4.));
#3833=CARTESIAN_POINT('Ctrl Pts',(69.525,3.55,4.));
#3834=CARTESIAN_POINT('Ctrl Pts',(70.,4.025,4.));
#3835=CARTESIAN_POINT('Ctrl Pts',(70.,4.025,4.8));
#3836=CARTESIAN_POINT('Ctrl Pts',(70.,4.025,5.6));
#3837=CARTESIAN_POINT('Ctrl Pts',(70.,4.025,6.4));
#3838=CARTESIAN_POINT('Origin',(68.85,3.55,4.));
#3839=CARTESIAN_POINT('',(69.4713203435596,3.55,6.4));
#3840=CARTESIAN_POINT('',(70.,3.55,6.4));
#3841=CARTESIAN_POINT('',(69.4713203435596,3.55,4.));
#3842=CARTESIAN_POINT('',(69.4713203435596,3.55,4.));
#3843=CARTESIAN_POINT('',(34.425,3.55,4.));
#3844=CARTESIAN_POINT('Origin',(68.4,2.59999999999915,6.4));
#3845=CARTESIAN_POINT('',(70.,4.72499999986608,6.4));
#3846=CARTESIAN_POINT('',(70.,4.,6.4));
#3847=CARTESIAN_POINT('Ctrl Pts',(69.5250000000004,5.19999999986608,6.4));
#3848=CARTESIAN_POINT('Ctrl Pts',(69.6402118760179,5.19999999986597,6.4));
#3849=CARTESIAN_POINT('Ctrl Pts',(69.7499210200442,5.16894812145729,6.4));
#3850=CARTESIAN_POINT('Ctrl Pts',(69.8325049505877,5.10569037004682,6.4));
#3851=CARTESIAN_POINT('Ctrl Pts',(69.8875609042834,5.06351853577317,6.4));
#3852=CARTESIAN_POINT('Ctrl Pts',(69.9305612075424,5.0070329801654,6.4));
#3853=CARTESIAN_POINT('Ctrl Pts',(69.9586709814716,4.94160532552487,6.4));
#3854=CARTESIAN_POINT('Ctrl Pts',(69.9867807554007,4.87617767088435,6.4));
#3855=CARTESIAN_POINT('Ctrl Pts',(70.,4.80180791721108,6.4));
#3856=CARTESIAN_POINT('Ctrl Pts',(70.,4.72499999986608,6.4));
#3857=CARTESIAN_POINT('',(66.8,0.89172769021663,6.4));
#3858=CARTESIAN_POINT('',(66.8,4.,6.4));
#3859=CARTESIAN_POINT('',(66.8,5.55111512312578E-16,6.4));
#3860=CARTESIAN_POINT('',(66.8,4.,6.4));
#3861=CARTESIAN_POINT('',(67.65,5.55111512312578E-16,6.4));
#3862=CARTESIAN_POINT('',(68.4,5.55111512312578E-16,6.4));
#3863=CARTESIAN_POINT('',(68.4,0.750000000000001,6.4));
#3864=CARTESIAN_POINT('Ctrl Pts',(68.4,0.750000000000001,6.4));
#3865=CARTESIAN_POINT('Ctrl Pts',(68.4,0.568086511551236,6.4));
#3866=CARTESIAN_POINT('Ctrl Pts',(68.3509734292332,0.394861025842128,6.4));
#3867=CARTESIAN_POINT('Ctrl Pts',(68.2510932109139,0.264465169410655,6.4));
#3868=CARTESIAN_POINT('Ctrl Pts',(68.1845063987011,0.17753459845634,6.4));
#3869=CARTESIAN_POINT('Ctrl Pts',(68.0953179653538,0.109639418292086,6.4));
#3870=CARTESIAN_POINT('Ctrl Pts',(67.99201028042,0.065255768678001,6.4));
#3871=CARTESIAN_POINT('Ctrl Pts',(67.8887025954862,0.020872119063916,6.4));
#3872=CARTESIAN_POINT('Ctrl Pts',(67.7712756589658,5.55111512312578E-16,
6.4));
#3873=CARTESIAN_POINT('Ctrl Pts',(67.65,5.55111512312578E-16,6.4));
#3874=CARTESIAN_POINT('',(68.4,4.,6.4));
#3875=CARTESIAN_POINT('',(68.4,5.19999999999829,6.4));
#3876=CARTESIAN_POINT('',(68.4106601717798,3.98933982822019,6.4));
#3877=CARTESIAN_POINT('',(68.4,4.,6.4));
#3878=CARTESIAN_POINT('Ctrl Pts',(69.4713203435596,3.55,6.4));
#3879=CARTESIAN_POINT('Ctrl Pts',(69.2355894127951,3.55,6.4));
#3880=CARTESIAN_POINT('Ctrl Pts',(69.0486999931073,3.55985863148052,6.4));
#3881=CARTESIAN_POINT('Ctrl Pts',(68.8818745762949,3.62827753330925,6.4));
#3882=CARTESIAN_POINT('Ctrl Pts',(68.7984618678887,3.66248698422362,6.4));
#3883=CARTESIAN_POINT('Ctrl Pts',(68.7200651602013,3.71133650272504,6.4));
#3884=CARTESIAN_POINT('Ctrl Pts',(68.6439507596412,3.77221855408615,6.4));
#3885=CARTESIAN_POINT('Ctrl Pts',(68.5678363590811,3.83310060544726,6.4));
#3886=CARTESIAN_POINT('Ctrl Pts',(68.4940042656483,3.90601518966807,6.4));
#3887=CARTESIAN_POINT('Ctrl Pts',(68.410660190827,3.98933984064692,6.4));
#3888=CARTESIAN_POINT('Ctrl Pts',(72.7249999999995,-5.20000000013693,0.));
#3889=CARTESIAN_POINT('Ctrl Pts',(72.7249999999995,-5.20000000013693,1.33333333333333));
#3890=CARTESIAN_POINT('Ctrl Pts',(72.7249999999995,-5.20000000013693,2.66666666666667));
#3891=CARTESIAN_POINT('Ctrl Pts',(72.7249999999995,-5.20000000013693,4.));
#3892=CARTESIAN_POINT('Ctrl Pts',(72.8018079173446,-5.200000000137,0.));
#3893=CARTESIAN_POINT('Ctrl Pts',(72.8018079173446,-5.200000000137,1.33333333333334));
#3894=CARTESIAN_POINT('Ctrl Pts',(72.8018079173446,-5.200000000137,2.66666666666666));
#3895=CARTESIAN_POINT('Ctrl Pts',(72.8018079173446,-5.200000000137,4.));
#3896=CARTESIAN_POINT('Ctrl Pts',(72.9505472600446,-5.17356145042783,0.));
#3897=CARTESIAN_POINT('Ctrl Pts',(72.9505472600446,-5.17356145042783,1.33333333333333));
#3898=CARTESIAN_POINT('Ctrl Pts',(72.9505472600446,-5.17356145042783,2.66666666666667));
#3899=CARTESIAN_POINT('Ctrl Pts',(72.9505472600446,-5.17356145042783,4.));
#3900=CARTESIAN_POINT('Ctrl Pts',(73.148246502266,-5.02306037878407,0.));
#3901=CARTESIAN_POINT('Ctrl Pts',(73.148246502266,-5.02306037878407,1.33333333333334));
#3902=CARTESIAN_POINT('Ctrl Pts',(73.148246502266,-5.02306037878407,2.66666666666667));
#3903=CARTESIAN_POINT('Ctrl Pts',(73.148246502266,-5.02306037878407,4.));
#3904=CARTESIAN_POINT('Ctrl Pts',(73.2,-4.84021187615454,0.));
#3905=CARTESIAN_POINT('Ctrl Pts',(73.2,-4.84021187615454,1.33333333333333));
#3906=CARTESIAN_POINT('Ctrl Pts',(73.2,-4.84021187615454,2.66666666666667));
#3907=CARTESIAN_POINT('Ctrl Pts',(73.2,-4.84021187615454,4.));
#3908=CARTESIAN_POINT('Ctrl Pts',(73.2,-4.72500000013693,0.));
#3909=CARTESIAN_POINT('Ctrl Pts',(73.2,-4.72500000013693,1.33333333333333));
#3910=CARTESIAN_POINT('Ctrl Pts',(73.2,-4.72500000013693,2.66666666666667));
#3911=CARTESIAN_POINT('Ctrl Pts',(73.2,-4.72500000013693,4.));
#3912=CARTESIAN_POINT('',(73.2,-4.72500000013693,4.));
#3913=CARTESIAN_POINT('',(72.7249999999995,-5.20000000013693,4.));
#3914=CARTESIAN_POINT('Ctrl Pts',(73.2,-4.72500000013693,4.));
#3915=CARTESIAN_POINT('Ctrl Pts',(73.2,-4.84021187615454,4.));
#3916=CARTESIAN_POINT('Ctrl Pts',(73.1689479013596,-4.94992097773226,4.));
#3917=CARTESIAN_POINT('Ctrl Pts',(73.1056901139036,-5.03250489392888,4.));
#3918=CARTESIAN_POINT('Ctrl Pts',(73.0635182555997,-5.08756083805997,4.));
#3919=CARTESIAN_POINT('Ctrl Pts',(73.0070327578222,-5.1305611442439,4.));
#3920=CARTESIAN_POINT('Ctrl Pts',(72.9416051732584,-5.15867093476316,4.));
#3921=CARTESIAN_POINT('Ctrl Pts',(72.8761775886946,-5.18678072528242,4.));
#3922=CARTESIAN_POINT('Ctrl Pts',(72.8018079173446,-5.200000000137,4.));
#3923=CARTESIAN_POINT('Ctrl Pts',(72.7249999999995,-5.20000000013693,4.));
#3924=CARTESIAN_POINT('',(72.7249999999995,-5.20000000013693,0.));
#3925=CARTESIAN_POINT('Ctrl Pts',(72.7249999999995,-5.20000000013693,4.));
#3926=CARTESIAN_POINT('Ctrl Pts',(72.7249999999995,-5.20000000013693,2.66666666666667));
#3927=CARTESIAN_POINT('Ctrl Pts',(72.7249999999995,-5.20000000013693,1.33333333333333));
#3928=CARTESIAN_POINT('Ctrl Pts',(72.7249999999995,-5.20000000013693,0.));
#3929=CARTESIAN_POINT('',(73.2,-4.72500000013693,0.));
#3930=CARTESIAN_POINT('Ctrl Pts',(72.7249999999995,-5.20000000013693,1.38777878078145E-16));
#3931=CARTESIAN_POINT('Ctrl Pts',(72.8018079173446,-5.200000000137,1.38777878078145E-16));
#3932=CARTESIAN_POINT('Ctrl Pts',(72.8761775886946,-5.18678072528242,1.38777878078145E-16));
#3933=CARTESIAN_POINT('Ctrl Pts',(72.9416051732584,-5.15867093476316,1.38777878078144E-16));
#3934=CARTESIAN_POINT('Ctrl Pts',(73.0070327578222,-5.1305611442439,1.38777878078144E-16));
#3935=CARTESIAN_POINT('Ctrl Pts',(73.0635182555997,-5.08756083805997,1.38777878078145E-16));
#3936=CARTESIAN_POINT('Ctrl Pts',(73.1056901139037,-5.03250489392888,1.38777878078145E-16));
#3937=CARTESIAN_POINT('Ctrl Pts',(73.1689479013596,-4.94992097773226,1.38777878078145E-16));
#3938=CARTESIAN_POINT('Ctrl Pts',(73.2,-4.84021187615454,1.38777878078144E-16));
#3939=CARTESIAN_POINT('Ctrl Pts',(73.2,-4.72500000013693,1.38777878078145E-16));
#3940=CARTESIAN_POINT('Ctrl Pts',(73.2,-4.72500000013693,0.));
#3941=CARTESIAN_POINT('Ctrl Pts',(73.2,-4.72500000013693,1.33333333333333));
#3942=CARTESIAN_POINT('Ctrl Pts',(73.2,-4.72500000013693,2.66666666666667));
#3943=CARTESIAN_POINT('Ctrl Pts',(73.2,-4.72500000013693,4.));
#3944=CARTESIAN_POINT('Origin',(-73.2,-5.2,0.));
#3945=CARTESIAN_POINT('',(-72.7250000000004,-5.20000000000045,4.));
#3946=CARTESIAN_POINT('',(73.2,-5.20000000013738,4.));
#3947=CARTESIAN_POINT('',(-72.7250000000004,-5.20000000000045,0.));
#3948=CARTESIAN_POINT('Ctrl Pts',(-72.7250000000004,-5.20000000000045,0.));
#3949=CARTESIAN_POINT('Ctrl Pts',(-72.7250000000004,-5.20000000000045,1.33333333333333));
#3950=CARTESIAN_POINT('Ctrl Pts',(-72.7250000000004,-5.20000000000045,2.66666666666667));
#3951=CARTESIAN_POINT('Ctrl Pts',(-72.7250000000004,-5.20000000000045,4.));
#3952=CARTESIAN_POINT('',(73.2,-5.20000000013738,0.));
#3953=CARTESIAN_POINT('Origin',(0.,-6.86872780875092E-11,4.));
#3954=CARTESIAN_POINT('',(73.2,4.72499999986308,4.));
#3955=CARTESIAN_POINT('',(73.2,5.19999999986263,4.));
#3956=CARTESIAN_POINT('Ctrl Pts',(72.7250000000004,5.19999999986308,4.));
#3957=CARTESIAN_POINT('Ctrl Pts',(72.8402118760179,5.19999999986297,4.));
#3958=CARTESIAN_POINT('Ctrl Pts',(72.9499209775955,5.16894790122253,4.));
#3959=CARTESIAN_POINT('Ctrl Pts',(73.032504893792,5.10569011376666,4.));
#3960=CARTESIAN_POINT('Ctrl Pts',(73.087560837923,5.06351825546275,4.));
#3961=CARTESIAN_POINT('Ctrl Pts',(73.1305611441068,5.00703275768532,4.));
#3962=CARTESIAN_POINT('Ctrl Pts',(73.1586709346261,4.94160517312165,4.));
#3963=CARTESIAN_POINT('Ctrl Pts',(73.1867807251454,4.87617758855798,4.));
#3964=CARTESIAN_POINT('Ctrl Pts',(73.2,4.80180791720807,4.));
#3965=CARTESIAN_POINT('Ctrl Pts',(73.2,4.72499999986308,4.));
#3966=CARTESIAN_POINT('',(70.,4.72499999986608,4.));
#3967=CARTESIAN_POINT('Ctrl Pts',(69.5250000000004,5.19999999986608,4.));
#3968=CARTESIAN_POINT('Ctrl Pts',(69.6402118760179,5.19999999986597,4.));
#3969=CARTESIAN_POINT('Ctrl Pts',(69.7499210200442,5.16894812145729,4.));
#3970=CARTESIAN_POINT('Ctrl Pts',(69.8325049505877,5.10569037004682,4.));
#3971=CARTESIAN_POINT('Ctrl Pts',(69.8875609042834,5.06351853577317,4.));
#3972=CARTESIAN_POINT('Ctrl Pts',(69.9305612075424,5.0070329801654,4.));
#3973=CARTESIAN_POINT('Ctrl Pts',(69.9586709814716,4.94160532552487,4.));
#3974=CARTESIAN_POINT('Ctrl Pts',(69.9867807554007,4.87617767088435,4.));
#3975=CARTESIAN_POINT('Ctrl Pts',(70.,4.80180791721108,4.));
#3976=CARTESIAN_POINT('Ctrl Pts',(70.,4.72499999986608,4.));
#3977=CARTESIAN_POINT('',(70.,1.99999999996566,4.));
#3978=CARTESIAN_POINT('',(68.4,4.,4.));
#3979=CARTESIAN_POINT('Ctrl Pts',(69.4713203435596,3.55,4.));
#3980=CARTESIAN_POINT('Ctrl Pts',(69.2602807272107,3.55,4.));
#3981=CARTESIAN_POINT('Ctrl Pts',(69.0751544407955,3.55,4.));
#3982=CARTESIAN_POINT('Ctrl Pts',(68.7906075085617,3.66449601873214,4.));
#3983=CARTESIAN_POINT('Ctrl Pts',(68.7068643935762,3.71982669329455,4.));
#3984=CARTESIAN_POINT('Ctrl Pts',(68.5619547031858,3.83929400508142,4.));
#3985=CARTESIAN_POINT('Ctrl Pts',(68.4985944277393,3.90140557226072,4.));
#3986=CARTESIAN_POINT('Ctrl Pts',(68.4,4.00000000000001,4.));
#3987=CARTESIAN_POINT('',(68.4,0.750000000000001,4.));
#3988=CARTESIAN_POINT('',(68.4,-3.43436390437546E-11,4.));
#3989=CARTESIAN_POINT('',(67.65,5.55111512312578E-16,4.));
#3990=CARTESIAN_POINT('Ctrl Pts',(68.4,0.750000000000001,4.));
#3991=CARTESIAN_POINT('Ctrl Pts',(68.4,0.568086511551236,4.));
#3992=CARTESIAN_POINT('Ctrl Pts',(68.3509734292332,0.394861025842128,4.));
#3993=CARTESIAN_POINT('Ctrl Pts',(68.2510932109139,0.264465169410655,4.));
#3994=CARTESIAN_POINT('Ctrl Pts',(68.1845063987011,0.17753459845634,4.));
#3995=CARTESIAN_POINT('Ctrl Pts',(68.0953179653538,0.109639418292086,4.));
#3996=CARTESIAN_POINT('Ctrl Pts',(67.99201028042,0.065255768678001,4.));
#3997=CARTESIAN_POINT('Ctrl Pts',(67.8887025954862,0.020872119063916,4.));
#3998=CARTESIAN_POINT('Ctrl Pts',(67.7712756589658,5.55111512312578E-16,
4.));
#3999=CARTESIAN_POINT('Ctrl Pts',(67.65,5.55111512312578E-16,4.));
#4000=CARTESIAN_POINT('',(68.9286796564404,5.55111512312578E-16,4.));
#4001=CARTESIAN_POINT('',(70.,5.55111512312578E-16,4.));
#4002=CARTESIAN_POINT('',(70.,0.450000000000001,4.));
#4003=CARTESIAN_POINT('Ctrl Pts',(70.,0.449999999999955,4.));
#4004=CARTESIAN_POINT('Ctrl Pts',(69.8285847011455,0.278584701145512,4.));
#4005=CARTESIAN_POINT('Ctrl Pts',(69.7051837320348,0.160941005604934,4.));
#4006=CARTESIAN_POINT('Ctrl Pts',(69.4494004186727,0.0468318056826101,4.));
#4007=CARTESIAN_POINT('Ctrl Pts',(69.3585296849034,0.0245032221781707,4.));
#4008=CARTESIAN_POINT('Ctrl Pts',(69.1550445265645,-3.93131707743244E-15,
4.));
#4009=CARTESIAN_POINT('Ctrl Pts',(69.0461362669709,-4.54184528124473E-15,
4.));
#4010=CARTESIAN_POINT('Ctrl Pts',(68.9286796564404,-5.09453048323782E-15,
4.));
#4011=CARTESIAN_POINT('',(70.,-3.525,4.));
#4012=CARTESIAN_POINT('',(70.,0.224999999965657,4.));
#4013=CARTESIAN_POINT('',(69.525,-4.,4.));
#4014=CARTESIAN_POINT('Ctrl Pts',(69.525,-4.,4.));
#4015=CARTESIAN_POINT('Ctrl Pts',(69.6402118760176,-4.,4.));
#4016=CARTESIAN_POINT('Ctrl Pts',(69.7499212203188,-3.96894916202937,4.));
#4017=CARTESIAN_POINT('Ctrl Pts',(69.8325052186474,-3.90569158043507,4.));
#4018=CARTESIAN_POINT('Ctrl Pts',(69.8875612175331,-3.8635198593722,4.));
#4019=CARTESIAN_POINT('Ctrl Pts',(69.9305615070977,-3.80703403003214,4.));
#4020=CARTESIAN_POINT('Ctrl Pts',(69.9586712027145,-3.74160604452535,4.));
#4021=CARTESIAN_POINT('Ctrl Pts',(69.9867808983312,-3.67617805901856,4.));
#4022=CARTESIAN_POINT('Ctrl Pts',(70.,-3.60180791734503,4.));
#4023=CARTESIAN_POINT('Ctrl Pts',(70.,-3.525,4.));
#4024=CARTESIAN_POINT('',(-55.5736666581657,-4.,4.));
#4025=CARTESIAN_POINT('',(70.,-4.,4.));
#4026=CARTESIAN_POINT('',(-66.8,-1.11022302462516E-15,4.));
#4027=CARTESIAN_POINT('',(-66.8,-8.32667268468867E-16,4.));
#4028=CARTESIAN_POINT('',(-68.9286796564404,-1.01730079711193E-15,4.));
#4029=CARTESIAN_POINT('',(-70.,-1.11022302462516E-15,4.));
#4030=CARTESIAN_POINT('',(-70.,-0.450000000000001,4.));
#4031=CARTESIAN_POINT('Ctrl Pts',(-68.9286796564404,-7.35875119520224E-15,
4.));
#4032=CARTESIAN_POINT('Ctrl Pts',(-69.0461362669709,-6.02795007179727E-15,
4.));
#4033=CARTESIAN_POINT('Ctrl Pts',(-69.1550445265645,-4.7791631763161E-15,
4.));
#4034=CARTESIAN_POINT('Ctrl Pts',(-69.3585296849034,-0.0245032221781768,
4.));
#4035=CARTESIAN_POINT('Ctrl Pts',(-69.4494004186726,-0.046831805682614,
4.));
#4036=CARTESIAN_POINT('Ctrl Pts',(-69.7051837320348,-0.160941005604933,
4.));
#4037=CARTESIAN_POINT('Ctrl Pts',(-69.8285847011455,-0.278584701145522,
4.));
#4038=CARTESIAN_POINT('Ctrl Pts',(-69.9999999999999,-0.449999999999952,
4.));
#4039=CARTESIAN_POINT('',(-70.,-0.225000000034344,4.));
#4040=CARTESIAN_POINT('',(-71.6,0.750000000000001,4.));
#4041=CARTESIAN_POINT('Ctrl Pts',(-70.85,5.55111512312578E-16,4.));
#4042=CARTESIAN_POINT('Ctrl Pts',(-71.0319134884488,5.49329100725989E-16,
4.));
#4043=CARTESIAN_POINT('Ctrl Pts',(-71.20513867798,0.0490281117298086,4.));
#4044=CARTESIAN_POINT('Ctrl Pts',(-71.3355344340083,0.14890858076743,4.));
#4045=CARTESIAN_POINT('Ctrl Pts',(-71.4224649380272,0.215495560125844,4.));
#4046=CARTESIAN_POINT('Ctrl Pts',(-71.4903601382669,0.30468358717662,4.));
#4047=CARTESIAN_POINT('Ctrl Pts',(-71.5347439037602,0.407990782403698,4.));
#4048=CARTESIAN_POINT('Ctrl Pts',(-71.5791276692534,0.511297977630776,4.));
#4049=CARTESIAN_POINT('Ctrl Pts',(-71.6,0.628724341034157,4.));
#4050=CARTESIAN_POINT('Ctrl Pts',(-71.6,0.750000000000001,4.));
#4051=CARTESIAN_POINT('',(-71.6,4.,4.));
#4052=CARTESIAN_POINT('',(-71.6,1.99999999996566,4.));
#4053=CARTESIAN_POINT('',(-72.6713203435596,3.55,4.));
#4054=CARTESIAN_POINT('Ctrl Pts',(-72.6713203435596,3.55,4.));
#4055=CARTESIAN_POINT('Ctrl Pts',(-72.5538637330291,3.55,4.));
#4056=CARTESIAN_POINT('Ctrl Pts',(-72.4449554734355,3.55,4.));
#4057=CARTESIAN_POINT('Ctrl Pts',(-72.2414703150966,3.57450322217817,4.));
#4058=CARTESIAN_POINT('Ctrl Pts',(-72.1505995813274,3.5968318056826,4.));
#4059=CARTESIAN_POINT('Ctrl Pts',(-71.8948162679652,3.71094100560492,4.));
#4060=CARTESIAN_POINT('Ctrl Pts',(-71.7714152988545,3.82858470114551,4.));
#4061=CARTESIAN_POINT('Ctrl Pts',(-71.6000000000001,3.99999999999995,4.));
#4062=CARTESIAN_POINT('',(-36.6,3.55,4.));
#4063=CARTESIAN_POINT('Ctrl Pts',(-72.7250000000004,-5.20000000000045,4.));
#4064=CARTESIAN_POINT('Ctrl Pts',(-72.8402118760179,-5.20000000000034,4.));
#4065=CARTESIAN_POINT('Ctrl Pts',(-72.9499209775955,-5.16894790135991,4.));
#4066=CARTESIAN_POINT('Ctrl Pts',(-73.032504893792,-5.10569011390404,4.));
#4067=CARTESIAN_POINT('Ctrl Pts',(-73.087560837923,-5.06351825560013,4.));
#4068=CARTESIAN_POINT('Ctrl Pts',(-73.1305611441068,-5.00703275782269,4.));
#4069=CARTESIAN_POINT('Ctrl Pts',(-73.1586709346261,-4.94160517325902,4.));
#4070=CARTESIAN_POINT('Ctrl Pts',(-73.1867807251454,-4.87617758869535,4.));
#4071=CARTESIAN_POINT('Ctrl Pts',(-73.2,-4.80180791734545,4.));
#4072=CARTESIAN_POINT('Ctrl Pts',(-73.2,-4.72500000000045,4.));
#4073=CARTESIAN_POINT('',(-66.8,-4.,4.));
#4074=CARTESIAN_POINT('',(-66.8,-0.89172769021661,4.));
#4075=CARTESIAN_POINT('',(-66.8,-8.32667268468867E-16,4.));
#4076=CARTESIAN_POINT('',(-58.0763747332958,-4.,4.));
#4077=CARTESIAN_POINT('',(-66.8,-0.89172769021661,4.));
#4078=CARTESIAN_POINT('',(70.,-4.,4.));
#4079=CARTESIAN_POINT('Ctrl Pts',(70.,4.72499999986608,4.));
#4080=CARTESIAN_POINT('Ctrl Pts',(70.,4.72499999986608,4.8));
#4081=CARTESIAN_POINT('Ctrl Pts',(70.,4.72499999986608,5.6));
#4082=CARTESIAN_POINT('Ctrl Pts',(70.,4.72499999986608,6.4));
#4083=CARTESIAN_POINT('Ctrl Pts',(70.,4.80180791721108,4.));
#4084=CARTESIAN_POINT('Ctrl Pts',(70.,4.80180791721108,4.8));
#4085=CARTESIAN_POINT('Ctrl Pts',(70.,4.80180791721108,5.6));
#4086=CARTESIAN_POINT('Ctrl Pts',(70.,4.80180791721108,6.4));
#4087=CARTESIAN_POINT('Ctrl Pts',(69.9735615108014,4.95054742455762,4.));
#4088=CARTESIAN_POINT('Ctrl Pts',(69.9735615108014,4.95054742455762,4.8));
#4089=CARTESIAN_POINT('Ctrl Pts',(69.9735615108014,4.95054742455762,5.6));
#4090=CARTESIAN_POINT('Ctrl Pts',(69.9735615108014,4.95054742455762,6.4));
#4091=CARTESIAN_POINT('Ctrl Pts',(69.823060449395,5.14824686918483,4.));
#4092=CARTESIAN_POINT('Ctrl Pts',(69.823060449395,5.14824686918483,4.8));
#4093=CARTESIAN_POINT('Ctrl Pts',(69.823060449395,5.14824686918483,5.6));
#4094=CARTESIAN_POINT('Ctrl Pts',(69.823060449395,5.14824686918483,6.4));
#4095=CARTESIAN_POINT('Ctrl Pts',(69.6402118760179,5.19999999986597,4.));
#4096=CARTESIAN_POINT('Ctrl Pts',(69.6402118760179,5.19999999986597,4.8));
#4097=CARTESIAN_POINT('Ctrl Pts',(69.6402118760179,5.19999999986597,5.6));
#4098=CARTESIAN_POINT('Ctrl Pts',(69.6402118760179,5.19999999986597,6.4));
#4099=CARTESIAN_POINT('Ctrl Pts',(69.5250000000004,5.19999999986608,4.));
#4100=CARTESIAN_POINT('Ctrl Pts',(69.5250000000004,5.19999999986608,4.8));
#4101=CARTESIAN_POINT('Ctrl Pts',(69.5250000000004,5.19999999986608,5.6));
#4102=CARTESIAN_POINT('Ctrl Pts',(69.5250000000004,5.19999999986608,6.4));
#4103=CARTESIAN_POINT('Ctrl Pts',(70.,4.72499999986608,6.4));
#4104=CARTESIAN_POINT('Ctrl Pts',(70.,4.72499999986608,5.6));
#4105=CARTESIAN_POINT('Ctrl Pts',(70.,4.72499999986608,4.8));
#4106=CARTESIAN_POINT('Ctrl Pts',(70.,4.72499999986608,4.));
#4107=CARTESIAN_POINT('Ctrl Pts',(73.2,4.72499999986308,0.));
#4108=CARTESIAN_POINT('Ctrl Pts',(73.2,4.72499999986308,1.33333333333333));
#4109=CARTESIAN_POINT('Ctrl Pts',(73.2,4.72499999986308,2.66666666666667));
#4110=CARTESIAN_POINT('Ctrl Pts',(73.2,4.72499999986308,4.));
#4111=CARTESIAN_POINT('Ctrl Pts',(73.2,4.80180791720807,0.));
#4112=CARTESIAN_POINT('Ctrl Pts',(73.2,4.80180791720807,1.33333333333334));
#4113=CARTESIAN_POINT('Ctrl Pts',(73.2,4.80180791720807,2.66666666666667));
#4114=CARTESIAN_POINT('Ctrl Pts',(73.2,4.80180791720807,4.));
#4115=CARTESIAN_POINT('Ctrl Pts',(73.1735614502907,4.95054725990788,0.));
#4116=CARTESIAN_POINT('Ctrl Pts',(73.1735614502907,4.95054725990788,1.33333333333333));
#4117=CARTESIAN_POINT('Ctrl Pts',(73.1735614502907,4.95054725990788,2.66666666666667));
#4118=CARTESIAN_POINT('Ctrl Pts',(73.1735614502907,4.95054725990788,4.));
#4119=CARTESIAN_POINT('Ctrl Pts',(73.0230603786472,5.14824650212891,0.));
#4120=CARTESIAN_POINT('Ctrl Pts',(73.0230603786472,5.14824650212891,1.33333333333334));
#4121=CARTESIAN_POINT('Ctrl Pts',(73.0230603786472,5.14824650212891,2.66666666666667));
#4122=CARTESIAN_POINT('Ctrl Pts',(73.0230603786472,5.14824650212891,4.));
#4123=CARTESIAN_POINT('Ctrl Pts',(72.8402118760179,5.19999999986297,0.));
#4124=CARTESIAN_POINT('Ctrl Pts',(72.8402118760179,5.19999999986297,1.33333333333333));
#4125=CARTESIAN_POINT('Ctrl Pts',(72.8402118760179,5.19999999986297,2.66666666666667));
#4126=CARTESIAN_POINT('Ctrl Pts',(72.8402118760179,5.19999999986297,4.));
#4127=CARTESIAN_POINT('Ctrl Pts',(72.7250000000004,5.19999999986308,0.));
#4128=CARTESIAN_POINT('Ctrl Pts',(72.7250000000004,5.19999999986308,1.33333333333333));
#4129=CARTESIAN_POINT('Ctrl Pts',(72.7250000000004,5.19999999986308,2.66666666666667));
#4130=CARTESIAN_POINT('Ctrl Pts',(72.7250000000004,5.19999999986308,4.));
#4131=CARTESIAN_POINT('',(73.2,4.72499999986308,0.));
#4132=CARTESIAN_POINT('Ctrl Pts',(73.2,4.72499999986308,4.));
#4133=CARTESIAN_POINT('Ctrl Pts',(73.2,4.72499999986308,2.66666666666667));
#4134=CARTESIAN_POINT('Ctrl Pts',(73.2,4.72499999986308,1.33333333333333));
#4135=CARTESIAN_POINT('Ctrl Pts',(73.2,4.72499999986308,0.));
#4136=CARTESIAN_POINT('Ctrl Pts',(73.2,4.72499999986308,2.77555756156289E-16));
#4137=CARTESIAN_POINT('Ctrl Pts',(73.2,4.80180791720807,2.7755575615629E-16));
#4138=CARTESIAN_POINT('Ctrl Pts',(73.1867807251454,4.87617758855798,2.77555756156289E-16));
#4139=CARTESIAN_POINT('Ctrl Pts',(73.1586709346261,4.94160517312165,2.77555756156289E-16));
#4140=CARTESIAN_POINT('Ctrl Pts',(73.1305611441068,5.00703275768532,2.77555756156289E-16));
#4141=CARTESIAN_POINT('Ctrl Pts',(73.087560837923,5.06351825546275,2.77555756156289E-16));
#4142=CARTESIAN_POINT('Ctrl Pts',(73.032504893792,5.10569011376666,2.77555756156289E-16));
#4143=CARTESIAN_POINT('Ctrl Pts',(72.9499209775955,5.16894790122253,2.77555756156289E-16));
#4144=CARTESIAN_POINT('Ctrl Pts',(72.8402118760179,5.19999999986297,2.77555756156289E-16));
#4145=CARTESIAN_POINT('Ctrl Pts',(72.7250000000004,5.19999999986308,2.77555756156289E-16));
#4146=CARTESIAN_POINT('Ctrl Pts',(-72.7249999999995,5.19999999999956,0.));
#4147=CARTESIAN_POINT('Ctrl Pts',(-72.7249999999995,5.19999999999956,2.13333333333333));
#4148=CARTESIAN_POINT('Ctrl Pts',(-72.7249999999995,5.19999999999956,4.26666666666667));
#4149=CARTESIAN_POINT('Ctrl Pts',(-72.7249999999995,5.19999999999956,6.4));
#4150=CARTESIAN_POINT('Ctrl Pts',(-72.8018079173446,5.19999999999963,0.));
#4151=CARTESIAN_POINT('Ctrl Pts',(-72.8018079173446,5.19999999999963,2.13333333333334));
#4152=CARTESIAN_POINT('Ctrl Pts',(-72.8018079173446,5.19999999999963,4.26666666666666));
#4153=CARTESIAN_POINT('Ctrl Pts',(-72.8018079173446,5.19999999999963,6.4));
#4154=CARTESIAN_POINT('Ctrl Pts',(-72.9505467819631,5.17356127486363,0.));
#4155=CARTESIAN_POINT('Ctrl Pts',(-72.9505467819631,5.17356127486363,2.13333333333333));
#4156=CARTESIAN_POINT('Ctrl Pts',(-72.9505467819631,5.17356127486363,4.26666666666667));
#4157=CARTESIAN_POINT('Ctrl Pts',(-72.9505467819631,5.17356127486363,6.4));
#4158=CARTESIAN_POINT('Ctrl Pts',(-73.148245438164,5.02306017336241,0.));
#4159=CARTESIAN_POINT('Ctrl Pts',(-73.148245438164,5.02306017336241,2.13333333333334));
#4160=CARTESIAN_POINT('Ctrl Pts',(-73.148245438164,5.02306017336241,4.26666666666666));
#4161=CARTESIAN_POINT('Ctrl Pts',(-73.148245438164,5.02306017336241,6.4));
#4162=CARTESIAN_POINT('Ctrl Pts',(-73.2,4.84021187601716,0.));
#4163=CARTESIAN_POINT('Ctrl Pts',(-73.2,4.84021187601716,2.13333333333333));
#4164=CARTESIAN_POINT('Ctrl Pts',(-73.2,4.84021187601716,4.26666666666667));
#4165=CARTESIAN_POINT('Ctrl Pts',(-73.2,4.84021187601716,6.4));
#4166=CARTESIAN_POINT('Ctrl Pts',(-73.2,4.72499999999956,0.));
#4167=CARTESIAN_POINT('Ctrl Pts',(-73.2,4.72499999999956,2.13333333333333));
#4168=CARTESIAN_POINT('Ctrl Pts',(-73.2,4.72499999999956,4.26666666666667));
#4169=CARTESIAN_POINT('Ctrl Pts',(-73.2,4.72499999999956,6.4));
#4170=CARTESIAN_POINT('Ctrl Pts',(-72.7249999999995,5.19999999999956,2.77555756156289E-16));
#4171=CARTESIAN_POINT('Ctrl Pts',(-72.8018079173446,5.19999999999963,2.7755575615629E-16));
#4172=CARTESIAN_POINT('Ctrl Pts',(-72.8761773496539,5.18678063743163,2.77555756156289E-16));
#4173=CARTESIAN_POINT('Ctrl Pts',(-72.94160473098,5.15867079879031,2.77555756156289E-16));
#4174=CARTESIAN_POINT('Ctrl Pts',(-73.0070321123062,5.130560960149,2.77555756156289E-16));
#4175=CARTESIAN_POINT('Ctrl Pts',(-73.0635174426494,5.08756064543436,2.77555756156289E-16));
#4176=CARTESIAN_POINT('Ctrl Pts',(-73.105689370749,5.03250472903034,2.77555756156289E-16));
#4177=CARTESIAN_POINT('Ctrl Pts',(-73.1689472628984,4.94992085442431,2.77555756156289E-16));
#4178=CARTESIAN_POINT('Ctrl Pts',(-73.2,4.84021187601716,2.77555756156289E-16));
#4179=CARTESIAN_POINT('Ctrl Pts',(-73.2,4.72499999999956,2.77555756156289E-16));
#4180=CARTESIAN_POINT('Ctrl Pts',(-73.2,-4.72500000000045,0.));
#4181=CARTESIAN_POINT('Ctrl Pts',(-73.2,-4.72500000000045,1.33333333333333));
#4182=CARTESIAN_POINT('Ctrl Pts',(-73.2,-4.72500000000045,2.66666666666667));
#4183=CARTESIAN_POINT('Ctrl Pts',(-73.2,-4.72500000000045,4.));
#4184=CARTESIAN_POINT('Ctrl Pts',(-73.2,-4.80180791734545,0.));
#4185=CARTESIAN_POINT('Ctrl Pts',(-73.2,-4.80180791734545,1.33333333333334));
#4186=CARTESIAN_POINT('Ctrl Pts',(-73.2,-4.80180791734545,2.66666666666666));
#4187=CARTESIAN_POINT('Ctrl Pts',(-73.2,-4.80180791734545,4.));
#4188=CARTESIAN_POINT('Ctrl Pts',(-73.1735614502907,-4.95054726004526,0.));
#4189=CARTESIAN_POINT('Ctrl Pts',(-73.1735614502907,-4.95054726004526,1.33333333333333));
#4190=CARTESIAN_POINT('Ctrl Pts',(-73.1735614502907,-4.95054726004526,2.66666666666667));
#4191=CARTESIAN_POINT('Ctrl Pts',(-73.1735614502907,-4.95054726004526,4.));
#4192=CARTESIAN_POINT('Ctrl Pts',(-73.0230603786472,-5.14824650226628,0.));
#4193=CARTESIAN_POINT('Ctrl Pts',(-73.0230603786472,-5.14824650226628,1.33333333333334));
#4194=CARTESIAN_POINT('Ctrl Pts',(-73.0230603786472,-5.14824650226628,2.66666666666667));
#4195=CARTESIAN_POINT('Ctrl Pts',(-73.0230603786472,-5.14824650226628,4.));
#4196=CARTESIAN_POINT('Ctrl Pts',(-72.8402118760179,-5.20000000000034,0.));
#4197=CARTESIAN_POINT('Ctrl Pts',(-72.8402118760179,-5.20000000000034,1.33333333333333));
#4198=CARTESIAN_POINT('Ctrl Pts',(-72.8402118760179,-5.20000000000034,2.66666666666667));
#4199=CARTESIAN_POINT('Ctrl Pts',(-72.8402118760179,-5.20000000000034,4.));
#4200=CARTESIAN_POINT('Ctrl Pts',(-72.7250000000004,-5.20000000000045,0.));
#4201=CARTESIAN_POINT('Ctrl Pts',(-72.7250000000004,-5.20000000000045,1.33333333333333));
#4202=CARTESIAN_POINT('Ctrl Pts',(-72.7250000000004,-5.20000000000045,2.66666666666667));
#4203=CARTESIAN_POINT('Ctrl Pts',(-72.7250000000004,-5.20000000000045,4.));
#4204=CARTESIAN_POINT('Ctrl Pts',(-73.2,-4.72500000000045,1.38777878078145E-16));
#4205=CARTESIAN_POINT('Ctrl Pts',(-73.2,-4.80180791734545,1.38777878078145E-16));
#4206=CARTESIAN_POINT('Ctrl Pts',(-73.1867807251454,-4.87617758869535,1.38777878078145E-16));
#4207=CARTESIAN_POINT('Ctrl Pts',(-73.1586709346261,-4.94160517325902,1.38777878078144E-16));
#4208=CARTESIAN_POINT('Ctrl Pts',(-73.1305611441068,-5.00703275782269,1.38777878078144E-16));
#4209=CARTESIAN_POINT('Ctrl Pts',(-73.087560837923,-5.06351825560013,1.38777878078145E-16));
#4210=CARTESIAN_POINT('Ctrl Pts',(-73.032504893792,-5.10569011390404,1.38777878078145E-16));
#4211=CARTESIAN_POINT('Ctrl Pts',(-72.9499209775955,-5.16894790135991,1.38777878078145E-16));
#4212=CARTESIAN_POINT('Ctrl Pts',(-72.8402118760179,-5.20000000000034,1.38777878078144E-16));
#4213=CARTESIAN_POINT('Ctrl Pts',(-72.7250000000004,-5.20000000000045,1.38777878078145E-16));
#4214=CARTESIAN_POINT('Origin',(0.,-6.86872780875092E-11,0.));
#4215=CARTESIAN_POINT('',(73.2,5.19999999986263,0.));
#4216=CARTESIAN_POINT('',(-66.8,-4.,0.));
#4217=CARTESIAN_POINT('',(-66.8,-0.89172769021661,0.));
#4218=CARTESIAN_POINT('',(-66.8,-8.32667268468867E-16,0.));
#4219=CARTESIAN_POINT('',(-58.0763747332958,-4.,0.));
#4220=CARTESIAN_POINT('',(70.,-4.,0.));
#4221=CARTESIAN_POINT('',(-66.8,-0.89172769021661,0.));
#4222=CARTESIAN_POINT('',(-54.7336666581657,-4.,0.));
#4223=CARTESIAN_POINT('',(-54.7336666581657,-4.,0.));
#4224=CARTESIAN_POINT('',(-54.7336666581657,4.,0.));
#4225=CARTESIAN_POINT('',(5.43396969619648,-4.,0.));
#4226=CARTESIAN_POINT('',(5.43396969619648,4.,0.));
#4227=CARTESIAN_POINT('',(5.43396969619648,-4.,0.));
#4228=CARTESIAN_POINT('',(23.4619090885915,-4.,0.));
#4229=CARTESIAN_POINT('',(15.4619090885913,-4.00000000000001,0.));
#4230=CARTESIAN_POINT('',(-54.7336666581657,-4.,0.));
#4231=CARTESIAN_POINT('',(15.4619090885913,4.,0.));
#4232=CARTESIAN_POINT('',(15.4619090885913,4.,0.));
#4233=CARTESIAN_POINT('',(15.4619090885913,-4.00000000000001,0.));
#4234=CARTESIAN_POINT('',(3.40603030380298,-4.,0.));
#4235=CARTESIAN_POINT('',(-4.59396969619845,-4.,0.));
#4236=CARTESIAN_POINT('',(-54.7336666581657,-4.,0.));
#4237=CARTESIAN_POINT('',(-4.59396969619845,4.,0.));
#4238=CARTESIAN_POINT('',(-4.59396969619845,4.,0.));
#4239=CARTESIAN_POINT('',(-4.59396969619845,4.,0.));
#4240=CARTESIAN_POINT('',(6.62190908859111,-4.,0.));
#4241=CARTESIAN_POINT('',(14.6219090885913,4.,0.));
#4242=CARTESIAN_POINT('',(14.6219090885913,4.,0.));
#4243=CARTESIAN_POINT('',(14.6219090885913,-4.00000000000001,0.));
#4244=CARTESIAN_POINT('',(-54.7336666581657,-4.,0.));
#4245=CARTESIAN_POINT('',(14.6219090885913,4.,0.));
#4246=CARTESIAN_POINT('',(-15.4619090885919,-4.,0.));
#4247=CARTESIAN_POINT('',(-15.4619090885919,-4.,0.));
#4248=CARTESIAN_POINT('',(-15.4619090885919,4.,0.));
#4249=CARTESIAN_POINT('',(-14.6219090885919,-3.99999999999999,0.));
#4250=CARTESIAN_POINT('',(-14.6219090885919,-3.99999999999999,0.));
#4251=CARTESIAN_POINT('',(-14.6219090885919,-3.99999999999999,0.));
#4252=CARTESIAN_POINT('',(-16.6498484809853,-4.,0.));
#4253=CARTESIAN_POINT('',(-24.6498484809854,-4.,0.));
#4254=CARTESIAN_POINT('',(-54.7336666581657,-4.,0.));
#4255=CARTESIAN_POINT('',(-24.6498484809854,4.,0.));
#4256=CARTESIAN_POINT('',(-24.6498484809854,4.,0.));
#4257=CARTESIAN_POINT('',(-24.6498484809854,4.,0.));
#4258=CARTESIAN_POINT('',(-5.43396969619844,4.,0.));
#4259=CARTESIAN_POINT('',(-5.43396969619844,-4.,0.));
#4260=CARTESIAN_POINT('',(-5.43396969619844,-4.,0.));
#4261=CARTESIAN_POINT('',(-13.4339696961985,-4.,0.));
#4262=CARTESIAN_POINT('',(-5.43396969619844,4.,0.));
#4263=CARTESIAN_POINT('',(-54.7336666581657,-4.,0.));
#4264=CARTESIAN_POINT('',(-36.7057272657722,-4.,0.));
#4265=CARTESIAN_POINT('',(-44.7057272657723,-4.,0.));
#4266=CARTESIAN_POINT('',(-54.7336666581657,-4.,0.));
#4267=CARTESIAN_POINT('',(-44.7057272657723,3.99999999999999,0.));
#4268=CARTESIAN_POINT('',(-44.7057272657723,3.99999999999999,0.));
#4269=CARTESIAN_POINT('',(-44.7057272657723,3.99999999999999,0.));
#4270=CARTESIAN_POINT('',(4.59396969619649,-4.,0.));
#4271=CARTESIAN_POINT('',(4.59396969619649,-4.,0.));
#4272=CARTESIAN_POINT('',(4.59396969619649,-4.,0.));
#4273=CARTESIAN_POINT('',(25.4898484809849,-4.,0.));
#4274=CARTESIAN_POINT('',(25.4898484809849,4.,0.));
#4275=CARTESIAN_POINT('',(25.4898484809849,-4.,0.));
#4276=CARTESIAN_POINT('',(-35.5177878733788,-4.,0.));
#4277=CARTESIAN_POINT('',(-35.5177878733788,-4.,0.));
#4278=CARTESIAN_POINT('',(-35.5177878733788,4.,0.));
#4279=CARTESIAN_POINT('',(24.6498484809849,-3.99999999999999,0.));
#4280=CARTESIAN_POINT('',(24.6498484809849,-3.99999999999999,0.));
#4281=CARTESIAN_POINT('',(24.6498484809849,-3.99999999999999,0.));
#4282=CARTESIAN_POINT('',(45.5457272657723,-4.,0.));
#4283=CARTESIAN_POINT('',(45.5457272657723,4.,0.));
#4284=CARTESIAN_POINT('',(53.5457272657723,4.,0.));
#4285=CARTESIAN_POINT('',(-45.5457272657723,-4.,0.));
#4286=CARTESIAN_POINT('',(-53.5457272657723,-4.,0.));
#4287=CARTESIAN_POINT('',(-54.7336666581657,-4.,0.));
#4288=CARTESIAN_POINT('',(-45.5457272657723,4.,0.));
#4289=CARTESIAN_POINT('',(-45.5457272657723,-4.,0.));
#4290=CARTESIAN_POINT('',(-53.5457272657723,-4.,0.));
#4291=CARTESIAN_POINT('',(-34.6777878733788,-4.,0.));
#4292=CARTESIAN_POINT('',(-34.6777878733788,-4.,0.));
#4293=CARTESIAN_POINT('',(-34.6777878733788,-4.,0.));
#4294=CARTESIAN_POINT('',(66.8,0.89172769021663,0.));
#4295=CARTESIAN_POINT('',(58.0763747332959,4.,0.));
#4296=CARTESIAN_POINT('',(66.8,5.55111512312578E-16,0.));
#4297=CARTESIAN_POINT('',(44.7057272657723,-4.00000000000001,0.));
#4298=CARTESIAN_POINT('',(44.7057272657723,-4.00000000000001,0.));
#4299=CARTESIAN_POINT('',(44.7057272657723,-4.00000000000001,0.));
#4300=CARTESIAN_POINT('',(-25.4898484809853,4.,0.));
#4301=CARTESIAN_POINT('',(-25.4898484809853,-4.,0.));
#4302=CARTESIAN_POINT('',(-25.4898484809853,-4.,0.));
#4303=CARTESIAN_POINT('',(-33.4898484809854,-4.,0.));
#4304=CARTESIAN_POINT('',(-25.4898484809853,4.,0.));
#4305=CARTESIAN_POINT('',(-54.7336666581657,-4.,0.));
#4306=CARTESIAN_POINT('',(46.7336666581657,-4.,0.));
#4307=CARTESIAN_POINT('',(54.7336666581657,4.,0.));
#4308=CARTESIAN_POINT('',(54.7336666581657,4.,0.));
#4309=CARTESIAN_POINT('',(54.7336666581657,-4.,0.));
#4310=CARTESIAN_POINT('',(-54.7336666581657,-4.,0.));
#4311=CARTESIAN_POINT('',(54.7336666581657,-4.,0.));
#4312=CARTESIAN_POINT('',(43.5177878733789,-4.,0.));
#4313=CARTESIAN_POINT('',(35.5177878733786,-4.,0.));
#4314=CARTESIAN_POINT('',(-54.7336666581657,-4.,0.));
#4315=CARTESIAN_POINT('',(35.5177878733786,4.,0.));
#4316=CARTESIAN_POINT('',(35.5177878733786,4.,0.));
#4317=CARTESIAN_POINT('',(35.5177878733786,-4.,0.));
#4318=CARTESIAN_POINT('',(26.6777878733783,-4.,0.));
#4319=CARTESIAN_POINT('',(34.6777878733786,4.,0.));
#4320=CARTESIAN_POINT('',(34.6777878733786,4.,0.));
#4321=CARTESIAN_POINT('',(34.6777878733786,-4.,0.));
#4322=CARTESIAN_POINT('',(-54.7336666581657,-4.,0.));
#4323=CARTESIAN_POINT('',(34.6777878733786,4.,0.));
#4324=CARTESIAN_POINT('',(-70.4,-0.450000000000002,-7.3478807948842E-17));
#4325=CARTESIAN_POINT('',(-70.,-0.450000000000001,0.));
#4326=CARTESIAN_POINT('',(-35.1,-0.450000000000002,0.));
#4327=CARTESIAN_POINT('',(-68.9286796564404,-1.01730079711193E-15,0.));
#4328=CARTESIAN_POINT('Ctrl Pts',(-70.,-0.449999999999998,0.));
#4329=CARTESIAN_POINT('Ctrl Pts',(-69.9014055722607,-0.351405572260674,
0.));
#4330=CARTESIAN_POINT('Ctrl Pts',(-69.8380452968142,-0.289294005081408,
5.55111512312578E-16));
#4331=CARTESIAN_POINT('Ctrl Pts',(-69.6931356064239,-0.169826693294604,
5.55111512312578E-16));
#4332=CARTESIAN_POINT('Ctrl Pts',(-69.6093924914383,-0.114496018732162,
5.55111512312578E-16));
#4333=CARTESIAN_POINT('Ctrl Pts',(-69.3248455592045,-2.85362011798185E-15,
5.55111512312578E-16));
#4334=CARTESIAN_POINT('Ctrl Pts',(-69.1397192727893,-4.86027363607241E-15,
0.));
#4335=CARTESIAN_POINT('Ctrl Pts',(-68.9286796564404,-7.2999332273449E-15,
0.));
#4336=CARTESIAN_POINT('',(-66.8,-8.32667268468867E-16,0.));
#4337=CARTESIAN_POINT('',(-70.,-1.11022302462516E-15,0.));
#4338=CARTESIAN_POINT('',(-55.5736666581657,-4.,0.));
#4339=CARTESIAN_POINT('',(-66.8,-8.32667268468867E-16,0.));
#4340=CARTESIAN_POINT('',(-55.5736666581657,-4.,0.));
#4341=CARTESIAN_POINT('',(-70.4,3.525,2.35922392732846E-15));
#4342=CARTESIAN_POINT('Ctrl Pts',(-70.4,3.525,0.));
#4343=CARTESIAN_POINT('Ctrl Pts',(-70.4,3.55312615371362,1.06500590778779E-31));
#4344=CARTESIAN_POINT('Ctrl Pts',(-70.3975245051346,3.58093242060005,-2.44008069663971E-5));
#4345=CARTESIAN_POINT('Ctrl Pts',(-70.3923746521403,3.60820031354527,-3.41861103902259E-5));
#4346=CARTESIAN_POINT('Ctrl Pts',(-70.387798662207,3.6324296660645,-4.28810090624465E-5));
#4347=CARTESIAN_POINT('Ctrl Pts',(-70.3811107562536,3.65623460593911,-4.04087931931765E-5));
#4348=CARTESIAN_POINT('Ctrl Pts',(-70.3721419654428,3.67943820389314,-2.88492521616397E-5));
#4349=CARTESIAN_POINT('Ctrl Pts',(-70.3710172125866,3.6823481070924,-2.73996000216477E-5));
#4350=CARTESIAN_POINT('Ctrl Pts',(-70.3698565498916,3.68524851236578,-2.58453498864648E-5));
#4351=CARTESIAN_POINT('Ctrl Pts',(-70.3686596105827,3.68813903337983,-2.42241241742019E-5));
#4352=CARTESIAN_POINT('Ctrl Pts',(-70.3609473634877,3.70676354686027,-1.37780696442253E-5));
#4353=CARTESIAN_POINT('Ctrl Pts',(-70.3518912206913,3.72459373563093,-1.85914718366083E-6));
#4354=CARTESIAN_POINT('Ctrl Pts',(-70.3415582597423,3.74160676480073,-5.69123118183273E-6));
#4355=CARTESIAN_POINT('Ctrl Pts',(-70.3296078848686,3.76128283609544,-1.01231496369699E-5));
#4356=CARTESIAN_POINT('Ctrl Pts',(-70.3159512765946,3.7798669380394,-3.40346840379431E-5));
#4357=CARTESIAN_POINT('Ctrl Pts',(-70.3007483713488,3.79735554719954,-4.78976747051579E-5));
#4358=CARTESIAN_POINT('Ctrl Pts',(-70.2946665222901,3.80435178110602,-5.34434973868387E-5));
#4359=CARTESIAN_POINT('Ctrl Pts',(-70.2883367892451,3.81117262124025,-5.78017605272475E-5));
#4360=CARTESIAN_POINT('Ctrl Pts',(-70.2817678165467,3.81781739134285,-6.06770891311767E-5));
#4361=CARTESIAN_POINT('Ctrl Pts',(-70.2643581825085,3.83542790992255,-6.82975224976298E-5));
#4362=CARTESIAN_POINT('Ctrl Pts',(-70.2455615889378,3.85151359196146,-6.94380882389737E-5));
#4363=CARTESIAN_POINT('Ctrl Pts',(-70.2256909645512,3.86613689043307,-5.61152597773132E-5));
#4364=CARTESIAN_POINT('Ctrl Pts',(-70.2058203401646,3.88076018890467,-4.27924313156527E-5));
#4365=CARTESIAN_POINT('Ctrl Pts',(-70.1848752393779,3.89392172883178,-1.54517928345606E-5));
#4366=CARTESIAN_POINT('Ctrl Pts',(-70.1631308447587,3.90569279541521,-3.85596687743628E-6));
#4367=CARTESIAN_POINT('Ctrl Pts',(-70.1532305832795,3.91105218293124,1.42363327028757E-6));
#4368=CARTESIAN_POINT('Ctrl Pts',(-70.1431642044197,3.91612350714605,3.01533502946713E-6));
#4369=CARTESIAN_POINT('Ctrl Pts',(-70.1329603162881,3.92092462188546,7.45323330452602E-7));
#4370=CARTESIAN_POINT('Ctrl Pts',(-70.1095384010816,3.93194505849489,-4.46524158820097E-6));
#4371=CARTESIAN_POINT('Ctrl Pts',(-70.0853586248649,3.94155915299226,-2.71383406240974E-5));
#4372=CARTESIAN_POINT('Ctrl Pts',(-70.0607110671591,3.94993269680058,-3.88955603526989E-5));
#4373=CARTESIAN_POINT('Ctrl Pts',(-70.0349185770205,3.95869520985275,-5.1198928399421E-5));
#4374=CARTESIAN_POINT('Ctrl Pts',(-70.0086136824342,3.96609928319792,-5.17033819074436E-5));
#4375=CARTESIAN_POINT('Ctrl Pts',(-69.9820911217127,3.97231304302743,-4.55617959729954E-5));
#4376=CARTESIAN_POINT('Ctrl Pts',(-69.9695360759717,3.97525446484949,-4.26545392741006E-5));
#4377=CARTESIAN_POINT('Ctrl Pts',(-69.956931739228,3.97792884749986,-3.87741125472578E-5));
#4378=CARTESIAN_POINT('Ctrl Pts',(-69.9443067912177,3.9803523999825,-3.70514076337564E-5));
#4379=CARTESIAN_POINT('Ctrl Pts',(-69.9120222965009,3.98654990410356,-3.26461096765695E-5));
#4380=CARTESIAN_POINT('Ctrl Pts',(-69.8792586847653,3.99117379216883,-3.42988572783985E-5));
#4381=CARTESIAN_POINT('Ctrl Pts',(-69.8463317795119,3.99437712203037,-2.78165026725563E-5));
#4382=CARTESIAN_POINT('Ctrl Pts',(-69.8118402693948,3.99773266618119,-2.1026122655083E-5));
#4383=CARTESIAN_POINT('Ctrl Pts',(-69.7771693698945,3.99952950221167,-5.51770901124727E-6));
#4384=CARTESIAN_POINT('Ctrl Pts',(-69.7426460819091,3.99991893011709,-9.94424175504438E-7));
#4385=CARTESIAN_POINT('Ctrl Pts',(-69.7378438251558,3.99997310029896,-3.65226424731119E-7));
#4386=CARTESIAN_POINT('Ctrl Pts',(-69.7330443731736,4.,6.93040878406717E-16));
#4387=CARTESIAN_POINT('Ctrl Pts',(-69.7282485578728,4.,6.93889390390723E-16));
#4388=CARTESIAN_POINT('',(-70.4,1.99999999996566,0.));
#4389=CARTESIAN_POINT('',(70.4,0.45,8.39192547734248E-16));
#4390=CARTESIAN_POINT('',(70.,0.450000000000001,0.));
#4391=CARTESIAN_POINT('',(35.1,0.45,0.));
#4392=CARTESIAN_POINT('',(68.9286796564404,5.55111512312578E-16,0.));
#4393=CARTESIAN_POINT('Ctrl Pts',(68.9286796564404,-4.9960036108132E-15,
0.));
#4394=CARTESIAN_POINT('Ctrl Pts',(69.1397192727893,-4.00206938071984E-15,
0.));
#4395=CARTESIAN_POINT('Ctrl Pts',(69.3248455592045,-3.10515502199848E-15,
5.55111512312578E-16));
#4396=CARTESIAN_POINT('Ctrl Pts',(69.6093924914383,0.114496018732136,5.55111512312578E-16));
#4397=CARTESIAN_POINT('Ctrl Pts',(69.6931356064238,0.16982669329456,5.55111512312578E-16));
#4398=CARTESIAN_POINT('Ctrl Pts',(69.8380452968142,0.289294005081448,5.55111512312578E-16));
#4399=CARTESIAN_POINT('Ctrl Pts',(69.9014055722608,0.351405572260792,0.));
#4400=CARTESIAN_POINT('Ctrl Pts',(70.,0.45,0.));
#4401=CARTESIAN_POINT('',(66.8,5.55111512312578E-16,0.));
#4402=CARTESIAN_POINT('',(70.,5.55111512312578E-16,0.));
#4403=CARTESIAN_POINT('',(55.5736666581657,4.,0.));
#4404=CARTESIAN_POINT('',(66.8,5.55111512312578E-16,0.));
#4405=CARTESIAN_POINT('',(55.5736666581657,-4.,0.));
#4406=CARTESIAN_POINT('',(55.5736666581657,4.,0.));
#4407=CARTESIAN_POINT('',(69.7282485578728,-4.,2.77555756156289E-16));
#4408=CARTESIAN_POINT('',(35.1,-4.,0.));
#4409=CARTESIAN_POINT('',(70.4,-3.525,4.16333634234434E-16));
#4410=CARTESIAN_POINT('Ctrl Pts',(70.4,-3.525,-2.91898309108552E-17));
#4411=CARTESIAN_POINT('Ctrl Pts',(70.4,-3.55312642067459,-2.91898309108546E-17));
#4412=CARTESIAN_POINT('Ctrl Pts',(70.3975244582146,-3.58093294415065,-2.44011973740862E-5));
#4413=CARTESIAN_POINT('Ctrl Pts',(70.39237450775,-3.60820107802417,-3.4186375721822E-5));
#4414=CARTESIAN_POINT('Ctrl Pts',(70.3877984765596,-3.63243040449433,-4.2881077084804E-5));
#4415=CARTESIAN_POINT('Ctrl Pts',(70.3811105312359,-3.6562353143577,-4.04085407759409E-5));
#4416=CARTESIAN_POINT('Ctrl Pts',(70.3721417043726,-3.67943887929048,-2.88489047185359E-5));
#4417=CARTESIAN_POINT('Ctrl Pts',(70.3710168469605,-3.68234903715181,-2.73991117300845E-5));
#4418=CARTESIAN_POINT('Ctrl Pts',(70.369856073374,-3.68524969535073,-2.58447055971424E-5));
#4419=CARTESIAN_POINT('Ctrl Pts',(70.3686590167426,-3.68814046745232,-2.42233198319147E-5));
#4420=CARTESIAN_POINT('Ctrl Pts',(70.3609469026389,-3.70676445207518,-1.37774380750313E-5));
#4421=CARTESIAN_POINT('Ctrl Pts',(70.3518909607985,-3.72459416274782,-1.85876246880022E-6));
#4422=CARTESIAN_POINT('Ctrl Pts',(70.3415582589729,-3.74160676480073,-5.69046177935351E-6));
#4423=CARTESIAN_POINT('Ctrl Pts',(70.3296078866411,-3.76128283136098,-1.01220455217435E-5));
#4424=CARTESIAN_POINT('Ctrl Pts',(70.3159512738109,-3.77986694237462,-3.40334205960385E-5));
#4425=CARTESIAN_POINT('Ctrl Pts',(70.3007483499509,-3.79735557086395,-4.78968670998524E-5));
#4426=CARTESIAN_POINT('Ctrl Pts',(70.2946689995486,-3.80434892961649,-5.34405868379046E-5));
#4427=CARTESIAN_POINT('Ctrl Pts',(70.2883419671051,-3.81116704071709,-5.77978761120859E-5));
#4428=CARTESIAN_POINT('Ctrl Pts',(70.2817758860236,-3.81780922854414,-6.06735560177429E-5));
#4429=CARTESIAN_POINT('Ctrl Pts',(70.2643653528556,-3.83542156534522,-6.82986705657379E-5));
#4430=CARTESIAN_POINT('Ctrl Pts',(70.2455675873057,-3.8515088264079,-6.94396107101164E-5));
#4431=CARTESIAN_POINT('Ctrl Pts',(70.2256955934677,-3.86613348002237,-5.61131592492076E-5));
#4432=CARTESIAN_POINT('Ctrl Pts',(70.2058235996298,-3.88075813363684,-4.27867077882987E-5));
#4433=CARTESIAN_POINT('Ctrl Pts',(70.1848769317149,-3.89392080510012,-1.54386536658967E-5));
#4434=CARTESIAN_POINT('Ctrl Pts',(70.1631308341942,-3.90569279541521,-3.84540241406273E-6));
#4435=CARTESIAN_POINT('Ctrl Pts',(70.1532425045967,-3.91104572460834,1.4262510114109E-6));
#4436=CARTESIAN_POINT('Ctrl Pts',(70.1431884551131,-3.91611128617789,3.01684462363467E-6));
#4437=CARTESIAN_POINT('Ctrl Pts',(70.1329971912487,-3.92090727008284,7.53519716671647E-7));
#4438=CARTESIAN_POINT('Ctrl Pts',(70.1095767983048,-3.9319288498498,-4.44779381876434E-6));
#4439=CARTESIAN_POINT('Ctrl Pts',(70.085398437186,-3.94154407271571,-2.71257024384954E-5));
#4440=CARTESIAN_POINT('Ctrl Pts',(70.0607521841453,-3.94991873162664,-3.88902161236812E-5));
#4441=CARTESIAN_POINT('Ctrl Pts',(70.0349608955578,-3.95868246721104,-5.12012950956614E-5));
#4442=CARTESIAN_POINT('Ctrl Pts',(70.0086570751143,-3.9660877313361,-5.17160010651036E-5));
#4443=CARTESIAN_POINT('Ctrl Pts',(69.9821354620966,-3.97230265438774,-4.55749398722283E-5));
#4444=CARTESIAN_POINT('Ctrl Pts',(69.9695661680604,-3.97524807083721,-4.26645285116368E-5));
#4445=CARTESIAN_POINT('Ctrl Pts',(69.9569474394263,-3.97792581652507,-3.87762069793957E-5));
#4446=CARTESIAN_POINT('Ctrl Pts',(69.9443080558619,-3.9803521572138,-3.70515801950133E-5));
#4447=CARTESIAN_POINT('Ctrl Pts',(69.9120236030215,-3.98654969692296,-3.26464102906494E-5));
#4448=CARTESIAN_POINT('Ctrl Pts',(69.8792600303024,-3.99117362107839,-3.42993808362485E-5));
#4449=CARTESIAN_POINT('Ctrl Pts',(69.8463331610251,-3.99437698766047,-2.78171134136251E-5));
#4450=CARTESIAN_POINT('Ctrl Pts',(69.8118416837102,-3.99773257075179,-2.10268237606872E-5));
#4451=CARTESIAN_POINT('Ctrl Pts',(69.7771708136262,-3.99952944597356,-5.51834794004823E-6));
#4452=CARTESIAN_POINT('Ctrl Pts',(69.742647551567,-3.9999189135384,-9.94627774641987E-7));
#4453=CARTESIAN_POINT('Ctrl Pts',(69.7378448043327,-3.99997309481092,-3.65304726433867E-7));
#4454=CARTESIAN_POINT('Ctrl Pts',(69.7330448623792,-4.,-2.47854810280374E-17));
#4455=CARTESIAN_POINT('Ctrl Pts',(69.7282485578728,-4.,-2.77555756156289E-17));
#4456=CARTESIAN_POINT('',(70.4,-2.00000000003434,0.));
#4457=CARTESIAN_POINT('Ctrl Pts',(-70.4,3.525,0.));
#4458=CARTESIAN_POINT('Ctrl Pts',(-70.2202919070212,3.525,0.179708092978803));
#4459=CARTESIAN_POINT('Ctrl Pts',(-70.0405838140424,3.525,0.359416185957605));
#4460=CARTESIAN_POINT('Ctrl Pts',(-69.8608757210636,3.525,0.539124278936408));
#4461=CARTESIAN_POINT('Ctrl Pts',(-70.4,3.60180791734503,-3.59048077094579E-16));
#4462=CARTESIAN_POINT('Ctrl Pts',(-70.2202919070212,3.60180791734503,0.179708092978802));
#4463=CARTESIAN_POINT('Ctrl Pts',(-70.0405838140424,3.60180791734503,0.359416185957604));
#4464=CARTESIAN_POINT('Ctrl Pts',(-69.8608757210636,3.60180791734503,0.539124278936407));
#4465=CARTESIAN_POINT('Ctrl Pts',(-70.3813055701826,3.75054897715308,-0.0186944298173372));
#4466=CARTESIAN_POINT('Ctrl Pts',(-70.2015974772038,3.75054897715308,0.161013663161465));
#4467=CARTESIAN_POINT('Ctrl Pts',(-70.021889384225,3.75054897715308,0.340721756140268));
#4468=CARTESIAN_POINT('Ctrl Pts',(-69.8421812912462,3.75054897715308,0.52042984911907));
#4469=CARTESIAN_POINT('Ctrl Pts',(-70.2748853165127,3.94825034535072,-0.125114683487251));
#4470=CARTESIAN_POINT('Ctrl Pts',(-70.0951772235339,3.94825034535072,0.0545934094915515));
#4471=CARTESIAN_POINT('Ctrl Pts',(-69.9154691305551,3.94825034535072,0.234301502470353));
#4472=CARTESIAN_POINT('Ctrl Pts',(-69.7357610375763,3.94825034535072,0.414009595449156));
#4473=CARTESIAN_POINT('Ctrl Pts',(-70.1455913777416,4.,-0.254408622258383));
#4474=CARTESIAN_POINT('Ctrl Pts',(-69.9658832847628,4.,-0.0747005292795808));
#4475=CARTESIAN_POINT('Ctrl Pts',(-69.786175191784,4.,0.105007563699222));
#4476=CARTESIAN_POINT('Ctrl Pts',(-69.6064670988052,4.,0.284715656678024));
#4477=CARTESIAN_POINT('Ctrl Pts',(-70.0641242789364,4.,-0.335875721063619));
#4478=CARTESIAN_POINT('Ctrl Pts',(-69.8844161859576,4.,-0.156167628084816));
#4479=CARTESIAN_POINT('Ctrl Pts',(-69.7047080929788,4.,0.0235404648939862));
#4480=CARTESIAN_POINT('Ctrl Pts',(-69.525,4.,0.203248557872789));
#4481=CARTESIAN_POINT('Ctrl Pts',(-70.,3.525,0.4));
#4482=CARTESIAN_POINT('Ctrl Pts',(-70.1333333333333,3.525,0.266666666666667));
#4483=CARTESIAN_POINT('Ctrl Pts',(-70.2666666666667,3.525,0.133333333333333));
#4484=CARTESIAN_POINT('Ctrl Pts',(-70.4,3.525,0.));
#4485=CARTESIAN_POINT('Ctrl Pts',(70.,-3.525,0.203248557872771));
#4486=CARTESIAN_POINT('Ctrl Pts',(70.,-3.525,1.46883237191518));
#4487=CARTESIAN_POINT('Ctrl Pts',(70.,-3.525,2.73441618595759));
#4488=CARTESIAN_POINT('Ctrl Pts',(70.,-3.525,4.));
#4489=CARTESIAN_POINT('Ctrl Pts',(70.,-3.60180791734503,0.203248557872771));
#4490=CARTESIAN_POINT('Ctrl Pts',(70.,-3.60180791734503,1.46883237191518));
#4491=CARTESIAN_POINT('Ctrl Pts',(70.,-3.60180791734503,2.73441618595759));
#4492=CARTESIAN_POINT('Ctrl Pts',(70.,-3.60180791734503,4.));
#4493=CARTESIAN_POINT('Ctrl Pts',(69.9735617966624,-3.75054820069208,0.203248557872771));
#4494=CARTESIAN_POINT('Ctrl Pts',(69.9735617966624,-3.75054820069208,1.46883237191518));
#4495=CARTESIAN_POINT('Ctrl Pts',(69.9735617966624,-3.75054820069208,2.73441618595759));
#4496=CARTESIAN_POINT('Ctrl Pts',(69.9735617966624,-3.75054820069208,4.));
#4497=CARTESIAN_POINT('Ctrl Pts',(69.8230607831862,-3.94824860338228,0.203248557872771));
#4498=CARTESIAN_POINT('Ctrl Pts',(69.8230607831862,-3.94824860338228,1.46883237191518));
#4499=CARTESIAN_POINT('Ctrl Pts',(69.8230607831862,-3.94824860338228,2.73441618595759));
#4500=CARTESIAN_POINT('Ctrl Pts',(69.8230607831862,-3.94824860338228,4.));
#4501=CARTESIAN_POINT('Ctrl Pts',(69.6402118760176,-4.,0.203248557872771));
#4502=CARTESIAN_POINT('Ctrl Pts',(69.6402118760176,-4.,1.46883237191518));
#4503=CARTESIAN_POINT('Ctrl Pts',(69.6402118760176,-4.,2.73441618595759));
#4504=CARTESIAN_POINT('Ctrl Pts',(69.6402118760176,-4.,4.));
#4505=CARTESIAN_POINT('Ctrl Pts',(69.525,-4.,0.203248557872771));
#4506=CARTESIAN_POINT('Ctrl Pts',(69.525,-4.,1.46883237191518));
#4507=CARTESIAN_POINT('Ctrl Pts',(69.525,-4.,2.73441618595759));
#4508=CARTESIAN_POINT('Ctrl Pts',(69.525,-4.,4.));
#4509=CARTESIAN_POINT('',(69.525,-4.,0.203248557872772));
#4510=CARTESIAN_POINT('Ctrl Pts',(69.525,-4.,0.203248557872771));
#4511=CARTESIAN_POINT('Ctrl Pts',(69.525,-4.,1.46883237191518));
#4512=CARTESIAN_POINT('Ctrl Pts',(69.525,-4.,2.73441618595759));
#4513=CARTESIAN_POINT('Ctrl Pts',(69.525,-4.,4.));
#4514=CARTESIAN_POINT('',(70.,-3.525,0.399999999999999));
#4515=CARTESIAN_POINT('Ctrl Pts',(70.,-3.525,4.));
#4516=CARTESIAN_POINT('Ctrl Pts',(70.,-3.525,2.8));
#4517=CARTESIAN_POINT('Ctrl Pts',(70.,-3.525,1.6));
#4518=CARTESIAN_POINT('Ctrl Pts',(70.,-3.525,0.399999999999999));
#4519=CARTESIAN_POINT('Ctrl Pts',(70.,-3.525,0.399999999999999));
#4520=CARTESIAN_POINT('Ctrl Pts',(70.,-3.55004969302549,0.399999999999997));
#4521=CARTESIAN_POINT('Ctrl Pts',(69.998597179654,-3.57501239997058,0.399430552856892));
#4522=CARTESIAN_POINT('Ctrl Pts',(69.995657334172,-3.59970722986906,0.398218770932292));
#4523=CARTESIAN_POINT('Ctrl Pts',(69.9929187438534,-3.6227115076416,0.397089944853804));
#4524=CARTESIAN_POINT('Ctrl Pts',(69.9888462416486,-3.64548373101632,0.395403719285351));
#4525=CARTESIAN_POINT('Ctrl Pts',(69.9832990002157,-3.66784799420405,0.393101174385296));
#4526=CARTESIAN_POINT('Ctrl Pts',(69.9787359621543,-3.68624434225842,0.39120715189787));
#4527=CARTESIAN_POINT('Ctrl Pts',(69.9731745703939,-3.70436432844487,0.388896106575244));
#4528=CARTESIAN_POINT('Ctrl Pts',(69.9665187022592,-3.72209019426804,0.386135244549692));
#4529=CARTESIAN_POINT('Ctrl Pts',(69.9640432053137,-3.72868292204063,0.3851084054698));
#4530=CARTESIAN_POINT('Ctrl Pts',(69.9614280110041,-3.73518931147782,0.384024352176827));
#4531=CARTESIAN_POINT('Ctrl Pts',(69.9586712027145,-3.74160604452535,0.382883076116204));
#4532=CARTESIAN_POINT('Ctrl Pts',(69.9498931060576,-3.76203789795685,0.379249079653699));
#4533=CARTESIAN_POINT('Ctrl Pts',(69.9396824953424,-3.78156291465003,0.375034911619852));
#4534=CARTESIAN_POINT('Ctrl Pts',(69.9280858028405,-3.80009173414051,0.370240295842719));
#4535=CARTESIAN_POINT('Ctrl Pts',(69.9167189291783,-3.81825335653596,0.365540697936858));
#4536=CARTESIAN_POINT('Ctrl Pts',(69.9040198545535,-3.83545856501858,0.360283430508869));
#4537=CARTESIAN_POINT('Ctrl Pts',(69.8899951335038,-3.85158995241319,0.354468233482779));
#4538=CARTESIAN_POINT('Ctrl Pts',(69.887772910493,-3.85414597760164,0.353546813042559));
#4539=CARTESIAN_POINT('Ctrl Pts',(69.8855173367245,-3.85667496133788,0.35261138492214));
#4540=CARTESIAN_POINT('Ctrl Pts',(69.8832283629848,-3.85917633990866,0.351661948086903));
#4541=CARTESIAN_POINT('Ctrl Pts',(69.8683821085459,-3.8754002493687,0.345503912900673));
#4542=CARTESIAN_POINT('Ctrl Pts',(69.8524391803843,-3.89013144730622,0.338887628762397));
#4543=CARTESIAN_POINT('Ctrl Pts',(69.8355241719674,-3.90335535339243,0.331876429227946));
#4544=CARTESIAN_POINT('Ctrl Pts',(69.8345212788931,-3.90413940052394,0.331460734285195));
#4545=CARTESIAN_POINT('Ctrl Pts',(69.8335149542406,-3.90491814450354,0.331043651088572));
#4546=CARTESIAN_POINT('Ctrl Pts',(69.8325052186474,-3.90569158043506,0.330625192838295));
#4547=CARTESIAN_POINT('Ctrl Pts',(69.8162739143991,-3.91812441335243,0.323898557448715));
#4548=CARTESIAN_POINT('Ctrl Pts',(69.7991648467918,-3.92918847958924,0.316816609015828));
#4549=CARTESIAN_POINT('Ctrl Pts',(69.7813316687631,-3.93899223411984,0.309434177555718));
#4550=CARTESIAN_POINT('Ctrl Pts',(69.7741586812158,-3.94293556990955,0.306464763531649));
#4551=CARTESIAN_POINT('Ctrl Pts',(69.7668680627911,-3.94667462192286,0.303446735367355));
#4552=CARTESIAN_POINT('Ctrl Pts',(69.7594680540368,-3.95021493209302,0.300383661124641));
#4553=CARTESIAN_POINT('Ctrl Pts',(69.7396755396175,-3.95968406144384,0.292190976071245));
#4554=CARTESIAN_POINT('Ctrl Pts',(69.7192928741247,-3.96764297022487,0.283753738639435));
#4555=CARTESIAN_POINT('Ctrl Pts',(69.6985294519243,-3.97423719000247,0.275152265890105));
#4556=CARTESIAN_POINT('Ctrl Pts',(69.6823200062012,-3.97938512017216,0.268437327267571));
#4557=CARTESIAN_POINT('Ctrl Pts',(69.665877329849,-3.98370073897922,0.261622295343692));
#4558=CARTESIAN_POINT('Ctrl Pts',(69.6492824593942,-3.98724175789003,0.254745383502287));
#4559=CARTESIAN_POINT('Ctrl Pts',(69.6248088534358,-3.99246394397161,0.244603524843245));
#4560=CARTESIAN_POINT('Ctrl Pts',(69.5999968044457,-3.99600390315164,0.23432315147757));
#4561=CARTESIAN_POINT('Ctrl Pts',(69.5750869971173,-3.99800727764844,0.224000880293192));
#4562=CARTESIAN_POINT('Ctrl Pts',(69.5596562903429,-3.99924829424932,0.217606614059378));
#4563=CARTESIAN_POINT('Ctrl Pts',(69.5441870590165,-3.99989911080594,0.211196270185064));
#4564=CARTESIAN_POINT('Ctrl Pts',(69.5287281229468,-3.99998914948583,0.204792815412427));
#4565=CARTESIAN_POINT('Ctrl Pts',(69.5274854423388,-3.99999638732684,0.204278067888146));
#4566=CARTESIAN_POINT('Ctrl Pts',(69.5262427262949,-4.,0.203763311958421));
#4567=CARTESIAN_POINT('Ctrl Pts',(69.525,-4.,0.203248557872771));
#4568=CARTESIAN_POINT('Ctrl Pts',(70.4,-3.525,-5.55111512312578E-16));
#4569=CARTESIAN_POINT('Ctrl Pts',(70.2202919070212,-3.525,0.1797080929788));
#4570=CARTESIAN_POINT('Ctrl Pts',(70.0405838140424,-3.525,0.3594161859576));
#4571=CARTESIAN_POINT('Ctrl Pts',(69.8608757210636,-3.525,0.5391242789364));
#4572=CARTESIAN_POINT('Ctrl Pts',(70.4,-3.60180791734503,1.62984641876577E-16));
#4573=CARTESIAN_POINT('Ctrl Pts',(70.2202919070212,-3.60180791734503,0.179708092978801));
#4574=CARTESIAN_POINT('Ctrl Pts',(70.0405838140424,-3.60180791734503,0.3594161859576));
#4575=CARTESIAN_POINT('Ctrl Pts',(69.8608757210636,-3.60180791734503,0.5391242789364));
#4576=CARTESIAN_POINT('Ctrl Pts',(70.3813055701827,-3.75054897715308,-0.0186944298173346));
#4577=CARTESIAN_POINT('Ctrl Pts',(70.2015974772039,-3.75054897715308,0.161013663161465));
#4578=CARTESIAN_POINT('Ctrl Pts',(70.021889384225,-3.75054897715308,0.340721756140266));
#4579=CARTESIAN_POINT('Ctrl Pts',(69.8421812912462,-3.75054897715308,0.520429849119066));
#4580=CARTESIAN_POINT('Ctrl Pts',(70.2748853165128,-3.94825034535072,-0.125114683487246));
#4581=CARTESIAN_POINT('Ctrl Pts',(70.095177223534,-3.94825034535072,0.0545934094915548));
#4582=CARTESIAN_POINT('Ctrl Pts',(69.9154691305551,-3.94825034535072,0.234301502470354));
#4583=CARTESIAN_POINT('Ctrl Pts',(69.7357610375763,-3.94825034535072,0.414009595449155));
#4584=CARTESIAN_POINT('Ctrl Pts',(70.1455913777416,-4.,-0.254408622258377));
#4585=CARTESIAN_POINT('Ctrl Pts',(69.9658832847628,-4.,-0.0747005292795767));
#4586=CARTESIAN_POINT('Ctrl Pts',(69.786175191784,-4.,0.105007563699224));
#4587=CARTESIAN_POINT('Ctrl Pts',(69.6064670988052,-4.,0.284715656678024));
#4588=CARTESIAN_POINT('Ctrl Pts',(70.0641242789364,-4.,-0.335875721063612));
#4589=CARTESIAN_POINT('Ctrl Pts',(69.8844161859576,-4.,-0.156167628084811));
#4590=CARTESIAN_POINT('Ctrl Pts',(69.7047080929788,-4.,0.0235404648939887));
#4591=CARTESIAN_POINT('Ctrl Pts',(69.525,-4.,0.203248557872789));
#4592=CARTESIAN_POINT('Ctrl Pts',(70.,-3.525,0.399999999999998));
#4593=CARTESIAN_POINT('Ctrl Pts',(70.1333333333333,-3.525,0.266666666666665));
#4594=CARTESIAN_POINT('Ctrl Pts',(70.2666666666667,-3.525,0.133333333333332));
#4595=CARTESIAN_POINT('Ctrl Pts',(70.4,-3.525,-5.55111512312578E-16));
#4596=CARTESIAN_POINT('Ctrl Pts',(69.7282485578728,-4.,3.2682190287403E-15));
#4597=CARTESIAN_POINT('Ctrl Pts',(69.6604990385818,-4.,0.0677495192909318));
#4598=CARTESIAN_POINT('Ctrl Pts',(69.5927495192909,-4.,0.13549903858186));
#4599=CARTESIAN_POINT('Ctrl Pts',(69.525,-4.,0.203248557872789));
#4600=CARTESIAN_POINT('Origin',(70.,-4.,0.));
#4601=CARTESIAN_POINT('',(55.5736666581657,-4.,3.));
#4602=CARTESIAN_POINT('',(55.5736666581657,-4.,0.));
#4603=CARTESIAN_POINT('',(54.7336666581657,-4.,3.));
#4604=CARTESIAN_POINT('',(55.5736666581657,-4.,3.));
#4605=CARTESIAN_POINT('',(54.7336666581657,-4.,0.));
#4606=CARTESIAN_POINT('',(46.7336666581657,-4.,3.));
#4607=CARTESIAN_POINT('',(46.7336666581657,-4.,0.));
#4608=CARTESIAN_POINT('',(45.5457272657723,-4.,3.));
#4609=CARTESIAN_POINT('',(55.5736666581657,-4.,3.));
#4610=CARTESIAN_POINT('',(44.7057272657723,-4.,3.));
#4611=CARTESIAN_POINT('',(55.5736666581657,-4.,3.));
#4612=CARTESIAN_POINT('',(43.5177878733789,-4.,3.));
#4613=CARTESIAN_POINT('',(55.5736666581657,-4.,3.));
#4614=CARTESIAN_POINT('',(43.5177878733789,-4.,0.));
#4615=CARTESIAN_POINT('',(35.5177878733786,-4.,3.));
#4616=CARTESIAN_POINT('',(35.5177878733786,-4.,0.));
#4617=CARTESIAN_POINT('',(34.6777878733786,-4.,3.));
#4618=CARTESIAN_POINT('',(55.5736666581657,-4.,3.));
#4619=CARTESIAN_POINT('',(34.6777878733786,-4.,0.));
#4620=CARTESIAN_POINT('',(26.6777878733783,-4.,3.));
#4621=CARTESIAN_POINT('',(26.6777878733783,-4.,0.));
#4622=CARTESIAN_POINT('',(25.4898484809849,-4.,3.));
#4623=CARTESIAN_POINT('',(55.5736666581657,-4.,3.));
#4624=CARTESIAN_POINT('',(24.649848480985,-4.,3.));
#4625=CARTESIAN_POINT('',(55.5736666581657,-4.,3.));
#4626=CARTESIAN_POINT('',(23.4619090885915,-4.,3.));
#4627=CARTESIAN_POINT('',(55.5736666581657,-4.,3.));
#4628=CARTESIAN_POINT('',(23.4619090885915,-4.,0.));
#4629=CARTESIAN_POINT('',(15.4619090885913,-4.,3.));
#4630=CARTESIAN_POINT('',(15.4619090885913,-4.00000000000001,0.));
#4631=CARTESIAN_POINT('',(14.6219090885913,-4.,3.));
#4632=CARTESIAN_POINT('',(55.5736666581657,-4.,3.));
#4633=CARTESIAN_POINT('',(14.6219090885913,-4.00000000000001,0.));
#4634=CARTESIAN_POINT('',(6.62190908859111,-4.,3.));
#4635=CARTESIAN_POINT('',(6.62190908859111,-4.,0.));
#4636=CARTESIAN_POINT('',(5.43396969619648,-4.,3.));
#4637=CARTESIAN_POINT('',(55.5736666581657,-4.,3.));
#4638=CARTESIAN_POINT('',(4.59396969619649,-4.,3.));
#4639=CARTESIAN_POINT('',(55.5736666581657,-4.,3.));
#4640=CARTESIAN_POINT('',(3.40603030380297,-4.,3.));
#4641=CARTESIAN_POINT('',(55.5736666581657,-4.,3.));
#4642=CARTESIAN_POINT('',(3.40603030380298,-4.,0.));
#4643=CARTESIAN_POINT('',(-4.59396969619846,-4.,3.));
#4644=CARTESIAN_POINT('',(-4.59396969619845,-4.,0.));
#4645=CARTESIAN_POINT('',(-5.43396969619844,-4.,3.));
#4646=CARTESIAN_POINT('',(55.5736666581657,-4.,3.));
#4647=CARTESIAN_POINT('',(-5.43396969619844,-4.,0.));
#4648=CARTESIAN_POINT('',(-13.4339696961985,-4.,3.));
#4649=CARTESIAN_POINT('',(-13.4339696961985,-4.,0.));
#4650=CARTESIAN_POINT('',(-14.6219090885919,-4.,3.));
#4651=CARTESIAN_POINT('',(55.5736666581657,-4.,3.));
#4652=CARTESIAN_POINT('',(-15.4619090885919,-4.,3.));
#4653=CARTESIAN_POINT('',(55.5736666581657,-4.,3.));
#4654=CARTESIAN_POINT('',(-16.6498484809853,-4.,3.));
#4655=CARTESIAN_POINT('',(55.5736666581657,-4.,3.));
#4656=CARTESIAN_POINT('',(-16.6498484809853,-4.,0.));
#4657=CARTESIAN_POINT('',(-24.6498484809854,-4.,3.));
#4658=CARTESIAN_POINT('',(-24.6498484809854,-4.,0.));
#4659=CARTESIAN_POINT('',(-25.4898484809853,-4.,3.));
#4660=CARTESIAN_POINT('',(55.5736666581657,-4.,3.));
#4661=CARTESIAN_POINT('',(-25.4898484809853,-4.,0.));
#4662=CARTESIAN_POINT('',(-33.4898484809854,-4.,3.));
#4663=CARTESIAN_POINT('',(-33.4898484809854,-4.,0.));
#4664=CARTESIAN_POINT('',(-34.6777878733788,-4.,3.));
#4665=CARTESIAN_POINT('',(55.5736666581657,-4.,3.));
#4666=CARTESIAN_POINT('',(-35.5177878733788,-4.,3.));
#4667=CARTESIAN_POINT('',(55.5736666581657,-4.,3.));
#4668=CARTESIAN_POINT('',(-36.7057272657722,-4.,3.));
#4669=CARTESIAN_POINT('',(55.5736666581657,-4.,3.));
#4670=CARTESIAN_POINT('',(-36.7057272657722,-4.,0.));
#4671=CARTESIAN_POINT('',(-44.7057272657723,-4.,3.));
#4672=CARTESIAN_POINT('',(-44.7057272657723,-4.,0.));
#4673=CARTESIAN_POINT('',(-45.5457272657723,-4.,3.));
#4674=CARTESIAN_POINT('',(55.5736666581657,-4.,3.));
#4675=CARTESIAN_POINT('',(-45.5457272657723,-4.,0.));
#4676=CARTESIAN_POINT('',(-53.5457272657723,-4.,3.));
#4677=CARTESIAN_POINT('',(-53.5457272657723,-4.,0.));
#4678=CARTESIAN_POINT('',(-54.7336666581657,-4.,3.));
#4679=CARTESIAN_POINT('',(55.5736666581657,-4.,3.));
#4680=CARTESIAN_POINT('',(-55.5736666581657,-4.,3.));
#4681=CARTESIAN_POINT('',(55.5736666581657,-4.,3.));
#4682=CARTESIAN_POINT('',(-55.5736666581657,-4.,0.));
#4683=CARTESIAN_POINT('Origin',(70.,-4.,0.4));
#4684=CARTESIAN_POINT('',(70.,0.45,0.4));
#4685=CARTESIAN_POINT('',(70.,-2.,0.399999999999998));
#4686=CARTESIAN_POINT('',(70.4,0.45,8.39192547734248E-16));
#4687=CARTESIAN_POINT('Origin',(70.2,0.45,0.2));
#4688=CARTESIAN_POINT('Ctrl Pts',(70.,0.450000000000002,0.399999999999999));
#4689=CARTESIAN_POINT('Ctrl Pts',(70.,0.450000000000002,0.266666666666666));
#4690=CARTESIAN_POINT('Ctrl Pts',(70.,0.450000000000002,0.133333333333333));
#4691=CARTESIAN_POINT('Ctrl Pts',(70.,0.450000000000002,-2.77555756156289E-16));
#4692=CARTESIAN_POINT('Origin',(70.,5.55111512312578E-16,0.));
#4693=CARTESIAN_POINT('Ctrl Pts',(70.,0.450000000000002,4.));
#4694=CARTESIAN_POINT('Ctrl Pts',(70.,0.450000000000002,3.33333333333333));
#4695=CARTESIAN_POINT('Ctrl Pts',(70.,0.450000000000002,2.66666666666667));
#4696=CARTESIAN_POINT('Ctrl Pts',(70.,0.450000000000002,1.46666666666667));
#4697=CARTESIAN_POINT('Ctrl Pts',(70.,0.450000000000002,0.933333333333332));
#4698=CARTESIAN_POINT('Ctrl Pts',(70.,0.450000000000002,0.399999999999999));
#4699=CARTESIAN_POINT('Origin',(-70.,4.,0.4));
#4700=CARTESIAN_POINT('',(-70.,-0.450000000000002,0.4));
#4701=CARTESIAN_POINT('',(-70.,2.,0.399999999999998));
#4702=CARTESIAN_POINT('',(-70.4,-0.450000000000002,-7.3478807948842E-17));
#4703=CARTESIAN_POINT('Origin',(-70.2,-0.450000000000002,0.2));
#4704=CARTESIAN_POINT('Ctrl Pts',(-70.,-0.450000000000004,0.399999999999999));
#4705=CARTESIAN_POINT('Ctrl Pts',(-70.,-0.450000000000004,0.266666666666666));
#4706=CARTESIAN_POINT('Ctrl Pts',(-70.,-0.450000000000004,0.133333333333333));
#4707=CARTESIAN_POINT('Ctrl Pts',(-70.,-0.450000000000004,-2.77555756156289E-16));
#4708=CARTESIAN_POINT('Origin',(-70.,-1.11022302462516E-15,0.));
#4709=CARTESIAN_POINT('Ctrl Pts',(-70.,-0.450000000000004,4.));
#4710=CARTESIAN_POINT('Ctrl Pts',(-70.,-0.450000000000004,3.33333333333333));
#4711=CARTESIAN_POINT('Ctrl Pts',(-70.,-0.450000000000004,2.66666666666667));
#4712=CARTESIAN_POINT('Ctrl Pts',(-70.,-0.450000000000004,1.46666666666667));
#4713=CARTESIAN_POINT('Ctrl Pts',(-70.,-0.450000000000004,0.933333333333332));
#4714=CARTESIAN_POINT('Ctrl Pts',(-70.,-0.450000000000004,0.399999999999999));
#4715=CARTESIAN_POINT('Origin',(0.,0.,3.));
#4716=CARTESIAN_POINT('',(-54.7336666581657,-2.,3.));
#4717=CARTESIAN_POINT('',(-55.5736666581657,2.,3.));
#4718=CARTESIAN_POINT('Origin',(0.,0.,3.));
#4719=CARTESIAN_POINT('',(-39.1592954493291,10.3864318164431,3.));
#4720=CARTESIAN_POINT('',(-36.0502499936242,14.6834166645414,3.));
#4721=CARTESIAN_POINT('Origin',(0.,0.,3.));
#4722=CARTESIAN_POINT('',(-44.7057272657723,-2.,3.));
#4723=CARTESIAN_POINT('',(-45.5457272657723,2.,3.));
#4724=CARTESIAN_POINT('Origin',(0.,0.,3.));
#4725=CARTESIAN_POINT('',(-27.6383409050341,-11.8794469683447,3.));
#4726=CARTESIAN_POINT('',(-32.5292954493291,-8.17643181644306,3.));
#4727=CARTESIAN_POINT('Origin',(0.,0.,3.));
#4728=CARTESIAN_POINT('',(-34.6777878733788,-2.,3.));
#4729=CARTESIAN_POINT('',(-35.5177878733788,2.,3.));
#4730=CARTESIAN_POINT('Origin',(0.,0.,3.));
#4731=CARTESIAN_POINT('',(-24.117386360739,5.37246212024634,3.));
#4732=CARTESIAN_POINT('',(-21.008340905034,9.66944696834469,3.));
#4733=CARTESIAN_POINT('Origin',(0.,0.,3.));
#4734=CARTESIAN_POINT('',(-24.6498484809854,-1.99999999999999,3.));
#4735=CARTESIAN_POINT('',(-25.4898484809853,2.,3.));
#4736=CARTESIAN_POINT('Origin',(0.,0.,3.));
#4737=CARTESIAN_POINT('',(-12.5964318164439,-6.86547727214798,3.));
#4738=CARTESIAN_POINT('',(-17.487386360739,-3.16246212024633,3.));
#4739=CARTESIAN_POINT('Origin',(0.,0.,3.));
#4740=CARTESIAN_POINT('',(-14.6219090885919,-2.,3.));
#4741=CARTESIAN_POINT('',(-15.4619090885919,2.,3.));
#4742=CARTESIAN_POINT('Origin',(0.,0.,3.));
#4743=CARTESIAN_POINT('',(-9.07547727214885,0.358492424049618,3.));
#4744=CARTESIAN_POINT('',(-5.96643181644387,4.65547727214797,3.));
#4745=CARTESIAN_POINT('Origin',(0.,0.,3.));
#4746=CARTESIAN_POINT('',(-4.59396969619845,-2.,3.));
#4747=CARTESIAN_POINT('',(-5.43396969619844,2.,3.));
#4748=CARTESIAN_POINT('Origin',(0.,0.,3.));
#4749=CARTESIAN_POINT('',(2.44547727214716,-1.85150757595106,3.));
#4750=CARTESIAN_POINT('',(-2.44547727214863,1.85150757595057,3.));
#4751=CARTESIAN_POINT('Origin',(0.,0.,3.));
#4752=CARTESIAN_POINT('',(5.43396969619648,-2.,3.));
#4753=CARTESIAN_POINT('',(4.59396969619649,2.,3.));
#4754=CARTESIAN_POINT('Origin',(0.,0.,3.));
#4755=CARTESIAN_POINT('',(5.96643181644329,-4.6554772721478,3.));
#4756=CARTESIAN_POINT('',(9.07547727214783,-0.358492424049298,3.));
#4757=CARTESIAN_POINT('Origin',(0.,0.,3.));
#4758=CARTESIAN_POINT('',(15.4619090885913,-2.,3.));
#4759=CARTESIAN_POINT('',(14.6219090885913,2.,3.));
#4760=CARTESIAN_POINT('Origin',(0.,0.,3.));
#4761=CARTESIAN_POINT('',(17.4873863607385,3.16246212024621,3.));
#4762=CARTESIAN_POINT('',(12.5964318164434,6.86547727214785,3.));
#4763=CARTESIAN_POINT('Origin',(0.,0.,3.));
#4764=CARTESIAN_POINT('',(25.4898484809849,-2.00000000000001,3.));
#4765=CARTESIAN_POINT('',(24.6498484809849,2.,3.));
#4766=CARTESIAN_POINT('Origin',(0.,0.,3.));
#4767=CARTESIAN_POINT('',(21.0083409050335,-9.66944696834462,3.));
#4768=CARTESIAN_POINT('',(24.1173863607386,-5.37246212024626,3.));
#4769=CARTESIAN_POINT('Origin',(0.,0.,3.));
#4770=CARTESIAN_POINT('',(35.5177878733786,-2.,3.));
#4771=CARTESIAN_POINT('',(34.6777878733786,2.,3.));
#4772=CARTESIAN_POINT('Origin',(0.,0.,3.));
#4773=CARTESIAN_POINT('',(32.5292954493293,8.17643181644308,3.));
#4774=CARTESIAN_POINT('',(27.6383409050337,11.8794469683447,3.));
#4775=CARTESIAN_POINT('Origin',(0.,0.,3.));
#4776=CARTESIAN_POINT('',(45.5457272657723,-2.,3.));
#4777=CARTESIAN_POINT('',(44.7057272657723,2.,3.));
#4778=CARTESIAN_POINT('Origin',(0.,0.,3.));
#4779=CARTESIAN_POINT('',(36.0502499936242,-14.6834166645414,3.));
#4780=CARTESIAN_POINT('',(39.1592954493292,-10.3864318164431,3.));
#4781=CARTESIAN_POINT('Origin',(0.,0.,3.));
#4782=CARTESIAN_POINT('',(54.7336666581657,2.,3.));
#4783=CARTESIAN_POINT('',(55.5736666581657,-2.00000000000006,3.));
#4784=CARTESIAN_POINT('Origin',(54.7336666581657,4.,0.));
#4785=CARTESIAN_POINT('',(54.7336666581657,4.,0.));
#4786=CARTESIAN_POINT('Origin',(46.7336666581657,-4.,0.));
#4787=CARTESIAN_POINT('Origin',(45.5457272657723,-4.,0.));
#4788=CARTESIAN_POINT('',(45.5457272657723,-4.,0.));
#4789=CARTESIAN_POINT('Origin',(44.7057272657723,-4.00000000000001,0.));
#4790=CARTESIAN_POINT('',(44.7057272657723,-4.00000000000001,0.));
#4791=CARTESIAN_POINT('Origin',(35.5177878733786,4.,0.));
#4792=CARTESIAN_POINT('',(35.5177878733786,4.,0.));
#4793=CARTESIAN_POINT('Origin',(35.5177878733786,-4.,0.));
#4794=CARTESIAN_POINT('Origin',(34.6777878733786,4.,0.));
#4795=CARTESIAN_POINT('',(34.6777878733786,4.,0.));
#4796=CARTESIAN_POINT('Origin',(26.6777878733783,-4.,0.));
#4797=CARTESIAN_POINT('Origin',(25.4898484809849,-4.,0.));
#4798=CARTESIAN_POINT('',(25.4898484809849,-4.,0.));
#4799=CARTESIAN_POINT('Origin',(24.6498484809849,-3.99999999999999,0.));
#4800=CARTESIAN_POINT('',(24.6498484809849,-3.99999999999999,0.));
#4801=CARTESIAN_POINT('Origin',(15.4619090885913,4.,0.));
#4802=CARTESIAN_POINT('',(15.4619090885913,4.,0.));
#4803=CARTESIAN_POINT('Origin',(15.4619090885913,-4.00000000000001,0.));
#4804=CARTESIAN_POINT('Origin',(14.6219090885913,4.,0.));
#4805=CARTESIAN_POINT('',(14.6219090885913,4.,0.));
#4806=CARTESIAN_POINT('Origin',(6.62190908859111,-4.,0.));
#4807=CARTESIAN_POINT('Origin',(5.43396969619648,-4.,0.));
#4808=CARTESIAN_POINT('',(5.43396969619648,-4.,0.));
#4809=CARTESIAN_POINT('Origin',(4.59396969619649,-4.,0.));
#4810=CARTESIAN_POINT('',(4.59396969619649,-4.,0.));
#4811=CARTESIAN_POINT('Origin',(-4.59396969619845,4.,0.));
#4812=CARTESIAN_POINT('',(-4.59396969619845,4.,0.));
#4813=CARTESIAN_POINT('Origin',(-4.59396969619845,-4.,0.));
#4814=CARTESIAN_POINT('Origin',(-5.43396969619844,4.,0.));
#4815=CARTESIAN_POINT('',(-5.43396969619844,4.,0.));
#4816=CARTESIAN_POINT('Origin',(-13.4339696961985,-4.,0.));
#4817=CARTESIAN_POINT('Origin',(-14.6219090885919,-3.99999999999999,0.));
#4818=CARTESIAN_POINT('',(-14.6219090885919,-3.99999999999999,0.));
#4819=CARTESIAN_POINT('Origin',(-15.4619090885919,-4.,0.));
#4820=CARTESIAN_POINT('',(-15.4619090885919,-4.,0.));
#4821=CARTESIAN_POINT('Origin',(-24.6498484809854,4.,0.));
#4822=CARTESIAN_POINT('',(-24.6498484809854,4.,0.));
#4823=CARTESIAN_POINT('Origin',(-24.6498484809854,-4.,0.));
#4824=CARTESIAN_POINT('Origin',(-25.4898484809853,4.,0.));
#4825=CARTESIAN_POINT('',(-25.4898484809853,4.,0.));
#4826=CARTESIAN_POINT('Origin',(-33.4898484809854,-4.,0.));
#4827=CARTESIAN_POINT('Origin',(-34.6777878733788,-4.,0.));
#4828=CARTESIAN_POINT('',(-34.6777878733788,-4.,0.));
#4829=CARTESIAN_POINT('Origin',(-35.5177878733788,-4.,0.));
#4830=CARTESIAN_POINT('',(-35.5177878733788,-4.,0.));
#4831=CARTESIAN_POINT('Origin',(-44.7057272657723,3.99999999999999,0.));
#4832=CARTESIAN_POINT('',(-44.7057272657723,3.99999999999999,0.));
#4833=CARTESIAN_POINT('Origin',(-44.7057272657723,-4.,0.));
#4834=CARTESIAN_POINT('Origin',(-45.5457272657723,4.,0.));
#4835=CARTESIAN_POINT('',(-45.5457272657723,4.,0.));
#4836=CARTESIAN_POINT('Origin',(-53.5457272657723,-4.,0.));
#4837=CARTESIAN_POINT('Origin',(-54.7336666581657,-4.,0.));
#4838=CARTESIAN_POINT('',(-54.7336666581657,-4.,0.));
#4839=CARTESIAN_POINT('Origin',(-55.5736666581657,4.,0.));
#4840=CARTESIAN_POINT('',(-55.5736666581657,-4.,0.));
#4841=CARTESIAN_POINT('Origin',(0.,-6.86872780875092E-11,4.));
#4842=CARTESIAN_POINT('',(62.6430780618347,1.48113255204164,4.));
#4843=CARTESIAN_POINT('',(66.8,5.55111512312578E-16,4.));
#4844=CARTESIAN_POINT('',(62.6430780618347,2.37286024225849,4.));
#4845=CARTESIAN_POINT('',(62.6430780618347,1.29999999996523,4.));
#4846=CARTESIAN_POINT('',(58.0763747332959,4.,4.));
#4847=CARTESIAN_POINT('Ctrl Pts',(-71.6,0.750000000000001,4.));
#4848=CARTESIAN_POINT('Ctrl Pts',(-71.6,0.750000000000001,4.8));
#4849=CARTESIAN_POINT('Ctrl Pts',(-71.6,0.750000000000001,5.6));
#4850=CARTESIAN_POINT('Ctrl Pts',(-71.6,0.750000000000001,6.4));
#4851=CARTESIAN_POINT('Ctrl Pts',(-71.6,0.628724341034157,4.));
#4852=CARTESIAN_POINT('Ctrl Pts',(-71.6,0.628724341034157,4.8));
#4853=CARTESIAN_POINT('Ctrl Pts',(-71.6,0.628724341034157,5.6));
#4854=CARTESIAN_POINT('Ctrl Pts',(-71.6,0.628724341034157,6.4));
#4855=CARTESIAN_POINT('Ctrl Pts',(-71.5582553385067,0.393871614227395,4.));
#4856=CARTESIAN_POINT('Ctrl Pts',(-71.5582553385067,0.393871614227395,4.8));
#4857=CARTESIAN_POINT('Ctrl Pts',(-71.5582553385067,0.393871614227395,5.6));
#4858=CARTESIAN_POINT('Ctrl Pts',(-71.5582553385067,0.393871614227395,6.4));
#4859=CARTESIAN_POINT('Ctrl Pts',(-71.3206221376676,0.0817135195496806,
4.));
#4860=CARTESIAN_POINT('Ctrl Pts',(-71.3206221376676,0.0817135195496806,
4.8));
#4861=CARTESIAN_POINT('Ctrl Pts',(-71.3206221376676,0.0817135195496806,
5.6));
#4862=CARTESIAN_POINT('Ctrl Pts',(-71.3206221376676,0.0817135195496806,
6.4));
#4863=CARTESIAN_POINT('Ctrl Pts',(-71.0319134884488,5.55111512312578E-16,
4.));
#4864=CARTESIAN_POINT('Ctrl Pts',(-71.0319134884488,5.55111512312578E-16,
4.8));
#4865=CARTESIAN_POINT('Ctrl Pts',(-71.0319134884488,5.55111512312578E-16,
5.6));
#4866=CARTESIAN_POINT('Ctrl Pts',(-71.0319134884488,5.55111512312578E-16,
6.4));
#4867=CARTESIAN_POINT('Ctrl Pts',(-70.85,5.55111512312578E-16,4.));
#4868=CARTESIAN_POINT('Ctrl Pts',(-70.85,5.55111512312578E-16,4.8));
#4869=CARTESIAN_POINT('Ctrl Pts',(-70.85,5.55111512312578E-16,5.6));
#4870=CARTESIAN_POINT('Ctrl Pts',(-70.85,5.55111512312578E-16,6.4));
#4871=CARTESIAN_POINT('Ctrl Pts',(-71.6,0.750000000000001,6.4));
#4872=CARTESIAN_POINT('Ctrl Pts',(-71.6,0.750000000000001,5.6));
#4873=CARTESIAN_POINT('Ctrl Pts',(-71.6,0.750000000000001,4.8));
#4874=CARTESIAN_POINT('Ctrl Pts',(-71.6,0.750000000000001,4.));
#4875=CARTESIAN_POINT('Ctrl Pts',(67.65,5.55111512312578E-16,4.));
#4876=CARTESIAN_POINT('Ctrl Pts',(67.65,5.55111512312578E-16,4.8));
#4877=CARTESIAN_POINT('Ctrl Pts',(67.65,5.55111512312578E-16,5.6));
#4878=CARTESIAN_POINT('Ctrl Pts',(67.65,5.55111512312578E-16,6.4));
#4879=CARTESIAN_POINT('Ctrl Pts',(67.7712756589658,5.55111512312578E-16,
4.));
#4880=CARTESIAN_POINT('Ctrl Pts',(67.7712756589658,5.55111512312578E-16,
4.8));
#4881=CARTESIAN_POINT('Ctrl Pts',(67.7712756589658,5.55111512312578E-16,
5.6));
#4882=CARTESIAN_POINT('Ctrl Pts',(67.7712756589658,5.55111512312578E-16,
6.4));
#4883=CARTESIAN_POINT('Ctrl Pts',(68.0061295320066,0.0417442381278314,4.));
#4884=CARTESIAN_POINT('Ctrl Pts',(68.0061295320066,0.0417442381278314,4.8));
#4885=CARTESIAN_POINT('Ctrl Pts',(68.0061295320066,0.0417442381278314,5.6));
#4886=CARTESIAN_POINT('Ctrl Pts',(68.0061295320066,0.0417442381278314,6.4));
#4887=CARTESIAN_POINT('Ctrl Pts',(68.318289048722,0.279377368702722,4.));
#4888=CARTESIAN_POINT('Ctrl Pts',(68.318289048722,0.279377368702722,4.8));
#4889=CARTESIAN_POINT('Ctrl Pts',(68.318289048722,0.279377368702722,5.6));
#4890=CARTESIAN_POINT('Ctrl Pts',(68.318289048722,0.279377368702722,6.4));
#4891=CARTESIAN_POINT('Ctrl Pts',(68.4,0.568086511551236,4.));
#4892=CARTESIAN_POINT('Ctrl Pts',(68.4,0.568086511551236,4.8));
#4893=CARTESIAN_POINT('Ctrl Pts',(68.4,0.568086511551236,5.6));
#4894=CARTESIAN_POINT('Ctrl Pts',(68.4,0.568086511551236,6.4));
#4895=CARTESIAN_POINT('Ctrl Pts',(68.4,0.750000000000001,4.));
#4896=CARTESIAN_POINT('Ctrl Pts',(68.4,0.750000000000001,4.8));
#4897=CARTESIAN_POINT('Ctrl Pts',(68.4,0.750000000000001,5.6));
#4898=CARTESIAN_POINT('Ctrl Pts',(68.4,0.750000000000001,6.4));
#4899=CARTESIAN_POINT('Ctrl Pts',(67.65,5.55111512312578E-16,6.4));
#4900=CARTESIAN_POINT('Ctrl Pts',(67.65,5.55111512312578E-16,5.6));
#4901=CARTESIAN_POINT('Ctrl Pts',(67.65,5.55111512312578E-16,4.8));
#4902=CARTESIAN_POINT('Ctrl Pts',(67.65,5.55111512312578E-16,4.));
#4903=CARTESIAN_POINT('Ctrl Pts',(68.4,0.750000000000001,4.));
#4904=CARTESIAN_POINT('Ctrl Pts',(68.4,0.750000000000001,4.8));
#4905=CARTESIAN_POINT('Ctrl Pts',(68.4,0.750000000000001,5.6));
#4906=CARTESIAN_POINT('Ctrl Pts',(68.4,0.750000000000001,6.4));
#4907=CARTESIAN_POINT('Origin',(68.4,0.,4.));
#4908=CARTESIAN_POINT('Ctrl Pts',(68.4,4.,4.));
#4909=CARTESIAN_POINT('Ctrl Pts',(68.4,4.,4.4));
#4910=CARTESIAN_POINT('Ctrl Pts',(68.4,4.,4.8));
#4911=CARTESIAN_POINT('Ctrl Pts',(68.4,4.,5.6));
#4912=CARTESIAN_POINT('Ctrl Pts',(68.4,4.,6.));
#4913=CARTESIAN_POINT('Ctrl Pts',(68.4,4.,6.4));
#4914=CARTESIAN_POINT('Ctrl Pts',(-70.0000000022938,-0.4500000022938,-5.55111512312578E-16));
#4915=CARTESIAN_POINT('Ctrl Pts',(-70.0000000022938,-0.4500000022938,1.33333333333333));
#4916=CARTESIAN_POINT('Ctrl Pts',(-70.0000000022938,-0.4500000022938,2.66666666666667));
#4917=CARTESIAN_POINT('Ctrl Pts',(-70.0000000022938,-0.4500000022938,4.));
#4918=CARTESIAN_POINT('Ctrl Pts',(-69.9964295382263,-0.446429538226275,
-5.55111512312578E-16));
#4919=CARTESIAN_POINT('Ctrl Pts',(-69.9964295382263,-0.446429538226275,
1.33333333333333));
#4920=CARTESIAN_POINT('Ctrl Pts',(-69.9964295382263,-0.446429538226275,
2.66666666666667));
#4921=CARTESIAN_POINT('Ctrl Pts',(-69.9964295382263,-0.446429538226275,
4.));
#4922=CARTESIAN_POINT('Ctrl Pts',(-69.8258310725094,-0.275254242763906,
-5.55111512312578E-16));
#4923=CARTESIAN_POINT('Ctrl Pts',(-69.8258310725094,-0.275254242763906,
1.33333333333333));
#4924=CARTESIAN_POINT('Ctrl Pts',(-69.8258310725094,-0.275254242763906,
2.66666666666666));
#4925=CARTESIAN_POINT('Ctrl Pts',(-69.8258310725094,-0.275254242763906,
4.));
#4926=CARTESIAN_POINT('Ctrl Pts',(-69.6140259589919,-0.0848635438063333,
-5.55111512312578E-16));
#4927=CARTESIAN_POINT('Ctrl Pts',(-69.6140259589919,-0.0848635438063333,
1.33333333333333));
#4928=CARTESIAN_POINT('Ctrl Pts',(-69.6140259589919,-0.0848635438063333,
2.66666666666667));
#4929=CARTESIAN_POINT('Ctrl Pts',(-69.6140259589919,-0.0848635438063333,
4.));
#4930=CARTESIAN_POINT('Ctrl Pts',(-69.2541213034334,-0.00129517349310881,
-5.55111512312578E-16));
#4931=CARTESIAN_POINT('Ctrl Pts',(-69.2541213034334,-0.00129517349310881,
1.33333333333333));
#4932=CARTESIAN_POINT('Ctrl Pts',(-69.2541213034334,-0.00129517349310881,
2.66666666666667));
#4933=CARTESIAN_POINT('Ctrl Pts',(-69.2541213034334,-0.00129517349310881,
4.));
#4934=CARTESIAN_POINT('Ctrl Pts',(-69.0465451218226,-6.01370805005293E-15,
-5.55111512312578E-16));
#4935=CARTESIAN_POINT('Ctrl Pts',(-69.0465451218226,-6.01370805005293E-15,
1.33333333333333));
#4936=CARTESIAN_POINT('Ctrl Pts',(-69.0465451218226,-6.01370805005293E-15,
2.66666666666667));
#4937=CARTESIAN_POINT('Ctrl Pts',(-69.0465451218226,-6.01370805005293E-15,
4.));
#4938=CARTESIAN_POINT('Ctrl Pts',(-68.9286796564404,-7.35522753814166E-15,
-5.55111512312578E-16));
#4939=CARTESIAN_POINT('Ctrl Pts',(-68.9286796564404,-7.35522753814166E-15,
1.33333333333333));
#4940=CARTESIAN_POINT('Ctrl Pts',(-68.9286796564404,-7.35522753814166E-15,
2.66666666666667));
#4941=CARTESIAN_POINT('Ctrl Pts',(-68.9286796564404,-7.35522753814166E-15,
4.));
#4942=CARTESIAN_POINT('',(-68.9286796564404,-1.11022302462516E-15,2.));
#4943=CARTESIAN_POINT('Ctrl Pts',(70.0000000022938,0.450000002293806,-5.55111512312578E-16));
#4944=CARTESIAN_POINT('Ctrl Pts',(70.0000000022938,0.450000002293806,1.33333333333333));
#4945=CARTESIAN_POINT('Ctrl Pts',(70.0000000022938,0.450000002293806,2.66666666666667));
#4946=CARTESIAN_POINT('Ctrl Pts',(70.0000000022938,0.450000002293806,4.));
#4947=CARTESIAN_POINT('Ctrl Pts',(69.9964295382263,0.446429538226273,-5.55111512312578E-16));
#4948=CARTESIAN_POINT('Ctrl Pts',(69.9964295382263,0.446429538226273,1.33333333333333));
#4949=CARTESIAN_POINT('Ctrl Pts',(69.9964295382263,0.446429538226273,2.66666666666667));
#4950=CARTESIAN_POINT('Ctrl Pts',(69.9964295382263,0.446429538226273,4.));
#4951=CARTESIAN_POINT('Ctrl Pts',(69.8258310725094,0.275254242763897,-5.55111512312578E-16));
#4952=CARTESIAN_POINT('Ctrl Pts',(69.8258310725094,0.275254242763897,1.33333333333334));
#4953=CARTESIAN_POINT('Ctrl Pts',(69.8258310725094,0.275254242763897,2.66666666666666));
#4954=CARTESIAN_POINT('Ctrl Pts',(69.8258310725094,0.275254242763897,4.));
#4955=CARTESIAN_POINT('Ctrl Pts',(69.6140259589919,0.0848635438063235,-5.55111512312578E-16));
#4956=CARTESIAN_POINT('Ctrl Pts',(69.6140259589919,0.0848635438063235,1.33333333333333));
#4957=CARTESIAN_POINT('Ctrl Pts',(69.6140259589919,0.0848635438063235,2.66666666666667));
#4958=CARTESIAN_POINT('Ctrl Pts',(69.6140259589919,0.0848635438063235,4.));
#4959=CARTESIAN_POINT('Ctrl Pts',(69.2541213034334,0.00129517349310079,
-5.55111512312578E-16));
#4960=CARTESIAN_POINT('Ctrl Pts',(69.2541213034334,0.00129517349310079,
1.33333333333334));
#4961=CARTESIAN_POINT('Ctrl Pts',(69.2541213034334,0.00129517349310079,
2.66666666666666));
#4962=CARTESIAN_POINT('Ctrl Pts',(69.2541213034334,0.00129517349310079,
4.));
#4963=CARTESIAN_POINT('Ctrl Pts',(69.0465451218226,-4.44089209850063E-15,
-5.55111512312578E-16));
#4964=CARTESIAN_POINT('Ctrl Pts',(69.0465451218226,-4.44089209850063E-15,
1.33333333333333));
#4965=CARTESIAN_POINT('Ctrl Pts',(69.0465451218226,-4.44089209850063E-15,
2.66666666666667));
#4966=CARTESIAN_POINT('Ctrl Pts',(69.0465451218226,-4.44089209850063E-15,
4.));
#4967=CARTESIAN_POINT('Ctrl Pts',(68.9286796564404,-4.9960036108132E-15,
-5.55111512312578E-16));
#4968=CARTESIAN_POINT('Ctrl Pts',(68.9286796564404,-4.9960036108132E-15,
1.33333333333333));
#4969=CARTESIAN_POINT('Ctrl Pts',(68.9286796564404,-4.9960036108132E-15,
2.66666666666667));
#4970=CARTESIAN_POINT('Ctrl Pts',(68.9286796564404,-4.9960036108132E-15,
4.));
#4971=CARTESIAN_POINT('',(68.9286796564404,5.55111512312578E-16,2.));
#4972=CARTESIAN_POINT('Origin',(66.8,5.55111512312578E-16,0.));
#4973=CARTESIAN_POINT('',(66.8,5.55111512312578E-16,0.));
#4974=CARTESIAN_POINT('Origin',(-66.8,-8.32667268468867E-16,0.));
#4975=CARTESIAN_POINT('',(-66.8,-8.32667268468867E-16,0.));
#4976=CARTESIAN_POINT('Ctrl Pts',(-71.5999999990777,4.00000000092233,4.));
#4977=CARTESIAN_POINT('Ctrl Pts',(-71.5999999990777,4.00000000092233,4.8));
#4978=CARTESIAN_POINT('Ctrl Pts',(-71.5999999990777,4.00000000092233,5.6));
#4979=CARTESIAN_POINT('Ctrl Pts',(-71.5999999990777,4.00000000092233,6.4));
#4980=CARTESIAN_POINT('Ctrl Pts',(-71.6035704626837,3.99642953731633,4.));
#4981=CARTESIAN_POINT('Ctrl Pts',(-71.6035704626837,3.99642953731633,4.8));
#4982=CARTESIAN_POINT('Ctrl Pts',(-71.6035704626837,3.99642953731633,5.6));
#4983=CARTESIAN_POINT('Ctrl Pts',(-71.6035704626837,3.99642953731633,6.4));
#4984=CARTESIAN_POINT('Ctrl Pts',(-71.7741727799969,3.82525538237469,4.));
#4985=CARTESIAN_POINT('Ctrl Pts',(-71.7741727799969,3.82525538237469,4.8));
#4986=CARTESIAN_POINT('Ctrl Pts',(-71.7741727799969,3.82525538237469,5.6));
#4987=CARTESIAN_POINT('Ctrl Pts',(-71.7741727799969,3.82525538237469,6.4));
#4988=CARTESIAN_POINT('Ctrl Pts',(-71.986001608431,3.63487192877147,4.));
#4989=CARTESIAN_POINT('Ctrl Pts',(-71.986001608431,3.63487192877147,4.8));
#4990=CARTESIAN_POINT('Ctrl Pts',(-71.986001608431,3.63487192877147,5.6));
#4991=CARTESIAN_POINT('Ctrl Pts',(-71.986001608431,3.63487192877147,6.4));
#4992=CARTESIAN_POINT('Ctrl Pts',(-72.3458870159478,3.55129788903159,4.));
#4993=CARTESIAN_POINT('Ctrl Pts',(-72.3458870159478,3.55129788903159,4.8));
#4994=CARTESIAN_POINT('Ctrl Pts',(-72.3458870159478,3.55129788903159,5.6));
#4995=CARTESIAN_POINT('Ctrl Pts',(-72.3458870159478,3.55129788903159,6.4));
#4996=CARTESIAN_POINT('Ctrl Pts',(-72.5534548781774,3.55,4.));
#4997=CARTESIAN_POINT('Ctrl Pts',(-72.5534548781774,3.55,4.8));
#4998=CARTESIAN_POINT('Ctrl Pts',(-72.5534548781774,3.55,5.6));
#4999=CARTESIAN_POINT('Ctrl Pts',(-72.5534548781774,3.55,6.4));
#5000=CARTESIAN_POINT('Ctrl Pts',(-72.6713203435596,3.55,4.));
#5001=CARTESIAN_POINT('Ctrl Pts',(-72.6713203435596,3.55,4.8));
#5002=CARTESIAN_POINT('Ctrl Pts',(-72.6713203435596,3.55,5.6));
#5003=CARTESIAN_POINT('Ctrl Pts',(-72.6713203435596,3.55,6.4));
#5004=CARTESIAN_POINT('Ctrl Pts',(-71.6,4.,6.4));
#5005=CARTESIAN_POINT('Ctrl Pts',(-71.6,4.,6.));
#5006=CARTESIAN_POINT('Ctrl Pts',(-71.6,4.,5.6));
#5007=CARTESIAN_POINT('Ctrl Pts',(-71.6,4.,4.8));
#5008=CARTESIAN_POINT('Ctrl Pts',(-71.6,4.,4.4));
#5009=CARTESIAN_POINT('Ctrl Pts',(-71.6,4.,4.));
#5010=CARTESIAN_POINT('',(-72.6713203435596,3.55,4.));
#5011=CARTESIAN_POINT('Origin',(-71.6,4.,4.));
#5012=CARTESIAN_POINT('Ctrl Pts',(69.4713203435596,3.55,4.));
#5013=CARTESIAN_POINT('Ctrl Pts',(69.4713203435596,3.55,4.8));
#5014=CARTESIAN_POINT('Ctrl Pts',(69.4713203435596,3.55,5.6));
#5015=CARTESIAN_POINT('Ctrl Pts',(69.4713203435596,3.55,6.4));
#5016=CARTESIAN_POINT('Ctrl Pts',(69.2355894127951,3.55,4.));
#5017=CARTESIAN_POINT('Ctrl Pts',(69.2355894127951,3.55,4.8));
#5018=CARTESIAN_POINT('Ctrl Pts',(69.2355894127951,3.55,5.6));
#5019=CARTESIAN_POINT('Ctrl Pts',(69.2355894127951,3.55,6.4));
#5020=CARTESIAN_POINT('Ctrl Pts',(68.9552552832635,3.56478794722077,4.));
#5021=CARTESIAN_POINT('Ctrl Pts',(68.9552552832635,3.56478794722077,4.8));
#5022=CARTESIAN_POINT('Ctrl Pts',(68.9552552832635,3.56478794722077,5.59999999999999));
#5023=CARTESIAN_POINT('Ctrl Pts',(68.9552552832635,3.56478794722077,6.4));
#5024=CARTESIAN_POINT('Ctrl Pts',(68.641668452514,3.76018602122646,4.));
#5025=CARTESIAN_POINT('Ctrl Pts',(68.641668452514,3.76018602122646,4.8));
#5026=CARTESIAN_POINT('Ctrl Pts',(68.641668452514,3.76018602122646,5.6));
#5027=CARTESIAN_POINT('Ctrl Pts',(68.641668452514,3.76018602122646,6.4));
#5028=CARTESIAN_POINT('Ctrl Pts',(68.490871558288,3.90910896696788,4.));
#5029=CARTESIAN_POINT('Ctrl Pts',(68.490871558288,3.90910896696788,4.8));
#5030=CARTESIAN_POINT('Ctrl Pts',(68.490871558288,3.90910896696788,5.59999999999999));
#5031=CARTESIAN_POINT('Ctrl Pts',(68.490871558288,3.90910896696788,6.4));
#5032=CARTESIAN_POINT('Ctrl Pts',(68.4035704617737,3.99642953822629,4.));
#5033=CARTESIAN_POINT('Ctrl Pts',(68.4035704617737,3.99642953822629,4.8));
#5034=CARTESIAN_POINT('Ctrl Pts',(68.4035704617737,3.99642953822629,5.6));
#5035=CARTESIAN_POINT('Ctrl Pts',(68.4035704617737,3.99642953822629,6.4));
#5036=CARTESIAN_POINT('Ctrl Pts',(68.3999999977062,4.00000000229381,4.));
#5037=CARTESIAN_POINT('Ctrl Pts',(68.3999999977062,4.00000000229381,4.8));
#5038=CARTESIAN_POINT('Ctrl Pts',(68.3999999977062,4.00000000229381,5.6));
#5039=CARTESIAN_POINT('Ctrl Pts',(68.3999999977062,4.00000000229381,6.4));
#5040=CARTESIAN_POINT('Origin',(-73.2,3.55,4.));
#5041=CARTESIAN_POINT('Origin',(-63.7532144212545,4.59999999999915,2.79341666454143));
#5042=CARTESIAN_POINT('Origin',(61.9388550673096,2.59999999999915,3.59341666454143));
#5043=CARTESIAN_POINT('',(59.4572245071475,2.61626847137706,2.16064659260261));
#5044=CARTESIAN_POINT('',(63.8978871590548,1.92576534171982,4.72446437006165));
#5045=CARTESIAN_POINT('Origin',(70.,4.,4.));
#5046=CARTESIAN_POINT('Origin',(55.5736666581657,4.,0.));
#5047=CARTESIAN_POINT('',(55.5736666581657,4.,0.));
#5048=CARTESIAN_POINT('Origin',(55.5736666581657,-4.,0.));
#5049=CARTESIAN_POINT('Origin',(44.7057272657723,4.,0.));
#5050=CARTESIAN_POINT('Origin',(66.8,4.,0.));
#5051=CARTESIAN_POINT('',(66.8,0.89172769021663,0.));
#5052=CARTESIAN_POINT('Origin',(66.8,0.89172769021663,0.));
#5053=CARTESIAN_POINT('Origin',(-26.6777878733788,4.,0.));
#5054=CARTESIAN_POINT('Origin',(53.5457272657723,4.,0.));
#5055=CARTESIAN_POINT('Origin',(24.6498484809849,4.,0.));
#5056=CARTESIAN_POINT('Origin',(-35.5177878733788,4.,0.));
#5057=CARTESIAN_POINT('Origin',(33.4898484809852,4.,0.));
#5058=CARTESIAN_POINT('Origin',(4.59396969619649,4.,0.));
#5059=CARTESIAN_POINT('Origin',(-55.5736666581657,-4.,0.));
#5060=CARTESIAN_POINT('Origin',(-6.62190908859184,4.,0.));
#5061=CARTESIAN_POINT('Origin',(-15.4619090885919,4.,0.));
#5062=CARTESIAN_POINT('Origin',(13.4339696961979,4.,0.));
#5063=CARTESIAN_POINT('Origin',(-46.7336666581657,4.,0.));
#5064=CARTESIAN_POINT('Origin',(-58.0763747332957,-4.,0.));
#5065=CARTESIAN_POINT('',(-66.8,-4.,0.));
#5066=CARTESIAN_POINT('',(-58.0763747332958,-4.,0.));
#5067=CARTESIAN_POINT('Origin',(-66.8,-0.89172769021661,0.));
#5068=CARTESIAN_POINT('',(-66.8,-0.89172769021661,0.));
#5069=CARTESIAN_POINT('Origin',(-66.8,-4.,0.));
#5070=CARTESIAN_POINT('Origin',(73.2,-5.20000000013738,0.));
#5071=UNCERTAINTY_MEASURE_WITH_UNIT(LENGTH_MEASURE(0.01),#5075,
'DISTANCE_ACCURACY_VALUE',
'Maximum model space distance between geometric entities at asserted c
onnectivities');
#5072=UNCERTAINTY_MEASURE_WITH_UNIT(LENGTH_MEASURE(0.01),#5075,
'DISTANCE_ACCURACY_VALUE',
'Maximum model space distance between geometric entities at asserted c
onnectivities');
#5073=(
GEOMETRIC_REPRESENTATION_CONTEXT(3)
GLOBAL_UNCERTAINTY_ASSIGNED_CONTEXT((#5071))
GLOBAL_UNIT_ASSIGNED_CONTEXT((#5075,#5077,#5078))
REPRESENTATION_CONTEXT('','3D')
);
#5074=(
GEOMETRIC_REPRESENTATION_CONTEXT(3)
GLOBAL_UNCERTAINTY_ASSIGNED_CONTEXT((#5072))
GLOBAL_UNIT_ASSIGNED_CONTEXT((#5075,#5077,#5078))
REPRESENTATION_CONTEXT('','3D')
);
#5075=(
LENGTH_UNIT()
NAMED_UNIT(*)
SI_UNIT(.MILLI.,.METRE.)
);
#5076=(
LENGTH_UNIT()
NAMED_UNIT(*)
SI_UNIT($,.METRE.)
);
#5077=(
NAMED_UNIT(*)
PLANE_ANGLE_UNIT()
SI_UNIT($,.RADIAN.)
);
#5078=(
NAMED_UNIT(*)
SI_UNIT($,.STERADIAN.)
SOLID_ANGLE_UNIT()
);
#5079=SHAPE_DEFINITION_REPRESENTATION(#5080,#5081);
#5080=PRODUCT_DEFINITION_SHAPE('',$,#5083);
#5081=SHAPE_REPRESENTATION('',(#2670),#5073);
#5082=PRODUCT_DEFINITION_CONTEXT('part definition',#5087,'design');
#5083=PRODUCT_DEFINITION('Truss Calibrator Single',
'Truss Calibrator Single v20',#5084,#5082);
#5084=PRODUCT_DEFINITION_FORMATION('',$,#5089);
#5085=PRODUCT_RELATED_PRODUCT_CATEGORY('Truss Calibrator Single v20',
'Truss Calibrator Single v20',(#5089));
#5086=APPLICATION_PROTOCOL_DEFINITION('international standard',
'automotive_design',2009,#5087);
#5087=APPLICATION_CONTEXT(
'Core Data for Automotive Mechanical Design Process');
#5088=PRODUCT_CONTEXT('part definition',#5087,'mechanical');
#5089=PRODUCT('Truss Calibrator Single','Truss Calibrator Single v20',$,
(#5088));
#5090=PRESENTATION_STYLE_ASSIGNMENT((#5091));
#5091=SURFACE_STYLE_USAGE(.BOTH.,#5092);
#5092=SURFACE_SIDE_STYLE('',(#5093));
#5093=SURFACE_STYLE_FILL_AREA(#5094);
#5094=FILL_AREA_STYLE('Aluminum - Bead Blasted',(#5095));
#5095=FILL_AREA_STYLE_COLOUR('Aluminum - Bead Blasted',#5096);
#5096=COLOUR_RGB('Aluminum - Bead Blasted',0.96078431372549,0.96078431372549,
0.964705882352941);
ENDSEC;
END-ISO-10303-21;
